customer_id,customer_age,annual_income_k,membership_tier,region,product_category,sales_channel,units_purchased,order_amount,discount_rate,delivery_days,service_type,satisfaction_score,order_timestamp
CUST-10000,47,94.4,Gold,East,Apparel,In-Store,3,740.83,0.0,2.8,Express,4.4,2026-03-22 02:53:44
CUST-10001,39,58.5,Bronze,East,Apparel,Mobile App,1,489.16,0.1,6.6,Standard,3.2,2026-03-11 20:50:12
CUST-10002,50,80.7,Silver,West,Home & Kitchen,Mobile App,1,580.67,0.0,3.0,Express,3.9,2026-03-06 20:00:47
CUST-10003,62,94.0,Bronze,North,Health & Beauty,Mobile App,2,434.47,0.0,5.8,Standard,2.9,2026-02-24 16:50:01
CUST-10004,37,58.2,Silver,East,Electronics,Web,3,1522.92,0.05,6.6,Standard,2.5,2026-02-05 03:03:36
CUST-10005,37,45.1,Bronze,South,Electronics,Web,2,768.78,0.2,3.0,Express,3.4,2026-01-25 01:16:41
CUST-10006,63,99.1,Silver,West,Apparel,Mobile App,2,514.51,0.05,6.3,Standard,3.3,2026-02-07 14:18:41
CUST-10007,51,80.2,Silver,South,Apparel,Mobile App,2,349.77,0.1,3.0,Express,3.2,2026-01-03 20:03:56
CUST-10008,34,69.9,Bronze,South,Apparel,Mobile App,2,330.42,0.1,0.6,Same-Day,3.7,2026-02-21 04:46:10
CUST-10009,48,69.8,Bronze,North,Apparel,Mobile App,2,367.6,0.0,0.9,Same-Day,3.7,2026-03-02 22:38:59
CUST-10010,34,80.7,Platinum,North,Electronics,Mobile App,2,1018.96,0.15,7.5,Standard,3.1,2026-02-09 19:19:19
CUST-10011,34,49.2,Bronze,North,Electronics,Web,6,1167.17,0.05,2.5,Express,3.3,2026-02-24 01:48:56
CUST-10012,44,99.1,Bronze,North,Health & Beauty,Web,3,364.22,0.0,6.0,Standard,3.5,2026-03-07 17:56:55
CUST-10013,18,22.0,Bronze,North,Electronics,Web,3,581.37,0.05,0.9,Same-Day,3.8,2026-03-01 23:53:08
CUST-10014,18,51.3,Platinum,North,Electronics,Mobile App,3,726.96,0.0,2.8,Express,4.0,2026-01-16 02:40:44
CUST-10015,33,68.4,Platinum,South,Apparel,Web,35,8450.0,0.0,6.5,Standard,3.8,2026-03-28 04:38:44
CUST-10016,26,41.7,Silver,North,Health & Beauty,Mobile App,3,252.89,0.0,5.1,Standard,3.5,2026-02-16 02:03:28
CUST-10017,45,80.9,Gold,North,Books & Media,Web,1,72.31,0.0,7.0,Standard,2.8,2026-02-24 20:16:33
CUST-10018,28,75.0,Bronze,South,Books & Media,Mobile App,12,149.85,0.1,3.0,Express,4.0,2026-01-05 03:14:57
CUST-10019,21,22.0,Platinum,East,Electronics,Web,1,785.23,0.05,7.4,Standard,3.3,2026-01-25 04:54:04
CUST-10020,61,99.6,Bronze,East,Books & Media,Mobile App,2,283.01,0.1,2.7,Express,3.6,2026-03-24 22:40:30
CUST-10021,37,28.3,Bronze,West,Apparel,Mobile App,1,292.65,0.0,2.7,Express,3.6,2026-03-27 08:27:25
CUST-10022,41,55.6,Bronze,West,Apparel,Web,1,342.15,0.1,1.3,Same-Day,3.8,2026-02-10 04:15:56
CUST-10023,21,72.5,Silver,South,Home & Kitchen,In-Store,4,401.9,0.0,1.1,Same-Day,4.0,2026-01-27 16:05:36
CUST-10024,33,52.6,Gold,West,Books & Media,Web,2,102.17,0.05,6.8,Standard,3.7,2026-03-20 16:27:43
CUST-10025,42,53.6,Bronze,North,Books & Media,Mobile App,4,201.56,0.0,2.8,Express,3.7,2026-02-21 19:31:19
CUST-10026,24,48.4,Platinum,West,Health & Beauty,In-Store,1,227.49,0.05,2.6,Express,4.4,2026-02-06 20:16:07
CUST-10027,46,106.6,Bronze,East,Health & Beauty,Mobile App,1,545.12,0.0,0.5,Same-Day,4.3,2026-01-02 03:24:05
CUST-10028,32,32.7,Bronze,North,Apparel,In-Store,1,256.41,0.15,5.1,Standard,3.4,2026-03-17 20:38:17
CUST-10029,36,48.8,Silver,South,Apparel,Web,3,319.17,0.15,6.2,Standard,2.8,2026-01-09 13:16:07
CUST-10030,32,82.7,Silver,East,Electronics,Mobile App,4,1729.24,0.1,6.3,Standard,3.1,2026-03-25 01:45:59
CUST-10031,66,125.5,Gold,North,Health & Beauty,Mobile App,2,486.03,0.0,7.2,Standard,3.1,2026-01-19 02:14:52
CUST-10032,40,67.4,Silver,North,Electronics,Web,2,1023.1,0.0,6.1,Standard,2.8,2026-02-09 03:51:54
CUST-10033,26,35.0,Silver,East,Health & Beauty,Mobile App,9,553.75,0.2,,Standard,3.4,2026-03-16 21:52:51
CUST-10034,52,113.6,Bronze,East,Apparel,Web,1,735.45,0.05,2.7,Express,3.9,2026-03-16 14:49:24
CUST-10035,23,74.2,Silver,South,Apparel,Mobile App,2,308.98,0.2,5.6,Standard,3.5,2026-01-31 00:50:01
CUST-10036,43,82.5,Platinum,West,Electronics,In-Store,2,1153.66,0.05,2.3,Express,4.9,2026-01-20 15:17:27
CUST-10037,18,32.6,Bronze,East,Apparel,Web,1,269.74,0.2,5.3,Standard,2.9,2026-01-15 09:45:41
CUST-10038,22,48.5,Gold,East,Health & Beauty,Web,1,309.6,0.2,2.5,Express,4.6,2026-03-06 03:19:24
CUST-10039,43,69.9,Silver,North,Electronics,Mobile App,1,1036.39,0.1,0.5,Same-Day,4.0,2026-01-25 21:22:19
CUST-10040,51,86.1,Bronze,North,Apparel,Mobile App,5,532.69,0.0,2.4,Express,4.1,2026-02-18 23:04:05
CUST-10041,43,94.1,Platinum,North,Electronics,Mobile App,3,1234.89,0.05,0.9,Same-Day,4.9,2026-03-09 02:38:36
CUST-10042,39,81.1,Silver,East,Apparel,Mobile App,4,678.39,0.2,5.6,Standard,3.3,2026-01-26 21:11:15
CUST-10043,36,48.4,Bronze,South,Electronics,Web,2,783.05,0.15,2.3,Express,3.9,2026-02-14 13:16:34
CUST-10044,20,67.6,Bronze,West,Apparel,Mobile App,3,281.21,0.0,7.6,Standard,3.1,2026-01-06 18:29:54
CUST-10045,30,62.7,Bronze,West,Health & Beauty,In-Store,3,257.38,0.05,6.7,Standard,2.4,2026-02-01 17:18:35
CUST-10046,34,72.7,Gold,West,Apparel,Mobile App,6,455.83,0.15,5.2,Standard,3.2,2026-03-17 06:31:00
CUST-10047,55,107.5,Silver,West,Apparel,Mobile App,1,447.87,0.05,2.3,Express,4.0,2026-03-19 02:15:13
CUST-10048,45,57.8,Gold,South,Home & Kitchen,Web,1,437.88,0.15,6.7,Standard,3.6,2026-01-17 22:01:13
CUST-10049,18,44.3,Bronze,South,Electronics,Web,3,633.24,0.15,2.7,Express,3.4,2026-02-15 14:11:23
CUST-10050,45,66.5,Bronze,West,Apparel,Web,8,509.61,0.2,5.2,Standard,3.4,2026-02-22 15:48:18
CUST-10051,35,40.0,Bronze,South,Home & Kitchen,Mobile App,10,616.63,0.0,2.4,Express,3.3,2026-01-05 03:52:37
CUST-10052,31,64.3,Silver,South,Apparel,In-Store,3,287.51,0.0,3.1,Express,4.8,2026-03-20 05:02:43
CUST-10053,49,116.6,Platinum,South,Home & Kitchen,Mobile App,1,567.35,0.0,6.5,Standard,4.4,2026-01-28 11:07:17
CUST-10054,55,57.9,Silver,East,Apparel,Web,1,667.39,0.2,6.2,Standard,3.3,2026-03-13 05:36:08
CUST-10055,54,83.9,Bronze,North,Books & Media,Web,7,165.12,0.05,2.5,Express,3.8,2026-01-16 20:52:51
CUST-10056,29,66.5,Gold,East,Health & Beauty,Web,2,400.42,0.0,5.4,Standard,3.5,2026-03-19 17:54:54
CUST-10057,36,66.4,Gold,South,Electronics,Mobile App,1,790.82,0.0,6.1,Standard,3.1,2026-02-08 15:23:56
CUST-10058,45,72.8,Bronze,East,Apparel,Mobile App,7,786.63,0.05,3.1,Express,3.6,2026-01-31 03:48:12
CUST-10059,54,64.9,Gold,North,Apparel,Web,1,389.36,0.15,5.1,Standard,3.5,2026-03-20 22:52:58
CUST-10060,34,65.9,Bronze,West,Electronics,Mobile App,4,1101.47,0.1,7.7,Standard,2.5,2026-02-27 03:24:50
CUST-10061,38,55.4,Bronze,West,Books & Media,Web,3,123.91,0.1,5.6,Standard,2.7,2026-02-25 17:58:44
CUST-10062,25,22.0,Bronze,North,Books & Media,Web,1,62.76,0.0,6.1,Standard,3.2,2026-02-09 02:59:50
CUST-10063,24,69.3,Silver,South,Apparel,Web,1,238.37,0.2,5.1,Standard,3.2,2026-02-11 15:24:18
CUST-10064,52,96.6,Bronze,North,Home & Kitchen,Web,1,631.76,0.0,6.6,Standard,3.2,2026-01-18 14:13:52
CUST-10065,59,90.7,Bronze,South,Electronics,Web,3,1255.53,0.1,6.3,Standard,3.2,2026-03-16 16:54:09
CUST-10066,39,71.3,Bronze,East,Home & Kitchen,Web,2,780.94,0.0,6.8,Standard,3.1,2026-01-23 03:45:37
CUST-10067,55,101.6,Gold,West,Books & Media,Mobile App,1,189.48,0.0,0.8,Same-Day,5.0,2026-01-05 01:35:02
CUST-10068,46,79.0,Platinum,West,Home & Kitchen,Mobile App,9,786.51,0.0,2.6,Express,4.9,2026-01-03 16:14:57
CUST-10069,31,72.7,Gold,East,Apparel,Mobile App,1,442.81,0.05,2.9,Express,3.7,2026-03-02 20:31:47
CUST-10070,46,71.1,Bronze,North,Home & Kitchen,In-Store,1,528.12,0.1,5.1,Standard,3.4,2026-01-25 03:01:40
CUST-10071,62,112.9,Bronze,North,Apparel,Web,1,512.61,0.0,6.5,Standard,3.0,2026-03-19 18:20:16
CUST-10072,40,73.8,Bronze,North,Home & Kitchen,In-Store,1,500.08,0.0,2.3,Express,3.3,2026-02-22 05:03:22
CUST-10073,62,96.1,Bronze,North,Apparel,Web,12,742.22,0.15,2.6,Express,3.2,2026-03-09 05:28:26
CUST-10074,18,25.7,Silver,North,Apparel,Web,1,161.45,0.0,7.1,Standard,3.1,2026-02-01 00:48:08
CUST-10075,52,86.5,Silver,East,Home & Kitchen,Web,2,984.38,0.0,5.4,Standard,3.5,2026-02-23 01:28:04
CUST-10076,42,58.7,Silver,East,Health & Beauty,Web,5,553.03,0.05,7.5,Standard,2.5,2026-03-03 01:22:18
CUST-10077,36,55.0,Silver,North,Electronics,In-Store,3,1029.88,0.15,3.1,Express,4.0,2026-02-27 18:02:28
CUST-10078,42,59.0,Bronze,East,Health & Beauty,Web,2,443.26,0.0,6.1,Standard,3.2,2026-02-04 20:53:14
CUST-10079,18,28.8,Bronze,East,Apparel,Web,6,496.82,0.25,2.2,Express,4.2,2026-01-31 16:59:41
CUST-10080,37,97.6,Silver,West,Home & Kitchen,Web,4,625.12,0.05,3.0,Express,4.0,2026-02-27 05:20:35
CUST-10081,45,94.5,Bronze,North,Books & Media,Web,1,165.88,0.05,1.3,Same-Day,3.9,2026-03-18 02:15:55
CUST-10082,61,120.9,Bronze,West,Apparel,Web,3,633.84,0.0,2.4,Express,4.3,2026-01-10 13:43:11
CUST-10083,33,43.0,Bronze,North,Books & Media,Web,6,141.77,0.1,7.5,Standard,2.5,2026-03-26 00:19:13
CUST-10084,29,58.0,Bronze,North,Electronics,Web,2,807.9,0.0,3.1,Express,4.5,2026-01-18 20:34:14
CUST-10085,33,41.9,Bronze,West,Electronics,In-Store,4,969.53,0.1,2.7,Express,3.4,2026-02-26 03:56:50
CUST-10086,53,72.9,Gold,North,Home & Kitchen,Web,9,847.04,0.0,3.0,Express,4.1,2026-02-05 20:04:30
CUST-10087,45,60.7,Gold,North,Health & Beauty,Web,3,322.78,0.05,2.6,Express,4.0,2026-02-21 01:47:04
CUST-10088,33,79.9,Bronze,North,Health & Beauty,Mobile App,1,313.98,0.15,0.8,Same-Day,3.9,2026-03-02 16:25:43
CUST-10089,48,71.9,Bronze,North,Home & Kitchen,In-Store,1,524.46,0.1,5.9,Standard,4.2,2026-01-20 00:06:02
CUST-10090,42,87.2,Silver,East,Home & Kitchen,Web,3,935.75,0.0,5.4,Standard,3.1,2026-03-22 18:51:46
CUST-10091,54,93.5,Bronze,North,Apparel,Web,1,438.11,0.1,2.9,Express,4.0,2026-01-11 16:15:29
CUST-10092,31,93.7,Bronze,West,Health & Beauty,In-Store,8,399.31,0.1,5.0,Standard,3.2,2026-01-06 01:16:46
CUST-10093,36,42.4,Bronze,South,Apparel,Web,2,294.77,0.0,6.6,Standard,3.3,2026-02-15 01:01:11
CUST-10094,35,82.4,Bronze,South,Books & Media,Mobile App,2,121.48,0.05,7.3,Standard,2.7,2026-02-15 07:11:14
CUST-10095,20,64.2,Gold,North,Home & Kitchen,Web,3,396.59,0.0,2.4,Express,4.4,2026-02-18 02:57:37
CUST-10096,45,59.9,Gold,East,Home & Kitchen,In-Store,2,806.97,0.05,5.9,Standard,3.9,2026-01-14 23:12:27
CUST-10097,44,88.5,Bronze,East,Apparel,In-Store,2,653.22,0.1,2.8,Express,3.4,2026-01-29 05:04:48
CUST-10098,41,75.1,Bronze,West,Health & Beauty,Mobile App,1,334.57,0.0,5.7,Standard,4.1,2026-01-10 03:15:22
CUST-10099,37,62.3,Bronze,West,Home & Kitchen,Web,3,499.46,0.0,7.3,Standard,3.1,2026-03-01 00:27:46
CUST-10100,21,35.7,Bronze,West,Health & Beauty,Web,5,285.99,0.0,6.0,Standard,3.0,2026-02-07 23:07:14
CUST-10101,35,52.7,Platinum,West,Electronics,Web,3,1004.53,0.2,6.6,Standard,3.7,2026-01-26 05:55:10
CUST-10102,36,95.3,Silver,East,Home & Kitchen,In-Store,2,870.86,0.1,2.4,Express,3.8,2026-03-14 01:27:29
CUST-10103,29,56.9,Silver,South,Home & Kitchen,In-Store,1,346.7,0.0,2.2,Express,3.4,2026-02-18 02:45:53
CUST-10104,38,78.5,Gold,East,Books & Media,Web,4,256.1,0.05,2.4,Express,4.9,2026-01-19 14:07:11
CUST-10105,46,63.7,Gold,South,Health & Beauty,Mobile App,7,339.28,0.0,5.1,Standard,3.9,2026-01-03 02:28:53
CUST-10106,67,87.0,Gold,South,Electronics,Web,2,1318.54,0.1,6.3,Standard,3.5,2026-01-06 18:56:18
CUST-10107,43,88.5,Bronze,West,Electronics,Mobile App,4,1327.73,0.05,6.6,Standard,3.4,2026-01-30 15:17:31
CUST-10108,44,53.2,Bronze,North,Apparel,Mobile App,2,379.0,0.2,5.1,Standard,3.0,2026-03-03 04:51:00
CUST-10109,39,61.7,Silver,West,Electronics,Web,2,999.67,0.0,5.2,Standard,2.9,2026-01-03 02:43:15
CUST-10110,18,45.3,Bronze,North,Health & Beauty,Web,5,174.67,0.05,2.7,Express,3.7,2026-02-20 21:42:10
CUST-10111,40,70.7,Platinum,West,Apparel,Web,1,342.16,0.1,7.2,Standard,3.8,2026-03-24 21:15:30
CUST-10112,41,67.4,Silver,West,Apparel,Mobile App,2,347.95,0.15,6.7,Standard,3.2,2026-01-13 17:25:32
CUST-10113,75,113.4,Platinum,North,Electronics,In-Store,1,1689.82,0.05,1.0,Same-Day,4.4,2026-02-18 09:21:54
CUST-10114,38,77.2,Bronze,West,Home & Kitchen,In-Store,1,488.58,0.1,7.4,Standard,2.7,2026-01-08 20:14:35
CUST-10115,45,85.5,Gold,North,Apparel,Mobile App,3,433.54,0.0,1.0,Same-Day,3.4,2026-01-09 16:12:29
CUST-10116,40,54.2,Bronze,West,Electronics,Mobile App,1,985.31,0.05,0.7,Same-Day,3.7,2026-01-23 21:21:37
CUST-10117,24,47.1,Platinum,West,Apparel,Web,3,308.4,0.15,6.7,Standard,4.1,2026-03-14 03:59:03
CUST-10118,56,104.5,Bronze,East,Apparel,In-Store,1,766.56,0.2,6.3,Standard,3.4,2026-03-14 15:59:55
CUST-10119,51,94.5,Silver,East,Health & Beauty,Mobile App,3,655.7,0.1,3.1,Express,3.2,2026-01-16 15:20:59
CUST-10120,52,61.6,Gold,East,Electronics,Mobile App,1,1730.12,0.05,6.4,Standard,3.4,2026-01-17 04:49:24
CUST-10121,28,61.1,Bronze,East,Home & Kitchen,Mobile App,4,721.8,0.15,7.6,Standard,2.8,2026-01-13 02:23:33
CUST-10122,60,61.3,Silver,East,Health & Beauty,In-Store,3,574.8,0.0,2.4,Express,4.1,2026-03-30 13:00:16
CUST-10123,21,48.8,Platinum,South,Books & Media,Web,9,151.45,0.0,5.9,Standard,4.6,2026-01-11 14:28:32
CUST-10124,49,107.4,Bronze,East,Health & Beauty,Web,6,647.59,0.1,7.1,Standard,3.0,2026-03-24 02:00:29
CUST-10125,71,88.9,Silver,North,Health & Beauty,Mobile App,1,431.3,0.0,3.0,Express,3.6,2026-01-13 20:59:12
CUST-10126,27,42.2,Bronze,East,Apparel,In-Store,1,314.63,0.2,2.9,Express,3.2,2026-02-05 02:00:11
CUST-10127,33,72.8,Gold,South,Home & Kitchen,Mobile App,3,455.6,0.05,7.3,Standard,3.4,2026-03-23 21:08:59
CUST-10128,42,48.1,Silver,West,Electronics,Web,3,1078.49,0.05,6.9,Standard,3.7,2026-02-13 06:20:31
CUST-10129,33,51.8,Bronze,West,Apparel,Web,1,295.29,0.1,6.7,Standard,3.4,2026-01-31 02:13:22
CUST-10130,19,54.8,Bronze,West,Books & Media,Mobile App,1,100.45,0.1,6.2,Standard,3.1,2026-03-01 13:27:28
CUST-10131,41,60.6,Silver,West,Apparel,Mobile App,3,440.22,0.05,2.7,Express,3.8,2026-03-08 19:17:33
CUST-10132,26,50.1,Bronze,North,Home & Kitchen,Mobile App,6,513.5,0.0,2.6,Express,3.5,2026-01-30 00:58:18
CUST-10133,47,87.9,Bronze,East,Books & Media,Web,6,354.94,0.1,2.8,Express,3.6,2026-01-25 16:32:11
CUST-10134,28,62.1,Silver,South,Apparel,In-Store,1,249.74,0.0,6.1,Standard,3.2,2026-03-07 08:51:03
CUST-10135,62,97.2,Bronze,West,Health & Beauty,Mobile App,2,448.69,0.0,5.4,Standard,3.3,2026-01-05 14:42:24
CUST-10136,30,52.9,Bronze,West,Apparel,Mobile App,1,259.07,0.1,5.3,Standard,3.6,2026-01-05 23:01:25
CUST-10137,36,70.2,Silver,North,Electronics,Web,2,1035.88,0.0,7.5,Standard,3.2,2026-03-27 01:50:17
CUST-10138,52,80.3,Bronze,West,Health & Beauty,Web,4,427.52,0.25,5.1,Standard,3.5,2026-02-18 15:33:29
CUST-10139,23,57.2,Bronze,South,Apparel,In-Store,4,315.22,0.1,5.3,Standard,2.9,2026-01-27 02:23:57
CUST-10140,44,65.9,Bronze,West,Books & Media,Web,2,138.09,0.25,6.2,Standard,2.7,2026-03-13 01:18:33
CUST-10141,59,87.2,Silver,North,Home & Kitchen,Mobile App,1,635.85,0.0,2.5,Express,3.4,2026-01-31 05:01:32
CUST-10142,18,30.0,Silver,East,Apparel,Mobile App,35,8450.0,0.25,2.6,Express,3.8,2026-01-29 04:05:30
CUST-10143,43,71.8,Silver,South,Books & Media,Mobile App,7,115.98,0.0,2.3,Express,3.1,2026-01-15 05:54:55
CUST-10144,44,61.2,Bronze,North,Home & Kitchen,Web,1,495.04,0.0,5.4,Standard,3.2,2026-01-19 06:14:30
CUST-10145,51,64.4,Bronze,East,Apparel,Web,1,613.99,0.0,1.3,Same-Day,4.5,2026-02-26 21:56:12
CUST-10146,23,54.2,Bronze,East,Electronics,In-Store,4,1386.88,0.05,1.3,Same-Day,4.2,2026-03-22 22:10:23
CUST-10147,22,52.4,Bronze,West,Health & Beauty,Mobile App,4,251.16,0.0,5.3,Standard,3.1,2026-01-25 18:57:04
CUST-10148,48,89.5,Platinum,South,Electronics,Web,6,1341.07,0.05,2.9,Express,4.3,2026-03-11 23:15:50
CUST-10149,45,68.0,Bronze,East,Health & Beauty,Web,2,483.61,0.0,2.8,Express,4.0,2026-01-05 16:51:00
CUST-10150,44,79.5,Bronze,West,Apparel,In-Store,2,377.5,0.0,6.9,Standard,3.1,2026-02-23 02:20:33
CUST-10151,45,82.8,Bronze,East,Home & Kitchen,Web,2,898.46,0.1,6.3,Standard,3.0,2026-03-26 10:26:45
CUST-10152,31,65.8,Silver,West,Health & Beauty,Mobile App,7,356.89,0.0,5.7,Standard,3.0,2026-02-08 17:21:08
CUST-10153,44,61.0,Silver,North,Electronics,Mobile App,4,1183.42,0.1,6.8,Standard,3.0,2026-02-26 17:02:07
CUST-10154,45,76.7,Silver,South,Home & Kitchen,In-Store,5,566.68,0.05,6.0,Standard,3.0,2026-03-26 05:02:57
CUST-10155,30,63.5,Gold,West,Books & Media,Mobile App,1,89.55,0.2,0.6,Same-Day,4.9,2026-01-11 16:50:42
CUST-10156,67,98.8,Silver,South,Books & Media,Mobile App,4,188.76,0.05,2.6,Express,4.2,2026-03-11 04:20:35
CUST-10157,47,45.4,Bronze,North,Home & Kitchen,Web,2,514.26,0.25,7.1,Standard,2.4,2026-01-25 15:42:28
CUST-10158,24,53.8,Bronze,East,Home & Kitchen,In-Store,1,494.02,0.05,2.7,Express,3.3,2026-01-31 01:05:34
CUST-10159,50,113.2,Silver,West,Books & Media,Mobile App,1,171.31,0.25,2.5,Express,4.2,2026-01-02 19:24:04
CUST-10160,27,49.3,Silver,North,Books & Media,In-Store,3,118.94,0.0,7.2,Standard,3.0,2026-03-25 19:40:55
CUST-10161,52,71.3,Silver,South,Books & Media,Mobile App,2,138.66,0.1,7.4,Standard,2.5,2026-02-06 07:59:45
CUST-10162,57,93.3,Silver,South,Apparel,Mobile App,5,488.71,0.15,0.7,Same-Day,4.4,2026-02-06 17:36:09
CUST-10163,29,61.6,Silver,East,Health & Beauty,Web,4,445.58,0.0,2.6,Express,3.9,2026-01-02 17:29:37
CUST-10164,54,102.3,Gold,East,Apparel,Mobile App,1,714.58,0.05,6.7,Standard,4.3,2026-02-17 00:55:09
CUST-10165,46,56.7,Silver,East,Electronics,Web,3,1720.55,0.15,5.2,Standard,3.2,2026-03-01 02:38:10
CUST-10166,52,93.2,Gold,South,Apparel,Web,1,421.2,0.05,6.9,Standard,3.8,2026-01-05 07:19:51
CUST-10167,67,107.6,Bronze,South,Electronics,Web,2,1420.22,0.0,7.1,Standard,2.4,2026-03-09 02:00:07
CUST-10168,37,63.6,Silver,North,Electronics,Web,3,1046.46,0.1,6.1,Standard,3.6,2026-02-16 00:34:03
CUST-10169,30,63.1,Gold,West,Apparel,Web,5,346.37,0.0,2.4,Express,4.6,2026-02-05 21:42:52
CUST-10170,28,71.2,Bronze,West,Electronics,Web,2,864.5,0.15,5.1,Standard,3.8,2026-03-07 01:25:17
CUST-10171,29,70.0,Gold,West,Home & Kitchen,In-Store,4,563.98,0.0,6.7,Standard,3.9,2026-02-26 01:20:57
CUST-10172,39,50.8,Silver,East,Electronics,Web,4,1622.13,0.0,5.7,Standard,3.1,2026-03-17 17:09:19
CUST-10173,45,86.8,Bronze,West,Electronics,Mobile App,2,1189.88,0.0,6.3,Standard,2.7,2026-02-05 02:44:57
CUST-10174,44,72.4,Silver,East,Electronics,Web,2,1703.69,0.1,1.1,Same-Day,3.8,2026-03-23 17:28:45
CUST-10175,52,83.3,Bronze,East,Electronics,Mobile App,3,2060.89,0.25,5.5,Standard,2.6,2026-01-23 22:02:57
CUST-10176,41,71.2,Platinum,South,Apparel,Mobile App,1,278.49,0.0,2.7,Express,4.3,2026-03-19 18:42:02
CUST-10177,61,89.8,Gold,North,Home & Kitchen,In-Store,6,859.61,0.0,6.2,Standard,3.7,2026-02-13 19:51:43
CUST-10178,37,83.6,Bronze,West,Health & Beauty,In-Store,4,300.89,0.05,6.7,Standard,3.0,2026-01-02 01:40:14
CUST-10179,75,106.2,Bronze,West,Health & Beauty,Mobile App,1,473.08,0.15,2.5,Express,3.7,2026-03-29 14:56:59
CUST-10180,49,62.1,Silver,West,Health & Beauty,Mobile App,10,466.05,0.05,5.6,Standard,2.9,2026-03-07 09:42:55
CUST-10181,28,49.9,Bronze,North,Electronics,Web,1,704.81,0.0,3.0,Express,3.0,2026-01-12 16:40:07
CUST-10182,26,56.3,Bronze,South,Apparel,Mobile App,6,354.08,0.05,6.9,Standard,3.0,2026-01-13 16:12:45
CUST-10183,47,95.1,Silver,North,Electronics,Web,1,1187.05,0.0,3.0,Express,3.8,2026-01-27 17:08:54
CUST-10184,37,74.7,Bronze,North,Books & Media,Web,4,157.25,0.05,2.3,Express,3.4,2026-01-21 03:45:05
CUST-10185,50,67.2,Bronze,East,Electronics,Web,2,1816.36,0.0,2.4,Express,3.6,2026-01-06 21:15:56
CUST-10186,47,114.0,Gold,West,Home & Kitchen,Mobile App,4,768.71,0.15,2.8,Express,4.7,2026-01-08 22:59:45
CUST-10187,39,71.9,Gold,West,Apparel,Mobile App,1,319.44,0.2,3.1,Express,4.5,2026-01-22 01:48:35
CUST-10188,29,76.0,Gold,West,Apparel,Mobile App,1,326.78,0.1,0.9,Same-Day,4.0,2026-01-22 02:56:19
CUST-10189,19,43.6,Gold,North,Health & Beauty,Mobile App,1,162.97,0.05,7.2,Standard,3.4,2026-02-14 08:46:31
CUST-10190,34,70.4,Bronze,West,Books & Media,Web,5,136.64,0.05,2.2,Express,4.3,2026-03-12 04:27:05
CUST-10191,52,94.8,Bronze,East,Books & Media,Mobile App,1,211.52,0.0,7.2,Standard,2.8,2026-02-14 07:27:15
CUST-10192,43,90.6,Bronze,West,Home & Kitchen,In-Store,3,640.26,0.1,7.4,Standard,2.8,2026-02-28 15:10:48
CUST-10193,23,66.2,Gold,South,Health & Beauty,In-Store,4,209.19,0.05,5.2,Standard,4.1,2026-01-31 01:43:01
CUST-10194,43,85.4,Platinum,East,Home & Kitchen,Mobile App,6,1099.71,0.2,2.6,Express,5.0,2026-01-10 08:29:17
CUST-10195,46,70.9,Silver,North,Health & Beauty,Mobile App,1,355.84,0.0,6.4,Standard,3.4,2026-03-16 13:10:44
CUST-10196,28,47.2,Gold,West,Apparel,Mobile App,6,399.9,0.1,2.4,Express,4.2,2026-01-01 18:28:25
CUST-10197,43,77.3,Silver,East,Home & Kitchen,Web,1,840.34,0.1,6.4,Standard,3.3,2026-01-11 04:49:19
CUST-10198,41,84.1,Bronze,West,Home & Kitchen,Web,4,612.51,0.0,7.4,Standard,3.4,2026-01-26 01:55:15
CUST-10199,24,48.1,Bronze,North,Apparel,Web,4,327.02,0.1,1.3,Same-Day,3.9,2026-03-21 21:56:20
CUST-10200,46,91.6,Bronze,West,Health & Beauty,Web,1,303.87,0.2,7.5,Standard,2.7,2026-03-24 21:11:44
CUST-10201,48,99.6,Bronze,South,Health & Beauty,Mobile App,1,302.51,0.2,6.3,Standard,3.5,2026-03-15 22:07:13
CUST-10202,56,72.9,Silver,West,Apparel,In-Store,2,507.08,0.1,6.1,Standard,3.8,2026-01-14 19:56:17
CUST-10203,55,72.9,Bronze,East,Apparel,Mobile App,2,681.5,0.0,2.9,Express,4.4,2026-01-04 04:52:07
CUST-10204,21,46.0,Silver,South,Apparel,Mobile App,6,324.52,0.15,6.1,Standard,3.0,2026-03-10 00:09:04
CUST-10205,27,59.3,Silver,West,Books & Media,Mobile App,2,127.71,0.1,5.1,Standard,3.2,2026-02-09 22:59:23
CUST-10206,48,69.9,Bronze,North,Home & Kitchen,Web,7,779.3,0.0,2.9,Express,3.3,2026-02-02 22:54:40
CUST-10207,48,98.1,Silver,South,Electronics,Web,2,1101.15,0.0,5.8,Standard,3.2,2026-03-26 05:58:46
CUST-10208,48,84.2,Silver,West,Home & Kitchen,Mobile App,8,829.19,0.0,2.2,Express,3.4,2026-03-21 02:34:28
CUST-10209,75,108.1,Bronze,North,Electronics,Mobile App,4,1852.91,0.0,5.1,Standard,3.1,2026-01-07 16:51:58
CUST-10210,48,56.3,Gold,East,Books & Media,In-Store,5,276.75,0.1,7.5,Standard,3.6,2026-01-03 21:35:08
CUST-10211,56,66.9,Silver,West,Apparel,Web,1,389.17,0.0,2.5,Express,3.9,2026-02-06 18:12:51
CUST-10212,54,88.6,Silver,East,Apparel,In-Store,3,770.26,0.0,2.6,Express,3.1,2026-01-27 07:57:41
CUST-10213,50,48.0,Gold,South,Books & Media,Web,1,119.93,0.05,3.2,Express,4.7,2026-01-25 21:51:17
CUST-10214,36,79.8,Gold,East,Electronics,Mobile App,1,1422.4,0.05,2.7,Express,3.8,2026-02-09 14:26:45
CUST-10215,51,78.7,Gold,North,Electronics,Mobile App,3,1294.56,0.0,5.2,Standard,3.4,2026-02-12 21:39:58
CUST-10216,30,106.6,Bronze,South,Apparel,Web,4,329.92,0.0,6.5,Standard,2.6,2026-02-13 19:01:17
CUST-10217,37,100.3,Bronze,West,Apparel,Web,1,363.69,0.0,5.2,Standard,3.0,2026-03-26 01:27:47
CUST-10218,34,59.7,Bronze,North,Apparel,Web,2,343.08,0.1,2.3,Express,3.5,2026-03-12 17:33:27
CUST-10219,42,69.6,Bronze,West,Health & Beauty,Web,2,313.52,0.0,3.1,Express,3.3,2026-01-29 11:20:36
CUST-10220,73,120.2,Gold,West,Books & Media,Mobile App,1,213.85,0.05,0.6,Same-Day,3.7,2026-03-31 15:05:09
CUST-10221,18,70.3,Silver,West,Health & Beauty,Web,2,183.65,0.0,6.8,Standard,3.0,2026-02-26 18:51:19
CUST-10222,50,55.4,Bronze,North,Health & Beauty,Mobile App,3,372.09,0.0,6.4,Standard,3.1,2026-01-09 20:59:37
CUST-10223,18,22.0,Bronze,South,Apparel,Web,1,145.26,0.05,2.4,Express,4.6,2026-01-23 03:38:40
CUST-10224,34,53.1,Bronze,South,Apparel,Mobile App,4,324.2,0.0,2.7,Express,3.9,2026-03-17 18:25:22
CUST-10225,56,95.3,Silver,South,Apparel,Mobile App,2,461.0,0.0,2.3,Express,3.6,2026-03-11 11:35:47
CUST-10226,41,77.6,Silver,South,Books & Media,Mobile App,5,118.31,0.0,2.5,Express,3.3,2026-01-07 03:39:59
CUST-10227,25,68.5,Gold,West,Home & Kitchen,Mobile App,1,386.16,0.0,6.4,Standard,3.5,2026-01-28 04:17:42
CUST-10228,30,40.0,Platinum,North,Apparel,Web,5,361.59,0.1,,Standard,4.2,2026-03-24 22:41:19
CUST-10229,50,45.3,Bronze,South,Apparel,Mobile App,1,309.28,0.0,6.8,Standard,2.8,2026-02-21 18:51:22
CUST-10230,30,70.9,Bronze,West,Apparel,Web,2,341.66,0.15,5.1,Standard,3.3,2026-03-12 03:42:49
CUST-10231,44,61.0,Bronze,South,Home & Kitchen,Web,1,454.59,0.15,6.3,Standard,3.7,2026-02-18 08:38:04
CUST-10232,41,39.8,Bronze,West,Health & Beauty,Web,5,323.79,0.1,6.9,Standard,2.8,2026-03-23 05:04:59
CUST-10233,31,61.3,Gold,North,Apparel,Mobile App,3,336.85,0.0,6.2,Standard,2.9,2026-01-24 04:25:26
CUST-10234,71,115.0,Silver,North,Health & Beauty,Mobile App,1,477.65,0.15,3.1,Express,3.9,2026-03-23 00:10:08
CUST-10235,49,77.1,Silver,South,Apparel,Mobile App,1,380.03,0.0,0.8,Same-Day,4.2,2026-01-21 18:49:42
CUST-10236,18,37.9,Silver,East,Books & Media,Web,1,102.36,0.0,3.2,Express,3.0,2026-03-15 11:15:40
CUST-10237,43,69.9,Bronze,North,Health & Beauty,Web,1,321.96,0.0,5.8,Standard,3.3,2026-01-09 07:18:35
CUST-10238,31,53.5,Bronze,West,Health & Beauty,In-Store,3,279.22,0.2,7.5,Standard,2.5,2026-02-24 03:51:39
CUST-10239,52,62.0,Silver,East,Electronics,Mobile App,3,1872.19,0.0,6.6,Standard,3.2,2026-01-14 19:04:36
CUST-10240,29,46.2,Silver,North,Electronics,Web,7,1093.56,0.2,1.3,Same-Day,4.6,2026-01-31 10:06:02
CUST-10241,39,75.7,Bronze,North,Apparel,Mobile App,8,552.91,0.0,7.4,Standard,2.8,2026-02-21 01:02:53
CUST-10242,48,82.6,Silver,North,Apparel,Web,3,454.33,0.2,6.5,Standard,3.4,2026-03-04 07:24:35
CUST-10243,53,85.8,Gold,West,Home & Kitchen,Web,1,624.72,0.2,3.1,Express,3.7,2026-01-19 02:09:47
CUST-10244,24,36.5,Bronze,West,Health & Beauty,Web,2,222.52,0.2,6.5,Standard,2.5,2026-02-16 14:50:44
CUST-10245,36,61.9,Silver,North,Electronics,Web,2,960.38,0.05,1.2,Same-Day,4.7,2026-03-23 21:04:34
CUST-10246,34,29.7,Bronze,West,Apparel,Web,2,285.28,0.15,6.2,Standard,3.2,2026-02-21 15:31:35
CUST-10247,31,61.8,Silver,East,Electronics,In-Store,3,1429.15,0.2,5.4,Standard,3.5,2026-03-31 05:31:28
CUST-10248,65,117.9,Gold,South,Health & Beauty,Mobile App,8,517.43,0.0,6.5,Standard,3.9,2026-02-06 19:04:32
CUST-10249,46,53.5,Platinum,West,Health & Beauty,Mobile App,6,397.42,0.05,1.0,Same-Day,4.7,2026-03-31 02:54:25
CUST-10250,23,41.5,Bronze,North,Apparel,Mobile App,1,206.4,0.1,3.0,Express,3.9,2026-01-30 14:53:07
CUST-10251,53,88.2,Bronze,West,Electronics,In-Store,1,1228.27,0.0,2.9,Express,3.9,2026-01-30 16:42:08
CUST-10252,70,120.8,Bronze,West,Books & Media,Web,5,303.73,0.1,6.7,Standard,2.5,2026-03-17 02:18:21
CUST-10253,55,78.8,Bronze,West,Home & Kitchen,In-Store,5,752.56,0.0,5.9,Standard,3.7,2026-02-18 04:11:04
CUST-10254,19,35.5,Silver,West,Apparel,Mobile App,1,173.96,0.05,0.6,Same-Day,4.5,2026-02-08 17:30:43
CUST-10255,34,32.9,Gold,North,Health & Beauty,Web,4,287.38,0.0,2.4,Express,3.8,2026-01-27 21:16:40
CUST-10256,58,90.4,Bronze,North,Health & Beauty,Web,3,418.09,0.0,2.2,Express,3.9,2026-01-17 01:21:35
CUST-10257,31,89.7,Bronze,West,Home & Kitchen,Mobile App,2,475.11,0.0,6.8,Standard,2.9,2026-02-02 03:58:31
CUST-10258,47,80.9,Bronze,East,Home & Kitchen,Mobile App,1,873.38,0.15,7.2,Standard,3.4,2026-01-30 01:53:29
CUST-10259,51,80.8,Silver,West,Apparel,Web,6,524.07,0.0,5.7,Standard,2.7,2026-02-21 15:51:48
CUST-10260,28,60.6,Bronze,East,Home & Kitchen,Mobile App,3,727.82,0.15,2.3,Express,5.0,2026-03-16 00:46:43
CUST-10261,40,68.8,Bronze,East,Apparel,Mobile App,1,544.67,0.15,2.5,Express,3.7,2026-03-17 04:49:44
CUST-10262,18,32.6,Silver,South,Apparel,Mobile App,3,195.04,0.05,5.8,Standard,3.4,2026-01-16 04:40:42
CUST-10263,26,65.9,Bronze,North,Electronics,In-Store,4,968.87,0.0,6.2,Standard,3.6,2026-02-14 00:21:54
CUST-10264,37,69.1,Silver,North,Apparel,In-Store,6,477.63,0.0,5.7,Standard,3.1,2026-01-24 07:48:16
CUST-10265,23,50.6,Gold,West,Electronics,Mobile App,1,661.25,0.05,5.9,Standard,3.6,2026-02-17 15:55:29
CUST-10266,63,79.7,Bronze,South,Home & Kitchen,In-Store,11,947.67,0.0,1.4,Same-Day,3.8,2026-01-23 22:25:46
CUST-10267,20,66.6,Silver,North,Home & Kitchen,Web,1,368.46,0.05,5.9,Standard,2.8,2026-03-13 03:30:59
CUST-10268,34,72.4,Silver,North,Home & Kitchen,Web,3,533.55,0.2,3.0,Express,3.8,2026-01-14 16:54:08
CUST-10269,42,62.9,Silver,West,Apparel,Web,3,376.33,0.0,2.8,Express,3.6,2026-03-15 06:58:03
CUST-10270,61,107.1,Bronze,South,Apparel,Mobile App,2,472.28,0.05,2.5,Express,3.6,2026-02-23 20:42:11
CUST-10271,20,39.5,Bronze,South,Books & Media,Mobile App,2,81.66,0.2,0.9,Same-Day,3.9,2026-03-11 20:05:34
CUST-10272,57,76.0,Gold,South,Apparel,Mobile App,6,480.5,0.15,2.8,Express,4.4,2026-02-12 17:11:19
CUST-10273,41,58.7,Gold,East,Health & Beauty,Web,3,504.45,0.15,0.9,Same-Day,4.3,2026-02-14 18:42:16
CUST-10274,27,28.1,Bronze,East,Apparel,Web,2,348.88,0.15,5.2,Standard,3.2,2026-01-23 00:26:21
CUST-10275,47,83.8,Bronze,West,Home & Kitchen,In-Store,1,556.81,0.0,3.0,Express,4.0,2026-03-02 21:16:06
CUST-10276,43,44.8,Bronze,East,Electronics,In-Store,1,1389.57,0.15,2.6,Express,3.8,2026-01-18 17:09:38
CUST-10277,32,41.8,Bronze,South,Home & Kitchen,Mobile App,1,348.89,0.2,6.1,Standard,2.7,2026-02-14 03:44:52
CUST-10278,41,39.0,Silver,East,Books & Media,Mobile App,8,234.54,0.05,2.3,Express,3.8,2026-03-27 13:04:57
CUST-10279,35,62.2,Bronze,East,Health & Beauty,Mobile App,4,424.74,0.05,2.4,Express,3.9,2026-03-15 03:03:43
CUST-10280,42,68.9,Bronze,East,Health & Beauty,Web,8,670.16,0.05,3.0,Express,4.0,2026-01-18 18:38:57
CUST-10281,50,75.1,Gold,East,Apparel,Mobile App,1,614.6,0.0,7.2,Standard,3.1,2026-02-26 23:14:52
CUST-10282,63,78.7,Bronze,East,Home & Kitchen,Mobile App,3,1106.77,0.0,2.8,Express,3.5,2026-03-26 20:01:53
CUST-10283,23,32.7,Gold,South,Apparel,Mobile App,1,163.86,0.1,5.8,Standard,3.4,2026-01-16 00:48:41
CUST-10284,70,109.0,Silver,North,Home & Kitchen,Web,4,936.82,0.05,3.1,Express,3.4,2026-03-15 03:54:59
CUST-10285,18,36.5,Bronze,East,Electronics,In-Store,2,883.08,0.05,6.7,Standard,3.1,2026-02-28 07:55:07
CUST-10286,38,71.5,Silver,West,Books & Media,In-Store,1,117.26,0.0,3.0,Express,3.9,2026-01-02 19:52:08
CUST-10287,49,65.6,Silver,West,Health & Beauty,Web,2,321.79,0.15,5.0,Standard,3.7,2026-01-15 00:07:45
CUST-10288,44,76.1,Bronze,East,Apparel,Mobile App,1,549.75,0.0,6.2,Standard,3.1,2026-01-21 22:15:05
CUST-10289,32,79.7,Bronze,North,Apparel,In-Store,3,354.38,0.0,7.4,Standard,2.4,2026-02-13 07:19:18
CUST-10290,38,75.6,Silver,North,Electronics,Web,3,1081.87,0.1,5.9,Standard,3.4,2026-02-15 03:23:21
CUST-10291,34,56.2,Gold,North,Home & Kitchen,Mobile App,3,511.24,0.05,2.9,Express,4.2,2026-02-03 21:58:46
CUST-10292,32,64.1,Silver,North,Apparel,Mobile App,12,568.07,0.0,2.9,Express,3.7,2026-03-12 22:34:19
CUST-10293,52,78.6,Bronze,East,Health & Beauty,Web,2,610.85,0.05,5.4,Standard,2.8,2026-03-20 18:54:19
CUST-10294,45,74.6,Silver,South,Home & Kitchen,In-Store,2,486.04,0.1,7.1,Standard,2.9,2026-01-13 03:53:26
CUST-10295,31,54.2,Bronze,South,Home & Kitchen,Web,4,414.04,0.1,5.3,Standard,2.8,2026-01-08 04:16:26
CUST-10296,53,80.8,Silver,South,Home & Kitchen,Web,3,634.39,0.05,2.9,Express,3.8,2026-03-11 06:04:06
CUST-10297,45,77.7,Silver,East,Electronics,Web,1,1684.37,0.0,7.7,Standard,2.7,2026-03-29 00:13:53
CUST-10298,52,67.3,Silver,South,Health & Beauty,Web,5,366.09,0.1,7.6,Standard,2.7,2026-01-29 02:13:23
CUST-10299,49,63.7,Gold,South,Home & Kitchen,Web,1,451.84,0.15,7.2,Standard,2.9,2026-01-25 21:45:58
CUST-10300,29,36.1,Silver,South,Health & Beauty,Mobile App,1,215.37,0.1,6.4,Standard,3.4,2026-03-08 01:42:07
CUST-10301,33,37.3,Silver,East,Home & Kitchen,Web,1,565.42,0.15,6.8,Standard,2.9,2026-02-20 20:59:02
CUST-10302,51,62.8,Bronze,North,Home & Kitchen,Mobile App,1,546.99,0.05,7.0,Standard,3.0,2026-03-15 02:30:10
CUST-10303,49,81.3,Gold,South,Electronics,Mobile App,1,1052.98,0.1,2.2,Express,4.0,2026-02-03 10:19:35
CUST-10304,40,55.6,Platinum,North,Home & Kitchen,Web,1,462.0,0.15,2.3,Express,4.1,2026-02-15 11:12:01
CUST-10305,42,78.9,Bronze,North,Books & Media,Mobile App,2,110.77,0.1,6.6,Standard,2.8,2026-02-17 02:53:00
CUST-10306,58,89.3,Silver,South,Books & Media,Mobile App,1,147.17,0.2,2.2,Express,3.7,2026-02-02 05:08:06
CUST-10307,32,30.7,Bronze,West,Books & Media,Mobile App,1,68.47,0.05,7.5,Standard,3.0,2026-01-13 01:51:23
CUST-10308,48,87.6,Gold,North,Apparel,Web,3,392.77,0.2,1.1,Same-Day,4.4,2026-01-20 02:33:11
CUST-10309,38,79.0,Silver,West,Health & Beauty,Mobile App,1,262.04,0.1,5.7,Standard,2.9,2026-02-17 03:11:07
CUST-10310,37,50.8,Bronze,South,Health & Beauty,In-Store,1,203.36,0.15,2.6,Express,3.2,2026-02-07 20:39:12
CUST-10311,56,92.9,Gold,East,Electronics,Mobile App,2,2071.66,0.0,3.1,Express,4.2,2026-01-10 15:15:05
CUST-10312,52,69.4,Bronze,West,Health & Beauty,Web,1,345.18,0.1,7.5,Standard,2.6,2026-01-11 05:00:38
CUST-10313,52,83.7,Gold,North,Apparel,Mobile App,1,415.51,0.15,0.6,Same-Day,5.0,2026-02-11 05:15:23
CUST-10314,59,70.9,Silver,South,Home & Kitchen,Web,2,598.58,0.0,7.1,Standard,3.0,2026-02-24 21:05:51
CUST-10315,41,43.2,Bronze,North,Apparel,Mobile App,3,334.17,0.1,2.8,Express,3.9,2026-03-12 17:19:23
CUST-10316,50,74.3,Bronze,South,Health & Beauty,Web,3,345.48,0.15,6.6,Standard,2.9,2026-03-16 04:05:37
CUST-10317,36,62.7,Bronze,South,Electronics,Web,7,1112.0,0.0,7.1,Standard,3.0,2026-02-13 02:34:43
CUST-10318,45,68.5,Silver,East,Apparel,Mobile App,2,549.08,0.05,2.4,Express,3.5,2026-02-07 08:40:06
CUST-10319,39,50.1,Silver,West,Apparel,Web,2,371.88,0.05,6.4,Standard,2.6,2026-01-27 15:50:09
CUST-10320,42,65.2,Bronze,East,Apparel,Web,1,518.51,0.05,5.9,Standard,3.1,2026-02-02 07:02:29
CUST-10321,49,82.9,Bronze,West,Home & Kitchen,Web,4,730.13,0.0,5.3,Standard,3.4,2026-03-12 12:20:38
CUST-10322,29,56.2,Bronze,West,Electronics,Web,1,781.59,0.0,2.3,Express,3.1,2026-02-17 18:06:23
CUST-10323,70,104.7,Silver,South,Home & Kitchen,In-Store,2,739.31,0.0,5.4,Standard,3.1,2026-01-27 00:13:26
CUST-10324,26,43.5,Silver,South,Health & Beauty,In-Store,2,211.61,0.0,6.7,Standard,3.6,2026-03-27 17:29:29
CUST-10325,24,69.0,Bronze,East,Books & Media,Web,3,170.56,0.0,2.3,Express,4.0,2026-02-27 17:21:14
CUST-10326,57,70.1,Silver,East,Health & Beauty,Mobile App,6,684.73,0.1,6.5,Standard,3.6,2026-03-17 20:13:52
CUST-10327,52,89.5,Bronze,North,Apparel,Web,7,619.68,0.05,6.6,Standard,2.8,2026-01-24 18:54:01
CUST-10328,49,96.6,Gold,West,Apparel,Mobile App,1,441.48,0.1,7.4,Standard,3.2,2026-02-24 03:24:07
CUST-10329,49,86.1,Gold,East,Apparel,Mobile App,1,624.68,0.0,6.7,Standard,3.8,2026-02-15 23:02:16
CUST-10330,40,66.0,Silver,South,Electronics,Web,4,1044.6,0.05,7.7,Standard,3.0,2026-02-27 18:04:47
CUST-10331,28,47.9,Gold,South,Health & Beauty,Mobile App,2,144.6,0.0,0.5,Same-Day,4.6,2026-02-01 19:04:12
CUST-10332,42,86.7,Gold,West,Electronics,Web,2,1185.05,0.15,6.9,Standard,3.0,2026-01-16 12:50:17
CUST-10333,31,37.8,Gold,South,Health & Beauty,Web,3,248.16,0.1,5.1,Standard,4.2,2026-03-31 13:58:20
CUST-10334,54,69.8,Silver,West,Electronics,Mobile App,3,1352.95,0.15,7.0,Standard,3.8,2026-03-12 02:41:35
CUST-10335,38,60.8,Bronze,North,Books & Media,Mobile App,9,210.92,0.0,6.0,Standard,2.6,2026-03-06 15:08:11
CUST-10336,29,75.5,Bronze,West,Electronics,Mobile App,3,980.84,0.1,2.8,Express,4.2,2026-01-13 22:47:42
CUST-10337,36,70.3,Bronze,East,Electronics,Mobile App,2,1510.98,0.05,5.8,Standard,3.0,2026-01-07 04:40:01
CUST-10338,46,61.1,Silver,South,Home & Kitchen,Mobile App,2,454.48,0.15,5.4,Standard,3.1,2026-01-12 20:37:19
CUST-10339,33,56.6,Bronze,West,Apparel,Mobile App,4,411.2,0.05,7.0,Standard,3.0,2026-01-09 20:36:22
CUST-10340,29,47.7,Bronze,North,Home & Kitchen,Web,3,420.96,0.05,3.1,Express,3.2,2026-03-26 04:03:20
CUST-10341,44,62.8,Silver,West,Home & Kitchen,Mobile App,3,582.5,0.0,5.5,Standard,3.2,2026-03-01 04:19:30
CUST-10342,44,88.1,Bronze,East,Electronics,Mobile App,9,2525.69,0.1,7.5,Standard,2.3,2026-03-09 04:20:15
CUST-10343,33,40.7,Silver,East,Health & Beauty,Mobile App,3,355.18,0.0,2.3,Express,4.0,2026-01-25 00:49:12
CUST-10344,34,86.5,Gold,West,Apparel,Mobile App,2,325.93,0.0,7.0,Standard,4.2,2026-01-16 05:47:03
CUST-10345,44,85.8,Silver,North,Books & Media,Web,3,155.71,0.0,3.2,Express,3.4,2026-03-05 03:23:01
CUST-10346,20,63.4,Silver,West,Apparel,Web,3,274.76,0.2,2.3,Express,3.7,2026-02-19 21:59:49
CUST-10347,21,41.2,Silver,North,Home & Kitchen,Web,1,291.76,0.0,6.2,Standard,3.0,2026-01-22 01:06:00
CUST-10348,30,55.8,Silver,North,Apparel,Mobile App,2,329.34,0.15,5.9,Standard,3.5,2026-01-01 15:45:25
CUST-10349,38,45.3,Bronze,North,Electronics,Mobile App,4,1059.96,0.2,0.7,Same-Day,4.2,2026-01-12 00:54:29
CUST-10350,45,66.6,Gold,West,Home & Kitchen,In-Store,2,574.62,0.2,3.0,Express,4.5,2026-03-08 18:48:53
CUST-10351,61,99.5,Bronze,South,Apparel,Mobile App,4,519.29,0.15,0.8,Same-Day,3.9,2026-01-22 18:07:37
CUST-10352,53,102.7,Bronze,West,Apparel,In-Store,2,484.74,0.15,7.6,Standard,3.0,2026-03-15 15:10:19
CUST-10353,38,50.2,Gold,West,Home & Kitchen,Mobile App,10,714.01,0.0,5.5,Standard,2.5,2026-03-29 20:48:24
CUST-10354,40,63.5,Bronze,East,Home & Kitchen,In-Store,1,734.93,0.0,1.2,Same-Day,4.2,2026-01-07 22:45:51
CUST-10355,26,51.3,Bronze,West,Electronics,Mobile App,1,705.32,0.1,6.2,Standard,2.7,2026-02-19 01:08:18
CUST-10356,40,48.1,Bronze,East,Apparel,In-Store,2,544.47,0.05,1.4,Same-Day,3.8,2026-01-01 19:05:26
CUST-10357,36,73.5,Bronze,North,Apparel,Web,2,356.68,0.0,5.0,Standard,3.6,2026-03-07 03:39:09
CUST-10358,45,63.6,Bronze,East,Electronics,Web,1,1560.48,0.1,1.4,Same-Day,3.4,2026-03-04 23:16:40
CUST-10359,29,54.0,Bronze,West,Apparel,Mobile App,1,265.06,0.05,6.3,Standard,3.4,2026-03-06 01:53:16
CUST-10360,48,71.0,Silver,North,Electronics,In-Store,3,1217.71,0.15,6.7,Standard,3.0,2026-01-26 18:12:46
CUST-10361,62,81.4,Gold,West,Health & Beauty,Web,2,442.17,0.1,2.6,Express,4.7,2026-01-18 03:44:01
CUST-10362,39,67.8,Bronze,East,Books & Media,Web,3,236.77,0.05,7.3,Standard,2.6,2026-01-12 01:16:16
CUST-10363,46,72.4,Gold,East,Electronics,Mobile App,4,1922.33,0.05,6.5,Standard,2.9,2026-03-09 04:50:06
CUST-10364,50,74.4,Bronze,North,Electronics,Mobile App,4,1371.38,0.05,6.8,Standard,3.0,2026-01-10 16:01:59
CUST-10365,35,52.6,Bronze,East,Home & Kitchen,Web,2,643.13,0.2,2.8,Express,3.9,2026-03-07 20:29:15
CUST-10366,44,78.2,Bronze,West,Apparel,Mobile App,2,433.73,0.0,0.7,Same-Day,4.3,2026-02-01 15:31:48
CUST-10367,41,94.9,Silver,West,Books & Media,In-Store,2,129.08,0.05,5.2,Standard,2.9,2026-01-16 17:49:26
CUST-10368,42,73.3,Bronze,North,Health & Beauty,In-Store,5,379.68,0.1,7.2,Standard,2.3,2026-01-26 20:35:58
CUST-10369,30,72.9,Silver,North,Home & Kitchen,Web,5,512.25,0.05,5.8,Standard,3.0,2026-03-16 04:06:00
CUST-10370,41,49.2,Gold,South,Electronics,Web,1,773.3,0.0,3.0,Express,4.3,2026-02-26 00:59:21
CUST-10371,47,79.1,Silver,East,Books & Media,Web,1,225.61,0.0,6.6,Standard,3.2,2026-01-09 19:15:21
CUST-10372,61,75.6,Silver,West,Health & Beauty,Web,1,358.16,0.0,6.0,Standard,3.7,2026-01-06 02:18:26
CUST-10373,54,62.2,Platinum,West,Home & Kitchen,Web,2,590.94,0.0,6.6,Standard,3.8,2026-01-07 10:14:15
CUST-10374,71,92.0,Bronze,East,Home & Kitchen,Mobile App,2,1248.28,0.15,2.8,Express,3.1,2026-03-06 20:54:59
CUST-10375,30,75.9,Bronze,West,Apparel,Web,3,412.12,0.05,2.9,Express,4.1,2026-01-13 01:56:52
CUST-10376,53,97.6,Silver,West,Apparel,In-Store,1,484.43,0.0,7.2,Standard,3.0,2026-03-22 00:13:35
CUST-10377,43,75.9,Silver,West,Books & Media,In-Store,3,121.26,0.05,5.4,Standard,3.3,2026-02-18 01:44:15
CUST-10378,71,80.1,Bronze,North,Health & Beauty,Web,7,581.97,0.0,3.1,Express,3.9,2026-03-13 17:51:23
CUST-10379,29,54.0,Bronze,West,Home & Kitchen,In-Store,3,407.28,0.2,2.6,Express,4.2,2026-01-25 19:06:34
CUST-10380,29,61.4,Silver,North,Books & Media,Mobile App,1,91.05,0.05,7.3,Standard,2.9,2026-01-14 05:46:32
CUST-10381,32,62.8,Bronze,West,Electronics,Mobile App,3,974.65,0.25,5.6,Standard,3.6,2026-02-11 06:32:16
CUST-10382,18,22.0,Bronze,West,Electronics,Web,2,578.98,0.0,5.1,Standard,3.5,2026-01-10 19:33:04
CUST-10383,33,47.9,Gold,North,Home & Kitchen,Mobile App,5,552.65,0.15,2.8,Express,4.0,2026-02-10 01:23:34
CUST-10384,30,57.0,Gold,East,Electronics,Web,2,1284.36,0.0,2.5,Express,4.2,2026-02-02 17:34:18
CUST-10385,43,80.3,Silver,East,Home & Kitchen,Mobile App,2,842.58,0.0,7.7,Standard,3.0,2026-02-04 20:20:42
CUST-10386,45,41.6,Silver,West,Apparel,Web,3,408.45,0.0,5.3,Standard,3.0,2026-02-07 03:23:46
CUST-10387,67,96.3,Gold,South,Books & Media,Mobile App,2,157.87,0.1,5.1,Standard,4.1,2026-01-16 23:36:33
CUST-10388,54,86.5,Bronze,North,Books & Media,Web,3,179.56,0.0,0.9,Same-Day,4.1,2026-03-14 04:15:31
CUST-10389,32,72.9,Bronze,East,Apparel,Web,1,444.18,0.05,5.6,Standard,3.3,2026-02-03 01:59:24
CUST-10390,28,66.2,Silver,South,Electronics,Mobile App,2,772.9,0.15,0.8,Same-Day,4.6,2026-02-23 01:16:58
CUST-10391,47,85.4,Gold,North,Home & Kitchen,Mobile App,1,588.32,0.0,2.7,Express,4.3,2026-02-04 11:28:21
CUST-10392,22,37.2,Bronze,North,Health & Beauty,Mobile App,1,136.32,0.0,5.9,Standard,3.2,2026-02-25 03:17:38
CUST-10393,66,69.0,Platinum,South,Home & Kitchen,Web,3,683.31,0.15,5.2,Standard,4.1,2026-03-18 06:57:49
CUST-10394,57,81.8,Silver,West,Electronics,In-Store,1,1296.55,0.05,1.0,Same-Day,4.0,2026-03-20 22:47:26
CUST-10395,34,77.4,Bronze,East,Electronics,Mobile App,1,1431.07,0.15,5.5,Standard,3.3,2026-01-17 16:10:32
CUST-10396,18,65.7,Bronze,West,Apparel,Web,3,269.68,0.05,2.9,Express,4.2,2026-01-28 06:02:07
CUST-10397,59,100.6,Bronze,North,Electronics,Mobile App,3,1529.63,0.05,7.1,Standard,2.7,2026-01-21 18:41:29
CUST-10398,39,74.3,Gold,West,Books & Media,Mobile App,1,125.22,0.0,3.0,Express,3.9,2026-01-21 21:17:47
CUST-10399,58,94.5,Platinum,North,Books & Media,Web,2,173.52,0.2,3.2,Express,5.0,2026-01-17 14:15:25
CUST-10400,18,36.5,Bronze,South,Apparel,Mobile App,1,169.13,0.15,0.9,Same-Day,3.8,2026-01-27 15:40:14
CUST-10401,32,58.2,Platinum,South,Apparel,Mobile App,1,288.99,0.25,6.3,Standard,4.0,2026-03-17 17:52:35
CUST-10402,41,95.1,Gold,South,Apparel,Mobile App,2,395.46,0.05,2.6,Express,4.0,2026-02-18 00:00:44
CUST-10403,41,56.0,Silver,South,Health & Beauty,Web,1,207.14,0.15,7.5,Standard,2.3,2026-02-14 00:42:56
CUST-10404,34,86.6,Silver,South,Apparel,In-Store,12,561.17,0.05,6.7,Standard,3.1,2026-02-06 01:42:11
CUST-10405,49,74.1,Bronze,East,Home & Kitchen,Web,1,891.51,0.05,5.8,Standard,3.5,2026-01-29 00:26:40
CUST-10406,26,73.5,Silver,East,Apparel,In-Store,4,538.02,0.15,6.5,Standard,3.0,2026-01-25 22:30:44
CUST-10407,39,46.8,Bronze,West,Home & Kitchen,Web,5,583.91,0.0,7.7,Standard,2.3,2026-03-15 03:44:42
CUST-10408,42,80.0,Silver,South,Apparel,Mobile App,12,576.78,0.0,7.3,Standard,2.9,2026-02-17 05:27:11
CUST-10409,48,66.7,Bronze,West,Apparel,Mobile App,2,391.4,0.0,0.6,Same-Day,3.8,2026-01-23 18:39:03
CUST-10410,50,58.8,Gold,North,Home & Kitchen,Web,5,666.93,0.15,3.2,Express,3.2,2026-03-16 16:50:57
CUST-10411,25,55.8,Gold,East,Home & Kitchen,Mobile App,8,914.02,0.05,7.6,Standard,3.3,2026-02-19 21:26:02
CUST-10412,19,61.0,Bronze,East,Apparel,Mobile App,1,336.14,0.05,0.6,Same-Day,4.3,2026-03-06 10:08:36
CUST-10413,58,76.1,Bronze,North,Electronics,Web,2,1364.89,0.25,7.4,Standard,3.3,2026-01-17 04:56:37
CUST-10414,45,52.0,Silver,East,Apparel,Mobile App,1,566.14,0.05,7.4,Standard,3.5,2026-02-19 17:59:31
CUST-10415,30,56.6,Silver,West,Apparel,Mobile App,3,356.49,0.0,2.2,Express,4.0,2026-01-14 00:37:25
CUST-10416,62,91.9,Bronze,East,Home & Kitchen,Web,3,1214.04,0.1,6.8,Standard,3.3,2026-03-25 15:35:03
CUST-10417,42,79.4,Silver,West,Health & Beauty,In-Store,1,298.93,0.15,2.5,Express,3.3,2026-03-22 00:59:00
CUST-10418,57,101.9,Bronze,North,Electronics,In-Store,4,1573.13,0.0,6.8,Standard,3.5,2026-03-21 12:59:54
CUST-10419,41,69.2,Bronze,West,Apparel,Web,1,364.02,0.1,7.5,Standard,3.3,2026-02-05 03:40:04
CUST-10420,69,128.7,Bronze,North,Electronics,Mobile App,4,1854.47,0.0,6.3,Standard,2.9,2026-02-02 06:26:01
CUST-10421,65,99.9,Bronze,East,Apparel,Web,1,814.37,0.05,1.1,Same-Day,4.2,2026-03-28 19:56:45
CUST-10422,37,60.5,Gold,South,Apparel,Mobile App,3,282.95,0.0,3.1,Express,4.3,2026-01-25 18:46:10
CUST-10423,54,60.2,Platinum,West,Books & Media,In-Store,1,148.66,0.0,3.2,Express,5.0,2026-02-12 21:49:08
CUST-10424,50,76.1,Bronze,North,Apparel,Web,1,378.71,0.05,2.3,Express,3.7,2026-01-29 01:25:07
CUST-10425,60,86.0,Silver,North,Home & Kitchen,Mobile App,3,715.13,0.2,7.5,Standard,2.6,2026-03-07 17:53:57
CUST-10426,27,69.1,Bronze,East,Health & Beauty,Mobile App,1,362.51,0.1,2.3,Express,3.6,2026-03-09 03:26:38
CUST-10427,50,86.9,Silver,South,Health & Beauty,Web,2,314.18,0.2,5.9,Standard,3.5,2026-02-02 17:03:14
CUST-10428,55,67.8,Bronze,North,Health & Beauty,In-Store,6,454.8,0.1,7.1,Standard,2.3,2026-02-16 08:50:08
CUST-10429,18,47.4,Silver,West,Books & Media,Mobile App,1,65.78,0.0,3.0,Express,2.6,2026-02-04 23:57:41
CUST-10430,24,61.5,Platinum,East,Health & Beauty,Mobile App,4,426.57,0.0,7.0,Standard,4.2,2026-03-05 15:47:49
CUST-10431,18,67.7,Bronze,South,Apparel,Mobile App,1,200.07,0.2,5.1,Standard,3.4,2026-04-01 02:37:29
CUST-10432,37,79.0,Gold,North,Electronics,Web,1,930.85,0.1,2.3,Express,4.3,2026-01-12 16:58:28
CUST-10433,51,92.5,Bronze,East,Electronics,Web,1,1890.83,0.25,3.1,Express,3.2,2026-02-23 03:11:50
CUST-10434,62,94.1,Bronze,West,Home & Kitchen,In-Store,12,1018.95,0.0,2.3,Express,3.2,2026-02-13 22:46:24
CUST-10435,42,77.0,Bronze,South,Health & Beauty,Mobile App,1,226.2,0.0,5.2,Standard,3.0,2026-02-16 00:14:21
CUST-10436,63,113.0,Bronze,North,Electronics,In-Store,6,1815.01,0.05,7.3,Standard,3.0,2026-01-11 17:46:33
CUST-10437,21,28.1,Bronze,North,Home & Kitchen,Web,11,577.3,0.0,2.8,Express,3.5,2026-03-11 16:47:21
CUST-10438,18,39.6,Bronze,West,Books & Media,Mobile App,2,61.97,0.0,2.6,Express,4.0,2026-03-31 01:29:45
CUST-10439,40,57.4,Bronze,North,Health & Beauty,In-Store,3,278.83,0.05,5.4,Standard,2.9,2026-02-15 18:13:29
CUST-10440,46,81.3,Bronze,West,Home & Kitchen,Web,4,625.86,0.1,1.3,Same-Day,3.8,2026-02-28 20:07:52
CUST-10441,40,87.5,Silver,East,Health & Beauty,Web,2,527.68,0.0,1.4,Same-Day,4.2,2026-02-28 22:56:09
CUST-10442,18,35.8,Gold,North,Apparel,Mobile App,1,169.35,0.0,5.1,Standard,3.7,2026-02-03 17:27:04
CUST-10443,39,32.0,Bronze,South,Apparel,Web,2,220.37,0.1,2.8,Express,3.6,2026-01-22 03:56:04
CUST-10444,22,43.0,Bronze,West,Home & Kitchen,Web,4,396.84,0.05,5.7,Standard,2.9,2026-03-24 05:30:01
CUST-10445,50,93.7,Bronze,West,Apparel,In-Store,4,483.43,0.05,7.2,Standard,2.6,2026-03-13 21:01:29
CUST-10446,46,83.7,Gold,North,Electronics,In-Store,1,1108.38,0.05,5.9,Standard,3.8,2026-02-22 05:14:21
CUST-10447,27,61.1,Silver,North,Books & Media,Mobile App,1,112.63,0.15,2.9,Express,3.8,2026-02-18 04:39:12
CUST-10448,33,57.1,Silver,South,Books & Media,Mobile App,6,117.0,0.05,0.8,Same-Day,4.1,2026-03-19 16:42:38
CUST-10449,26,34.4,Bronze,North,Books & Media,In-Store,1,50.22,0.2,2.7,Express,3.5,2026-01-19 16:47:24
CUST-10450,40,76.7,Bronze,East,Apparel,Mobile App,4,670.91,0.05,3.1,Express,3.6,2026-03-25 22:07:52
CUST-10451,54,71.9,Bronze,South,Home & Kitchen,Web,1,555.61,0.0,6.3,Standard,3.6,2026-01-04 23:04:26
CUST-10452,27,87.5,Platinum,North,Apparel,Web,5,420.07,0.05,7.3,Standard,3.3,2026-02-01 19:51:46
CUST-10453,48,86.4,Gold,South,Electronics,Web,6,1264.79,0.05,6.0,Standard,4.3,2026-03-31 19:56:26
CUST-10454,33,52.6,Bronze,North,Home & Kitchen,Web,1,377.43,0.05,5.5,Standard,3.2,2026-01-28 21:03:20
CUST-10455,29,47.7,Silver,South,Electronics,Web,1,645.15,0.1,2.7,Express,3.7,2026-03-18 02:11:30
CUST-10456,39,66.5,Bronze,East,Electronics,Web,2,1549.67,0.0,6.3,Standard,3.4,2026-02-27 14:09:14
CUST-10457,26,50.0,Bronze,West,Books & Media,Web,1,79.04,0.1,2.7,Express,3.0,2026-03-16 02:03:56
CUST-10458,33,78.1,Gold,South,Electronics,Web,2,842.14,0.1,7.2,Standard,3.9,2026-02-11 05:50:37
CUST-10459,24,54.2,Silver,East,Health & Beauty,Mobile App,3,321.27,0.1,6.5,Standard,3.7,2026-02-03 03:09:38
CUST-10460,68,88.8,Bronze,East,Apparel,Web,1,849.41,0.05,7.4,Standard,3.2,2026-01-14 17:28:35
CUST-10461,41,98.5,Bronze,South,Health & Beauty,Mobile App,2,299.14,0.25,0.8,Same-Day,3.3,2026-03-28 14:27:35
CUST-10462,31,59.8,Gold,South,Electronics,Web,4,907.77,0.05,5.6,Standard,4.0,2026-03-23 22:28:00
CUST-10463,43,83.8,Silver,East,Home & Kitchen,In-Store,3,928.6,0.0,5.3,Standard,3.8,2026-02-23 06:18:10
CUST-10464,39,58.8,Silver,South,Apparel,In-Store,1,291.56,0.15,3.1,Express,4.2,2026-03-18 03:50:04
CUST-10465,37,71.1,Bronze,North,Books & Media,Mobile App,3,133.56,0.0,0.5,Same-Day,3.6,2026-02-12 00:42:33
CUST-10466,49,83.6,Bronze,West,Apparel,Mobile App,4,463.19,0.1,2.3,Express,4.1,2026-02-05 16:54:36
CUST-10467,51,52.8,Platinum,South,Apparel,In-Store,3,341.77,0.0,5.2,Standard,4.8,2026-01-26 02:12:04
CUST-10468,33,91.5,Silver,West,Books & Media,Web,1,131.4,0.0,6.1,Standard,3.1,2026-02-22 03:52:19
CUST-10469,32,79.6,Bronze,East,Apparel,In-Store,1,498.39,0.0,1.2,Same-Day,3.5,2026-02-10 05:56:44
CUST-10470,37,59.7,Silver,West,Electronics,Mobile App,4,1123.72,0.05,2.2,Express,4.1,2026-03-28 01:33:43
CUST-10471,18,28.3,Gold,West,Apparel,Mobile App,5,289.43,0.0,2.7,Express,4.6,2026-03-11 23:45:41
CUST-10472,19,51.1,Bronze,West,Home & Kitchen,Web,3,347.22,0.0,6.1,Standard,3.1,2026-03-22 01:19:12
CUST-10473,60,92.3,Bronze,South,Apparel,Mobile App,1,459.03,0.1,7.1,Standard,2.5,2026-03-04 05:17:08
CUST-10474,64,100.7,Silver,South,Apparel,Mobile App,3,521.47,0.1,7.2,Standard,3.2,2026-03-29 01:58:04
CUST-10475,37,68.6,Silver,North,Electronics,Mobile App,4,1154.91,0.15,2.9,Express,3.4,2026-01-09 18:47:37
CUST-10476,49,86.5,Silver,South,Home & Kitchen,Mobile App,2,607.61,0.15,6.3,Standard,3.2,2026-03-20 01:55:31
CUST-10477,45,96.2,Gold,East,Books & Media,Web,1,273.1,0.05,1.0,Same-Day,5.0,2026-03-11 04:35:29
CUST-10478,75,116.0,Bronze,East,Apparel,Web,3,1006.77,0.15,7.3,Standard,2.3,2026-01-22 00:00:48
CUST-10479,56,70.9,Bronze,South,Apparel,Mobile App,5,482.77,0.05,2.5,Express,4.1,2026-02-22 23:25:27
CUST-10480,39,88.3,Platinum,East,Electronics,Web,1,1619.85,0.05,6.0,Standard,3.9,2026-03-12 02:02:36
CUST-10481,27,79.3,Bronze,East,Electronics,Web,3,1459.47,0.1,7.5,Standard,2.8,2026-01-02 02:43:27
CUST-10482,18,92.1,Silver,North,Electronics,Web,3,878.25,0.0,7.6,Standard,3.0,2026-01-31 13:54:56
CUST-10483,43,55.4,Silver,West,Apparel,Web,3,410.54,0.15,3.1,Express,3.4,2026-02-15 02:59:59
CUST-10484,30,61.6,Silver,South,Home & Kitchen,Mobile App,3,391.8,0.05,3.2,Express,3.2,2026-01-28 21:02:42
CUST-10485,21,22.0,Bronze,West,Health & Beauty,Web,3,198.18,0.0,7.3,Standard,2.3,2026-01-04 05:20:05
CUST-10486,31,67.4,Gold,East,Electronics,In-Store,1,1286.25,0.0,2.9,Express,4.6,2026-03-29 06:17:40
CUST-10487,25,44.3,Gold,West,Home & Kitchen,Mobile App,1,308.23,0.0,5.8,Standard,3.5,2026-02-09 21:30:43
CUST-10488,64,124.3,Silver,North,Home & Kitchen,Mobile App,3,849.4,0.15,1.0,Same-Day,4.2,2026-01-05 06:55:28
CUST-10489,53,71.7,Silver,West,Apparel,Web,1,454.78,0.25,1.3,Same-Day,3.8,2026-03-11 19:35:03
CUST-10490,40,43.7,Bronze,West,Health & Beauty,Mobile App,3,290.5,0.05,0.6,Same-Day,3.7,2026-03-18 02:48:17
CUST-10491,61,85.0,Bronze,South,Electronics,Mobile App,3,1312.27,0.0,6.3,Standard,3.3,2026-01-12 14:43:14
CUST-10492,42,41.6,Bronze,South,Electronics,In-Store,1,796.21,0.0,5.2,Standard,3.4,2026-03-03 16:51:24
CUST-10493,28,67.1,Bronze,East,Home & Kitchen,Mobile App,3,720.64,0.15,1.0,Same-Day,3.9,2026-03-13 04:30:03
CUST-10494,62,62.2,Platinum,West,Apparel,Mobile App,2,470.43,0.0,6.5,Standard,4.0,2026-04-01 04:07:13
CUST-10495,48,78.2,Gold,North,Electronics,In-Store,1,1145.28,0.2,5.7,Standard,3.3,2026-02-17 23:24:58
CUST-10496,26,22.4,Silver,South,Apparel,Web,2,177.76,0.1,2.5,Express,4.1,2026-01-07 19:48:49
CUST-10497,38,62.0,Silver,South,Apparel,Web,6,375.67,0.15,7.6,Standard,3.3,2026-02-26 22:45:16
CUST-10498,28,80.5,Bronze,East,Home & Kitchen,Mobile App,2,684.08,0.05,2.8,Express,4.0,2026-02-26 04:53:33
CUST-10499,21,53.5,Platinum,North,Electronics,Web,3,785.8,0.1,2.6,Express,4.5,2026-03-08 17:19:52
CUST-10500,53,70.3,Bronze,West,Apparel,Web,1,424.06,0.1,2.7,Express,3.7,2026-01-13 18:10:18
CUST-10501,67,98.2,Bronze,East,Apparel,Mobile App,1,809.39,0.15,5.3,Standard,3.8,2026-02-22 03:39:28
CUST-10502,21,48.4,Silver,East,Apparel,Web,1,352.89,0.15,5.2,Standard,3.7,2026-03-05 05:00:21
CUST-10503,48,84.9,Gold,West,Health & Beauty,Mobile App,4,399.83,0.05,6.6,Standard,4.2,2026-02-10 15:20:13
CUST-10504,31,38.6,Gold,West,Electronics,In-Store,2,782.63,0.1,6.4,Standard,3.3,2026-03-17 03:16:35
CUST-10505,34,71.3,Bronze,East,Health & Beauty,Web,1,366.58,0.2,6.0,Standard,2.8,2026-01-24 01:51:01
CUST-10506,32,22.0,Gold,North,Home & Kitchen,Web,4,414.07,0.2,6.5,Standard,3.6,2026-02-16 17:27:44
CUST-10507,28,46.4,Bronze,West,Books & Media,Web,1,52.3,0.1,5.2,Standard,3.4,2026-03-07 03:17:06
CUST-10508,41,62.8,Bronze,North,Apparel,Web,1,349.91,0.0,7.5,Standard,2.8,2026-02-01 02:28:27
CUST-10509,29,66.4,Gold,West,Apparel,Web,2,291.85,0.0,2.5,Express,4.1,2026-02-05 16:09:58
CUST-10510,44,73.7,Gold,East,Health & Beauty,Web,1,447.69,0.15,5.2,Standard,4.2,2026-01-14 23:08:53
CUST-10511,40,47.9,Silver,West,Health & Beauty,Mobile App,3,290.29,0.0,5.5,Standard,3.2,2026-02-07 03:33:07
CUST-10512,37,50.9,Silver,East,Apparel,Web,1,493.88,0.0,2.3,Express,3.4,2026-02-01 17:19:28
CUST-10513,28,58.8,Gold,West,Electronics,Mobile App,2,854.26,0.0,2.4,Express,3.9,2026-02-22 22:30:09
CUST-10514,32,59.0,Gold,East,Apparel,In-Store,5,591.28,0.1,6.1,Standard,3.7,2026-01-28 15:02:20
CUST-10515,51,72.4,Gold,West,Health & Beauty,Mobile App,6,457.88,0.05,2.9,Express,5.0,2026-03-06 19:00:34
CUST-10516,48,70.6,Silver,East,Apparel,Mobile App,5,695.25,0.0,5.7,Standard,2.8,2026-02-16 17:59:03
CUST-10517,27,65.1,Platinum,North,Home & Kitchen,Web,5,569.2,0.0,6.2,Standard,3.9,2026-03-12 23:32:52
CUST-10518,42,63.4,Platinum,North,Home & Kitchen,Mobile App,2,544.41,0.1,,Same-Day,5.0,2026-03-21 16:49:20
CUST-10519,51,79.8,Bronze,East,Books & Media,Web,3,253.62,0.2,1.0,Same-Day,3.9,2026-02-01 20:07:37
CUST-10520,18,77.3,Gold,West,Home & Kitchen,Web,2,359.29,0.0,3.0,Express,4.3,2026-01-24 18:17:24
CUST-10521,48,56.4,Silver,East,Apparel,In-Store,4,665.75,0.0,2.4,Express,4.4,2026-01-15 02:29:19
CUST-10522,31,31.3,Bronze,North,Health & Beauty,Web,2,232.15,0.1,2.4,Express,3.4,2026-02-17 02:32:06
CUST-10523,48,89.6,Silver,East,Home & Kitchen,Web,1,915.95,0.15,1.1,Same-Day,3.9,2026-03-20 15:21:06
CUST-10524,30,47.8,Bronze,West,Books & Media,In-Store,4,135.25,0.15,5.6,Standard,3.0,2026-01-02 05:16:31
CUST-10525,18,40.0,Silver,West,Apparel,In-Store,4,246.39,0.1,3.1,Express,3.1,2026-01-20 02:41:31
CUST-10526,18,33.1,Gold,South,Home & Kitchen,Web,4,289.99,0.15,5.1,Standard,4.3,2026-02-28 01:08:21
CUST-10527,41,66.2,Bronze,North,Apparel,Web,1,356.38,0.0,6.6,Standard,2.8,2026-01-07 22:21:48
CUST-10528,44,97.4,Bronze,North,Apparel,Mobile App,1,433.15,0.0,6.6,Standard,2.7,2026-03-23 16:09:24
CUST-10529,28,67.8,Platinum,West,Home & Kitchen,Mobile App,1,400.9,0.1,2.3,Express,4.5,2026-03-19 06:53:05
CUST-10530,49,91.8,Bronze,South,Home & Kitchen,Web,2,598.21,0.15,2.9,Express,4.0,2026-03-05 08:32:50
CUST-10531,18,23.6,Bronze,North,Home & Kitchen,Mobile App,1,236.03,0.05,0.7,Same-Day,4.1,2026-01-19 02:47:26
CUST-10532,40,51.7,Bronze,West,Apparel,In-Store,2,348.53,0.2,7.0,Standard,2.7,2026-03-04 23:38:17
CUST-10533,24,22.0,Silver,South,Home & Kitchen,Web,1,259.22,0.15,7.2,Standard,3.0,2026-03-10 04:02:11
CUST-10534,31,47.0,Silver,West,Apparel,In-Store,1,301.18,0.1,5.9,Standard,3.4,2026-02-19 20:16:27
CUST-10535,41,84.5,Gold,South,Home & Kitchen,In-Store,3,492.27,0.0,6.3,Standard,3.6,2026-03-09 23:08:18
CUST-10536,28,63.6,Silver,South,Apparel,Web,5,302.93,0.0,1.0,Same-Day,3.9,2026-01-17 02:46:42
CUST-10537,35,60.2,Gold,East,Home & Kitchen,Mobile App,1,654.61,0.15,5.5,Standard,4.1,2026-01-14 13:39:16
CUST-10538,55,85.2,Silver,North,Books & Media,Web,2,245.85,0.0,2.2,Express,3.7,2026-03-03 13:35:34
CUST-10539,32,49.9,Bronze,West,Apparel,Mobile App,1,273.71,0.0,7.6,Standard,3.4,2026-03-19 17:18:14
CUST-10540,52,85.3,Silver,West,Apparel,Mobile App,1,434.31,0.2,6.2,Standard,2.8,2026-01-07 16:33:04
CUST-10541,25,64.0,Silver,West,Home & Kitchen,Web,3,453.66,0.15,2.2,Express,3.5,2026-02-25 08:01:35
CUST-10542,48,53.6,Silver,North,Home & Kitchen,Mobile App,4,641.82,0.0,5.0,Standard,3.0,2026-01-15 01:44:57
CUST-10543,61,96.6,Bronze,East,Home & Kitchen,Mobile App,4,1223.8,0.15,5.8,Standard,3.1,2026-02-12 03:26:32
CUST-10544,18,58.8,Bronze,East,Home & Kitchen,Web,2,550.04,0.0,5.0,Standard,3.3,2026-03-12 06:18:20
CUST-10545,29,50.7,Bronze,North,Apparel,Web,5,332.0,0.0,,Express,3.3,2026-03-03 21:32:34
CUST-10546,49,89.4,Bronze,East,Apparel,Web,1,631.26,0.1,,Same-Day,4.1,2026-02-12 18:59:41
CUST-10547,38,109.0,Silver,East,Apparel,Mobile App,1,637.21,0.1,2.2,Express,4.0,2026-02-27 04:25:26
CUST-10548,46,74.0,Bronze,East,Electronics,In-Store,1,1656.71,0.0,1.2,Same-Day,3.5,2026-03-17 04:54:44
CUST-10549,32,66.1,Gold,West,Home & Kitchen,In-Store,4,495.61,0.0,3.1,Express,4.0,2026-02-01 01:46:29
CUST-10550,42,60.1,Bronze,West,Electronics,Mobile App,1,940.08,0.0,2.6,Express,3.9,2026-02-20 18:33:38
CUST-10551,38,69.5,Bronze,East,Health & Beauty,Mobile App,1,394.2,0.25,3.0,Express,3.3,2026-03-09 04:27:45
CUST-10552,57,94.6,Silver,South,Books & Media,Web,3,161.85,0.1,5.1,Standard,3.2,2026-01-01 16:15:57
CUST-10553,44,76.3,Bronze,North,Books & Media,Web,1,145.47,0.05,7.1,Standard,3.3,2026-03-21 12:21:29
CUST-10554,45,59.2,Gold,West,Health & Beauty,Mobile App,1,281.21,0.0,2.3,Express,4.9,2026-02-14 03:27:58
CUST-10555,35,66.6,Bronze,West,Apparel,Mobile App,1,330.52,0.05,7.3,Standard,3.0,2026-02-20 00:13:44
CUST-10556,34,84.3,Bronze,West,Books & Media,Mobile App,1,108.86,0.1,7.4,Standard,2.8,2026-03-01 18:05:55
CUST-10557,34,69.1,Gold,North,Electronics,In-Store,3,1059.46,0.15,1.3,Same-Day,4.3,2026-01-04 02:10:20
CUST-10558,46,90.0,Silver,East,Electronics,Mobile App,2,1924.52,0.0,7.2,Standard,3.2,2026-03-14 03:45:25
CUST-10559,35,59.9,Bronze,East,Books & Media,Mobile App,1,155.56,0.25,0.8,Same-Day,4.5,2026-03-22 04:19:23
CUST-10560,45,85.7,Bronze,South,Electronics,Web,1,1001.42,0.05,2.5,Express,3.3,2026-02-23 18:35:53
CUST-10561,70,106.2,Silver,East,Health & Beauty,In-Store,4,781.27,0.0,6.7,Standard,3.3,2026-01-02 10:48:21
CUST-10562,53,69.0,Platinum,West,Home & Kitchen,Mobile App,2,622.41,0.0,2.6,Express,4.4,2026-01-29 23:15:36
CUST-10563,36,69.4,Gold,South,Books & Media,In-Store,3,132.85,0.05,2.2,Express,4.0,2026-01-17 04:58:42
CUST-10564,57,72.8,Bronze,North,Apparel,Web,2,480.57,0.2,6.3,Standard,3.0,2026-02-28 17:05:25
CUST-10565,35,54.0,Platinum,West,Home & Kitchen,Mobile App,1,411.02,0.1,2.9,Express,4.9,2026-01-11 21:07:21
CUST-10566,18,47.6,Bronze,North,Electronics,Mobile App,9,1141.71,0.05,2.2,Express,3.9,2026-01-24 18:44:45
CUST-10567,26,58.1,Bronze,East,Books & Media,Web,2,156.85,0.0,6.7,Standard,3.1,2026-03-24 09:57:32
CUST-10568,18,27.0,Gold,North,Electronics,Mobile App,1,475.06,0.0,6.8,Standard,3.6,2026-02-02 04:35:23
CUST-10569,36,80.4,Bronze,West,Home & Kitchen,In-Store,2,580.2,0.05,5.4,Standard,3.4,2026-03-15 16:47:04
CUST-10570,41,78.7,Bronze,South,Apparel,Web,1,322.91,0.1,6.2,Standard,3.0,2026-02-24 03:48:23
CUST-10571,64,84.8,Bronze,South,Electronics,Web,1,1235.91,0.1,7.6,Standard,3.1,2026-02-25 20:03:34
CUST-10572,45,51.4,Bronze,South,Apparel,Mobile App,7,439.19,0.0,3.1,Express,3.4,2026-03-28 18:47:57
CUST-10573,37,63.5,Silver,South,Electronics,Web,5,1038.16,0.0,6.1,Standard,3.3,2026-03-13 05:33:21
CUST-10574,52,75.5,Silver,West,Books & Media,Mobile App,1,159.14,0.05,0.7,Same-Day,4.4,2026-03-22 01:19:32
CUST-10575,18,46.5,Bronze,West,Apparel,Mobile App,2,205.23,0.2,5.3,Standard,3.5,2026-02-13 02:23:16
CUST-10576,44,68.0,Silver,West,Apparel,Web,4,456.71,0.05,5.1,Standard,3.5,2026-02-23 03:44:51
CUST-10577,51,51.0,Gold,North,Home & Kitchen,Mobile App,1,489.02,0.0,2.5,Express,4.4,2026-01-01 19:02:11
CUST-10578,20,41.2,Gold,South,Apparel,Mobile App,3,190.01,0.0,3.1,Express,4.6,2026-03-03 00:27:29
CUST-10579,57,83.1,Bronze,East,Apparel,In-Store,3,817.88,0.0,7.6,Standard,2.0,2026-02-03 18:29:25
CUST-10580,45,84.0,Platinum,South,Books & Media,Mobile App,3,106.27,0.05,7.2,Standard,4.1,2026-03-03 03:28:12
CUST-10581,35,53.0,Silver,South,Electronics,In-Store,3,809.71,0.15,2.6,Express,4.4,2026-03-03 01:20:05
CUST-10582,49,104.1,Bronze,South,Electronics,Web,3,1196.16,0.2,5.4,Standard,3.0,2026-01-08 18:41:02
CUST-10583,72,75.5,Bronze,South,Apparel,Web,8,654.79,0.05,6.6,Standard,2.8,2026-02-24 04:26:10
CUST-10584,43,92.0,Bronze,East,Apparel,Web,1,564.12,0.0,6.7,Standard,3.4,2026-02-23 00:49:42
CUST-10585,44,70.0,Silver,East,Home & Kitchen,Mobile App,5,973.71,0.1,2.6,Express,3.4,2026-01-20 22:24:59
CUST-10586,34,75.3,Bronze,East,Apparel,In-Store,1,463.25,0.1,6.9,Standard,2.7,2026-02-15 11:02:59
CUST-10587,29,58.1,Silver,West,Books & Media,Mobile App,1,90.08,0.0,2.9,Express,3.7,2026-02-01 04:00:52
CUST-10588,52,99.3,Bronze,North,Electronics,In-Store,1,1272.48,0.15,3.0,Express,3.4,2026-03-27 05:22:09
CUST-10589,29,51.1,Gold,South,Apparel,Web,3,264.7,0.15,1.2,Same-Day,4.8,2026-01-27 00:42:10
CUST-10590,42,54.7,Bronze,South,Apparel,Web,1,345.12,0.05,7.1,Standard,2.6,2026-03-04 21:04:15
CUST-10591,34,83.7,Gold,North,Home & Kitchen,In-Store,5,582.31,0.05,5.1,Standard,3.9,2026-01-20 20:30:19
CUST-10592,47,75.0,Platinum,East,Health & Beauty,Mobile App,3,537.23,0.1,6.8,Standard,4.0,2026-01-22 18:24:41
CUST-10593,45,77.8,Bronze,East,Apparel,Mobile App,1,600.81,0.1,5.6,Standard,3.8,2026-02-27 00:34:43
CUST-10594,55,104.0,Silver,East,Health & Beauty,Web,3,618.76,0.0,2.5,Express,4.2,2026-02-26 16:42:18
CUST-10595,33,45.8,Bronze,West,Apparel,In-Store,5,387.46,0.0,2.3,Express,3.6,2026-01-27 05:00:08
CUST-10596,37,74.6,Gold,West,Electronics,Mobile App,3,1085.64,0.0,2.4,Express,3.8,2026-01-17 16:14:35
CUST-10597,27,45.9,Silver,East,Electronics,Mobile App,1,1065.91,0.1,3.2,Express,3.9,2026-03-31 02:38:57
CUST-10598,34,60.4,Bronze,West,Apparel,Web,5,399.7,0.05,1.1,Same-Day,3.8,2026-01-27 19:23:14
CUST-10599,46,76.7,Bronze,East,Apparel,Mobile App,4,655.92,0.05,7.5,Standard,2.7,2026-03-08 17:58:22
CUST-10600,51,58.6,Bronze,North,Electronics,In-Store,2,1197.73,0.1,1.0,Same-Day,3.6,2026-02-26 00:33:20
CUST-10601,28,44.1,Platinum,West,Apparel,In-Store,1,302.51,0.0,5.6,Standard,4.3,2026-01-25 03:46:38
CUST-10602,53,103.6,Silver,West,Apparel,Web,2,489.58,0.1,2.8,Express,3.5,2026-01-26 02:17:04
CUST-10603,59,103.2,Gold,West,Electronics,Web,5,1648.03,0.05,5.9,Standard,3.6,2026-01-10 17:24:50
CUST-10604,46,74.7,Bronze,South,Apparel,Mobile App,1,381.07,0.05,2.8,Express,3.7,2026-02-05 19:35:21
CUST-10605,67,102.3,Bronze,East,Health & Beauty,Web,1,704.93,0.0,6.1,Standard,3.2,2026-03-24 04:00:56
CUST-10606,30,53.6,Platinum,West,Apparel,Mobile App,5,367.18,0.2,3.0,Express,4.8,2026-02-15 02:08:30
CUST-10607,23,70.6,Bronze,North,Home & Kitchen,Web,1,364.83,0.1,1.1,Same-Day,3.9,2026-01-18 02:40:14
CUST-10608,18,41.8,Platinum,North,Home & Kitchen,Web,6,439.42,0.0,2.8,Express,4.3,2026-03-19 18:30:27
CUST-10609,61,95.6,Bronze,South,Apparel,Mobile App,1,397.78,0.2,2.5,Express,3.1,2026-02-28 03:21:37
CUST-10610,50,97.2,Bronze,West,Apparel,Mobile App,2,461.52,0.1,6.9,Standard,3.0,2026-03-24 20:37:51
CUST-10611,40,57.3,Silver,West,Apparel,Mobile App,1,375.82,0.0,6.8,Standard,2.9,2026-03-23 21:45:14
CUST-10612,44,96.8,Platinum,East,Home & Kitchen,In-Store,6,1130.01,0.0,1.1,Same-Day,4.7,2026-01-23 18:40:48
CUST-10613,25,29.5,Platinum,North,Apparel,Web,4,259.25,0.0,2.5,Express,4.7,2026-01-08 15:01:18
CUST-10614,75,131.9,Bronze,West,Electronics,Mobile App,6,2103.6,0.1,2.8,Express,4.0,2026-02-19 21:40:34
CUST-10615,42,65.6,Bronze,East,Electronics,Web,3,1701.89,0.1,7.5,Standard,3.2,2026-01-16 09:44:17
CUST-10616,42,67.6,Silver,North,Health & Beauty,Web,1,285.38,0.0,5.4,Standard,2.7,2026-03-30 22:51:09
CUST-10617,51,52.7,Silver,West,Apparel,Web,1,351.53,0.05,7.2,Standard,2.8,2026-02-13 02:19:14
CUST-10618,47,69.9,Silver,East,Home & Kitchen,Web,2,851.35,0.0,6.5,Standard,3.4,2026-03-25 06:56:49
CUST-10619,44,57.8,Bronze,North,Apparel,Web,3,420.94,0.0,6.4,Standard,3.6,2026-03-23 14:22:23
CUST-10620,29,47.8,Platinum,North,Health & Beauty,Web,7,327.3,0.05,7.6,Standard,3.4,2026-02-15 18:11:46
CUST-10621,47,74.6,Silver,East,Home & Kitchen,In-Store,2,872.87,0.0,6.6,Standard,3.5,2026-02-18 22:09:55
CUST-10622,67,113.1,Gold,West,Apparel,Mobile App,3,608.04,0.05,3.0,Express,3.7,2026-01-15 16:59:50
CUST-10623,59,93.0,Silver,North,Health & Beauty,In-Store,8,507.46,0.2,6.4,Standard,3.4,2026-02-18 15:31:19
CUST-10624,63,98.9,Bronze,West,Home & Kitchen,Mobile App,1,701.34,0.0,2.4,Express,3.7,2026-01-21 22:04:36
CUST-10625,33,44.9,Platinum,West,Electronics,Web,5,1076.16,0.0,1.2,Same-Day,5.0,2026-03-17 00:55:10
CUST-10626,27,41.5,Silver,West,Electronics,Web,2,763.39,0.0,7.5,Standard,2.7,2026-01-07 03:43:08
CUST-10627,39,94.9,Gold,North,Books & Media,Web,4,159.12,0.05,3.0,Express,4.1,2026-02-25 07:28:04
CUST-10628,41,59.1,Platinum,South,Books & Media,Web,1,108.59,0.1,1.0,Same-Day,4.9,2026-03-25 03:32:10
CUST-10629,56,111.4,Silver,North,Home & Kitchen,Mobile App,1,696.01,0.05,5.9,Standard,2.6,2026-03-21 17:22:53
CUST-10630,18,41.2,Silver,East,Home & Kitchen,Mobile App,1,425.86,0.05,6.4,Standard,2.4,2026-03-18 03:35:38
CUST-10631,62,93.2,Bronze,West,Home & Kitchen,Web,9,950.49,0.05,6.5,Standard,3.2,2026-01-15 23:12:26
CUST-10632,38,82.9,Bronze,South,Apparel,Web,4,402.56,0.0,2.4,Express,4.1,2026-01-11 22:49:01
CUST-10633,35,82.6,Bronze,East,Home & Kitchen,Web,1,742.79,0.05,5.6,Standard,3.4,2026-02-09 05:01:51
CUST-10634,26,51.9,Bronze,South,Electronics,Web,12,1264.97,0.1,7.0,Standard,2.5,2026-03-16 02:10:53
CUST-10635,18,39.0,Bronze,South,Health & Beauty,Web,3,156.13,0.0,2.9,Express,3.8,2026-02-21 02:27:19
CUST-10636,52,81.4,Bronze,East,Books & Media,Mobile App,5,301.66,0.1,7.3,Standard,2.5,2026-02-06 09:24:20
CUST-10637,42,76.3,Bronze,South,Home & Kitchen,Web,1,454.36,0.05,1.4,Same-Day,4.1,2026-02-19 04:53:50
CUST-10638,22,62.6,Bronze,West,Apparel,Mobile App,2,253.83,0.0,5.8,Standard,3.6,2026-02-27 03:58:49
CUST-10639,22,49.3,Bronze,South,Electronics,Web,3,668.85,0.05,1.3,Same-Day,4.1,2026-03-29 19:35:29
CUST-10640,36,73.9,Bronze,West,Apparel,Web,1,356.28,0.2,6.8,Standard,3.5,2026-03-06 18:17:47
CUST-10641,64,120.0,Silver,West,Home & Kitchen,Mobile App,2,765.86,0.0,7.6,Standard,2.8,2026-01-17 13:38:00
CUST-10642,37,71.4,Silver,North,Home & Kitchen,Mobile App,2,498.61,0.0,5.7,Standard,3.1,2026-03-04 13:08:34
CUST-10643,19,50.6,Bronze,North,Apparel,Web,1,240.46,0.05,1.0,Same-Day,4.0,2026-01-15 02:01:25
CUST-10644,37,42.9,Silver,East,Home & Kitchen,In-Store,1,625.15,0.1,6.9,Standard,2.5,2026-02-07 17:35:31
CUST-10645,37,26.2,Gold,North,Books & Media,Web,8,160.37,0.0,3.1,Express,4.0,2026-01-26 05:45:08
CUST-10646,18,50.6,Bronze,East,Electronics,Web,1,914.55,0.2,3.0,Express,3.5,2026-02-07 04:16:48
CUST-10647,40,67.6,Silver,West,Apparel,Mobile App,1,370.71,0.1,2.9,Express,3.6,2026-03-27 20:32:39
CUST-10648,37,58.0,Platinum,West,Books & Media,Mobile App,2,108.84,0.15,6.0,Standard,4.1,2026-02-25 20:34:20
CUST-10649,50,83.7,Gold,West,Home & Kitchen,Web,3,658.31,0.0,1.3,Same-Day,3.9,2026-01-07 19:32:15
CUST-10650,66,96.7,Bronze,West,Home & Kitchen,Web,3,827.97,0.15,1.3,Same-Day,3.6,2026-01-11 15:31:11
CUST-10651,56,103.5,Silver,East,Apparel,In-Store,4,870.81,0.05,7.0,Standard,3.3,2026-03-15 11:19:35
CUST-10652,37,67.0,Bronze,East,Health & Beauty,Web,1,401.39,0.0,2.9,Express,3.0,2026-03-19 22:29:36
CUST-10653,25,41.3,Silver,East,Electronics,Web,2,1083.73,0.2,0.9,Same-Day,4.3,2026-02-05 05:21:26
CUST-10654,75,122.4,Platinum,West,Apparel,Mobile App,4,691.29,0.0,0.8,Same-Day,4.8,2026-02-06 05:52:06
CUST-10655,41,66.8,Silver,South,Electronics,In-Store,6,1198.17,0.2,6.3,Standard,3.1,2026-03-12 03:24:29
CUST-10656,41,78.0,Gold,East,Electronics,Web,3,1802.29,0.05,3.2,Express,4.7,2026-02-22 01:44:23
CUST-10657,40,61.8,Bronze,South,Apparel,Mobile App,1,316.27,0.25,6.6,Standard,3.0,2026-03-11 04:45:49
CUST-10658,43,62.6,Platinum,North,Electronics,Mobile App,2,1038.43,0.05,6.6,Standard,4.1,2026-02-11 23:43:53
CUST-10659,38,68.1,Silver,North,Health & Beauty,Mobile App,1,264.13,0.1,7.7,Standard,2.8,2026-03-12 16:10:29
CUST-10660,32,60.4,Bronze,North,Health & Beauty,Mobile App,4,288.84,0.0,5.3,Standard,3.2,2026-01-16 02:49:19
CUST-10661,33,68.5,Silver,South,Apparel,In-Store,1,311.21,0.05,,Express,3.7,2026-01-22 05:33:45
CUST-10662,40,65.0,Bronze,East,Home & Kitchen,Web,1,727.12,0.1,6.8,Standard,3.2,2026-03-23 10:27:39
CUST-10663,33,33.8,Bronze,West,Home & Kitchen,Web,2,430.76,0.15,5.9,Standard,2.9,2026-01-01 18:34:44
CUST-10664,31,52.6,Gold,North,Books & Media,In-Store,2,91.82,0.0,5.9,Standard,3.2,2026-03-09 18:03:27
CUST-10665,42,83.1,Bronze,North,Home & Kitchen,Mobile App,2,556.2,0.05,7.4,Standard,2.9,2026-01-11 15:08:03
CUST-10666,37,61.2,Gold,South,Electronics,Mobile App,2,867.54,0.05,0.8,Same-Day,4.6,2026-01-10 17:42:11
CUST-10667,62,89.5,Bronze,East,Books & Media,Mobile App,3,328.43,0.0,2.3,Express,3.1,2026-02-14 20:21:02
CUST-10668,18,59.6,Bronze,North,Books & Media,Mobile App,2,80.81,0.05,5.8,Standard,3.2,2026-02-26 05:24:36
CUST-10669,56,75.9,Platinum,West,Apparel,Mobile App,2,403.98,0.15,0.5,Same-Day,4.6,2026-01-20 04:20:03
CUST-10670,58,65.7,Bronze,West,Health & Beauty,In-Store,1,312.22,0.0,6.5,Standard,3.2,2026-02-12 05:24:14
CUST-10671,18,42.4,Silver,West,Health & Beauty,Mobile App,2,183.61,0.05,2.4,Express,3.1,2026-02-10 15:40:27
CUST-10672,36,57.3,Silver,North,Home & Kitchen,Web,3,467.34,0.2,1.3,Same-Day,4.6,2026-01-20 11:16:36
CUST-10673,35,49.0,Silver,South,Home & Kitchen,Mobile App,2,370.75,0.0,6.6,Standard,2.9,2026-01-27 15:14:08
CUST-10674,21,45.5,Gold,West,Health & Beauty,Web,3,211.87,0.05,2.3,Express,4.0,2026-01-13 05:40:13
CUST-10675,30,65.4,Silver,South,Apparel,Mobile App,2,217.81,0.1,5.8,Standard,3.1,2026-03-19 16:06:58
CUST-10676,25,52.4,Bronze,West,Apparel,Web,4,310.11,0.1,6.7,Standard,3.2,2026-03-06 00:58:31
CUST-10677,65,101.1,Gold,East,Electronics,Web,2,2322.96,0.1,2.5,Express,4.6,2026-02-07 17:31:47
CUST-10678,54,111.6,Bronze,East,Health & Beauty,Mobile App,2,584.14,0.1,0.8,Same-Day,4.0,2026-03-07 10:07:02
CUST-10679,58,83.7,Silver,East,Books & Media,Mobile App,3,253.47,0.0,7.5,Standard,2.3,2026-02-27 14:02:46
CUST-10680,51,85.3,Platinum,West,Electronics,Mobile App,1,1183.29,0.05,0.7,Same-Day,4.5,2026-03-24 02:32:17
CUST-10681,25,44.9,Silver,West,Health & Beauty,Mobile App,2,220.02,0.15,0.7,Same-Day,4.2,2026-03-26 17:35:49
CUST-10682,33,48.6,Gold,North,Books & Media,Web,3,145.94,0.0,7.2,Standard,3.7,2026-01-11 17:16:13
CUST-10683,47,67.9,Silver,North,Books & Media,Web,1,125.73,0.0,5.9,Standard,3.5,2026-01-30 20:00:24
CUST-10684,23,43.1,Gold,East,Electronics,Mobile App,2,1037.39,0.15,2.3,Express,4.3,2026-03-06 01:35:38
CUST-10685,50,85.4,Platinum,East,Apparel,Web,3,711.8,0.1,5.5,Standard,4.4,2026-03-24 22:39:25
CUST-10686,37,100.9,Bronze,East,Home & Kitchen,Mobile App,8,1144.29,0.05,7.6,Standard,3.5,2026-02-18 05:59:59
CUST-10687,35,52.8,Bronze,North,Home & Kitchen,Mobile App,5,522.46,0.2,1.0,Same-Day,4.4,2026-02-09 21:16:51
CUST-10688,50,73.8,Silver,East,Home & Kitchen,Web,1,830.7,0.1,2.4,Express,4.1,2026-03-09 17:57:05
CUST-10689,47,75.8,Silver,East,Books & Media,Mobile App,2,190.79,0.2,6.5,Standard,2.7,2026-01-21 23:57:25
CUST-10690,35,69.4,Bronze,South,Apparel,Web,1,326.89,0.2,2.3,Express,4.1,2026-01-05 22:43:47
CUST-10691,57,91.7,Bronze,South,Books & Media,Mobile App,1,128.41,0.05,6.8,Standard,3.1,2026-02-06 03:56:53
CUST-10692,25,71.8,Bronze,East,Electronics,Web,4,1410.53,0.1,5.5,Standard,3.4,2026-01-08 05:53:50
CUST-10693,49,42.5,Platinum,West,Apparel,Web,1,342.87,0.1,0.9,Same-Day,5.0,2026-03-02 03:47:40
CUST-10694,49,43.1,Silver,West,Electronics,Mobile App,1,963.9,0.15,0.9,Same-Day,4.2,2026-02-25 20:36:51
CUST-10695,36,57.2,Bronze,South,Apparel,Mobile App,7,402.77,0.15,5.9,Standard,3.1,2026-01-31 17:24:00
CUST-10696,45,91.0,Bronze,West,Apparel,Mobile App,5,504.29,0.0,5.3,Standard,2.9,2026-03-26 05:24:49
CUST-10697,23,26.8,Bronze,East,Books & Media,Mobile App,4,145.46,0.0,3.0,Express,3.6,2026-01-25 20:56:20
CUST-10698,53,38.2,Bronze,North,Home & Kitchen,Mobile App,5,654.04,0.0,7.1,Standard,3.0,2026-02-26 03:12:13
CUST-10699,38,75.4,Bronze,West,Apparel,Web,4,412.38,0.15,6.8,Standard,3.1,2026-03-31 07:12:45
CUST-10700,33,65.0,Gold,East,Home & Kitchen,Mobile App,1,619.24,0.15,7.5,Standard,3.4,2026-03-23 00:11:07
CUST-10701,55,69.1,Platinum,West,Electronics,Mobile App,2,1265.55,0.05,2.7,Express,4.9,2026-03-20 22:31:54
CUST-10702,31,44.3,Bronze,West,Electronics,Mobile App,2,839.29,0.05,5.3,Standard,3.5,2026-03-16 02:34:24
CUST-10703,21,33.6,Bronze,West,Home & Kitchen,Mobile App,1,323.38,0.15,5.2,Standard,3.2,2026-02-03 17:27:48
CUST-10704,19,47.6,Bronze,East,Home & Kitchen,In-Store,5,643.52,0.0,5.9,Standard,2.8,2026-02-13 22:43:17
CUST-10705,49,69.5,Silver,West,Books & Media,Web,2,144.48,0.0,5.2,Standard,3.4,2026-01-07 19:55:14
CUST-10706,23,57.7,Bronze,East,Apparel,In-Store,1,385.14,0.05,6.4,Standard,3.8,2026-02-20 16:57:41
CUST-10707,65,53.7,Bronze,North,Books & Media,Web,1,197.47,0.2,5.0,Standard,3.4,2026-01-26 01:51:19
CUST-10708,18,31.9,Bronze,East,Home & Kitchen,Web,1,371.84,0.15,6.2,Standard,3.0,2026-01-29 00:19:15
CUST-10709,64,78.5,Gold,East,Health & Beauty,Web,6,758.53,0.05,2.4,Express,4.5,2026-02-12 03:27:06
CUST-10710,43,68.5,Silver,North,Electronics,Mobile App,3,1136.81,0.0,6.0,Standard,3.3,2026-01-28 04:54:28
CUST-10711,39,59.8,Silver,North,Home & Kitchen,Web,2,505.95,0.1,6.8,Standard,3.2,2026-02-06 17:30:30
CUST-10712,33,73.3,Bronze,South,Home & Kitchen,In-Store,2,448.75,0.15,1.1,Same-Day,4.5,2026-02-25 03:23:28
CUST-10713,46,47.7,Gold,West,Health & Beauty,In-Store,3,285.93,0.1,2.5,Express,4.4,2026-02-07 20:51:16
CUST-10714,40,69.7,Platinum,East,Electronics,Mobile App,4,1789.5,0.05,3.2,Express,5.0,2026-02-26 01:10:04
CUST-10715,56,95.0,Bronze,North,Home & Kitchen,Mobile App,2,719.25,0.0,6.9,Standard,3.0,2026-02-04 04:41:17
CUST-10716,42,99.0,Bronze,North,Apparel,In-Store,7,565.3,0.2,6.4,Standard,3.6,2026-01-29 18:15:13
CUST-10717,43,65.1,Silver,East,Home & Kitchen,In-Store,9,1201.09,0.0,2.8,Express,4.1,2026-02-18 01:37:30
CUST-10718,35,68.4,Bronze,South,Apparel,Mobile App,12,538.3,0.0,2.8,Express,4.0,2026-03-13 22:16:49
CUST-10719,40,41.9,Bronze,East,Electronics,Mobile App,3,1514.48,0.15,,Standard,3.6,2026-03-19 03:44:17
CUST-10720,45,38.6,Silver,South,Home & Kitchen,Mobile App,7,640.06,0.25,5.2,Standard,4.1,2026-02-16 02:49:46
CUST-10721,18,57.5,Silver,South,Apparel,Mobile App,2,217.13,0.1,0.8,Same-Day,4.4,2026-02-07 03:43:24
CUST-10722,22,49.1,Bronze,North,Electronics,Web,5,828.15,0.1,6.0,Standard,2.8,2026-01-03 18:04:10
CUST-10723,51,98.8,Silver,South,Apparel,Mobile App,6,496.65,0.0,5.1,Standard,3.4,2026-03-20 02:19:25
CUST-10724,43,51.7,Platinum,North,Electronics,Web,6,1276.69,0.0,5.8,Standard,4.0,2026-03-29 01:47:04
CUST-10725,38,74.6,Bronze,East,Health & Beauty,Web,5,560.39,0.0,2.3,Express,4.5,2026-03-28 22:34:15
CUST-10726,41,98.1,Silver,West,Home & Kitchen,Mobile App,2,581.41,0.05,3.1,Express,4.1,2026-03-18 20:47:07
CUST-10727,45,80.8,Bronze,East,Books & Media,In-Store,1,237.19,0.0,2.4,Express,4.5,2026-02-19 19:42:12
CUST-10728,33,65.4,Bronze,West,Apparel,In-Store,1,322.65,0.15,5.4,Standard,3.0,2026-01-21 09:13:57
CUST-10729,30,58.1,Silver,North,Health & Beauty,Mobile App,4,258.32,0.0,6.7,Standard,3.4,2026-02-17 16:53:31
CUST-10730,43,48.7,Bronze,West,Apparel,Mobile App,1,332.14,0.05,6.4,Standard,2.6,2026-02-27 13:25:53
CUST-10731,27,75.0,Bronze,West,Home & Kitchen,Web,2,422.87,0.05,2.8,Express,3.1,2026-02-01 04:53:26
CUST-10732,46,66.4,Bronze,North,Apparel,Mobile App,2,406.42,0.1,2.6,Express,3.6,2026-01-08 04:44:48
CUST-10733,18,52.4,Silver,South,Books & Media,Web,3,60.3,0.0,1.1,Same-Day,4.5,2026-02-27 04:42:25
CUST-10734,55,62.1,Silver,East,Home & Kitchen,Web,7,1198.12,0.15,7.1,Standard,2.6,2026-02-06 03:45:08
CUST-10735,47,59.0,Bronze,West,Apparel,Mobile App,3,413.09,0.05,2.4,Express,3.8,2026-03-24 17:41:46
CUST-10736,44,94.9,Silver,East,Electronics,Web,4,2048.22,0.1,6.1,Standard,3.5,2026-03-27 22:23:06
CUST-10737,54,79.2,Bronze,North,Home & Kitchen,Web,3,732.51,0.1,7.6,Standard,3.1,2026-01-25 04:30:58
CUST-10738,64,117.2,Silver,East,Apparel,In-Store,5,969.26,0.0,5.5,Standard,4.0,2026-01-25 03:17:49
CUST-10739,55,84.3,Bronze,North,Electronics,Web,1,1215.7,0.1,5.8,Standard,3.2,2026-02-25 08:38:45
CUST-10740,18,22.0,Silver,West,Apparel,Web,1,191.0,0.05,1.0,Same-Day,3.9,2026-03-26 22:54:07
CUST-10741,23,63.7,Platinum,East,Apparel,Web,7,630.39,0.15,5.1,Standard,3.8,2026-03-02 09:49:01
CUST-10742,32,51.4,Platinum,South,Books & Media,Web,3,52.32,0.15,1.0,Same-Day,4.8,2026-03-18 18:21:17
CUST-10743,41,80.6,Bronze,East,Electronics,Web,3,1774.68,0.0,5.1,Standard,2.9,2026-03-11 21:20:35
CUST-10744,48,78.2,Gold,West,Apparel,Mobile App,2,440.8,0.0,5.4,Standard,3.1,2026-01-29 04:33:23
CUST-10745,30,34.9,Bronze,East,Books & Media,Web,2,157.46,0.0,6.0,Standard,3.8,2026-02-02 01:24:54
CUST-10746,43,74.8,Platinum,West,Home & Kitchen,Mobile App,2,558.2,0.25,5.1,Standard,4.2,2026-03-18 20:39:33
CUST-10747,30,90.9,Bronze,West,Apparel,Web,1,331.8,0.0,7.0,Standard,3.8,2026-03-19 22:54:41
CUST-10748,32,67.6,Bronze,West,Books & Media,Mobile App,2,92.32,0.1,7.1,Standard,2.6,2026-02-15 03:46:37
CUST-10749,21,47.2,Bronze,East,Apparel,Mobile App,2,309.36,0.1,6.1,Standard,3.0,2026-03-10 19:29:10
CUST-10750,28,71.9,Bronze,West,Apparel,Mobile App,2,367.69,0.1,1.0,Same-Day,3.7,2026-03-10 01:05:58
CUST-10751,22,52.4,Silver,North,Health & Beauty,Mobile App,3,199.78,0.0,2.9,Express,3.5,2026-03-19 18:52:51
CUST-10752,27,57.8,Platinum,South,Health & Beauty,In-Store,8,310.02,0.0,2.9,Express,4.9,2026-01-18 22:44:09
CUST-10753,55,69.1,Silver,West,Apparel,Web,3,472.68,0.05,5.5,Standard,3.4,2026-03-16 10:24:28
CUST-10754,27,58.2,Silver,North,Electronics,Mobile App,5,1037.99,0.0,7.3,Standard,3.2,2026-03-25 04:04:48
CUST-10755,75,123.0,Gold,East,Apparel,In-Store,2,971.87,0.0,7.6,Standard,3.8,2026-01-02 13:28:55
CUST-10756,47,64.2,Bronze,West,Electronics,Web,3,1201.4,0.0,1.0,Same-Day,4.4,2026-01-03 17:21:39
CUST-10757,43,93.7,Bronze,East,Electronics,Web,1,1649.95,0.05,6.9,Standard,2.6,2026-01-29 19:02:05
CUST-10758,28,54.4,Bronze,East,Apparel,Web,1,383.79,0.05,7.0,Standard,2.8,2026-03-29 01:56:47
CUST-10759,50,66.7,Bronze,East,Health & Beauty,Mobile App,3,562.23,0.0,2.5,Express,3.8,2026-02-18 02:46:09
CUST-10760,32,75.2,Bronze,West,Health & Beauty,Web,2,290.13,0.0,6.3,Standard,4.4,2026-03-06 14:58:29
CUST-10761,42,66.9,Bronze,North,Apparel,Web,4,405.96,0.0,2.3,Express,4.1,2026-02-11 12:29:54
CUST-10762,75,118.9,Bronze,South,Home & Kitchen,Mobile App,2,738.37,0.05,5.5,Standard,3.2,2026-01-07 03:23:27
CUST-10763,39,63.5,Bronze,East,Electronics,Mobile App,5,1846.23,0.0,5.2,Standard,3.5,2026-03-01 02:40:28
CUST-10764,57,86.8,Gold,North,Electronics,Web,9,1768.61,0.1,2.8,Express,4.0,2026-03-23 03:16:50
CUST-10765,31,66.5,Bronze,South,Electronics,Web,1,710.36,0.0,6.7,Standard,3.1,2026-01-20 02:48:24
CUST-10766,40,73.4,Silver,North,Books & Media,Mobile App,2,177.39,0.2,7.5,Standard,3.2,2026-02-22 03:44:35
CUST-10767,65,66.6,Silver,East,Electronics,In-Store,3,2270.1,0.0,6.5,Standard,3.0,2026-03-02 20:49:26
CUST-10768,32,43.4,Silver,East,Health & Beauty,Mobile App,1,341.11,0.2,2.5,Express,3.5,2026-01-03 00:19:33
CUST-10769,66,111.5,Bronze,East,Home & Kitchen,Mobile App,1,1176.91,0.15,0.5,Same-Day,4.1,2026-03-21 03:25:51
CUST-10770,50,78.0,Bronze,West,Apparel,Web,4,439.25,0.1,3.1,Express,3.5,2026-01-23 16:04:33
CUST-10771,33,53.4,Bronze,North,Electronics,Web,10,1400.24,0.2,2.7,Express,3.2,2026-01-19 21:12:31
CUST-10772,49,58.5,Bronze,East,Home & Kitchen,Mobile App,4,957.78,0.0,7.0,Standard,2.7,2026-03-12 02:38:43
CUST-10773,54,68.2,Bronze,East,Health & Beauty,Mobile App,2,524.47,0.0,5.0,Standard,2.8,2026-02-19 23:03:03
CUST-10774,49,48.6,Silver,North,Home & Kitchen,Mobile App,2,538.22,0.0,6.3,Standard,2.6,2026-03-03 02:44:47
CUST-10775,19,44.4,Silver,South,Apparel,In-Store,2,233.47,0.0,2.5,Express,3.4,2026-01-19 18:16:33
CUST-10776,30,49.0,Silver,West,Home & Kitchen,In-Store,2,395.95,0.0,5.1,Standard,3.6,2026-01-22 11:39:15
CUST-10777,37,51.2,Bronze,North,Apparel,Web,2,323.68,0.05,3.0,Express,4.2,2026-01-03 11:58:59
CUST-10778,39,66.9,Bronze,West,Health & Beauty,Web,1,292.21,0.0,2.7,Express,3.2,2026-01-06 05:34:46
CUST-10779,49,84.4,Gold,East,Books & Media,Web,6,252.01,0.05,1.1,Same-Day,5.0,2026-03-09 05:56:45
CUST-10780,43,103.7,Bronze,West,Home & Kitchen,Web,4,665.2,0.0,7.2,Standard,2.5,2026-03-01 17:30:10
CUST-10781,22,26.5,Silver,North,Apparel,Web,3,222.71,0.1,6.2,Standard,3.3,2026-02-08 16:15:14
CUST-10782,46,93.0,Gold,South,Home & Kitchen,In-Store,7,693.4,0.25,5.0,Standard,3.9,2026-01-28 10:33:55
CUST-10783,49,93.5,Bronze,East,Apparel,Web,1,651.13,0.05,7.6,Standard,3.1,2026-01-01 17:58:37
CUST-10784,48,66.1,Bronze,West,Electronics,Web,1,1077.87,0.05,2.5,Express,3.3,2026-01-22 19:31:29
CUST-10785,56,89.6,Silver,West,Apparel,Web,5,543.98,0.05,7.2,Standard,2.3,2026-02-14 17:32:55
CUST-10786,52,75.3,Bronze,West,Health & Beauty,In-Store,12,522.31,0.15,1.3,Same-Day,3.7,2026-02-21 03:57:26
CUST-10787,47,79.5,Bronze,East,Home & Kitchen,Mobile App,3,974.21,0.0,0.6,Same-Day,4.2,2026-03-23 03:07:15
CUST-10788,40,91.6,Bronze,West,Electronics,In-Store,1,1067.87,0.2,2.7,Express,4.4,2026-02-20 14:29:00
CUST-10789,18,53.9,Bronze,South,Health & Beauty,In-Store,4,216.43,0.05,5.1,Standard,2.9,2026-01-29 02:02:24
CUST-10790,47,84.3,Silver,North,Apparel,Mobile App,1,382.06,0.0,6.0,Standard,3.1,2026-01-30 23:16:27
CUST-10791,43,65.8,Gold,West,Apparel,Web,2,368.67,0.25,7.0,Standard,3.2,2026-01-08 16:58:42
CUST-10792,44,51.1,Bronze,West,Apparel,Web,1,338.92,0.2,5.6,Standard,3.2,2026-02-11 02:50:13
CUST-10793,23,47.2,Platinum,West,Home & Kitchen,Web,6,485.96,0.1,5.3,Standard,3.5,2026-01-25 14:23:33
CUST-10794,25,70.6,Platinum,West,Home & Kitchen,Mobile App,2,437.32,0.0,6.4,Standard,4.5,2026-02-28 16:15:55
CUST-10795,55,62.6,Platinum,South,Apparel,Web,6,463.47,0.1,2.7,Express,4.6,2026-03-18 16:58:47
CUST-10796,40,53.2,Gold,South,Home & Kitchen,Web,1,421.29,0.0,6.8,Standard,3.8,2026-02-04 05:19:03
CUST-10797,50,81.9,Bronze,West,Apparel,Mobile App,2,455.22,0.05,7.0,Standard,2.9,2026-02-09 02:09:13
CUST-10798,41,55.3,Bronze,West,Books & Media,Mobile App,7,165.03,0.0,6.9,Standard,3.0,2026-03-12 21:58:15
CUST-10799,41,58.2,Silver,South,Electronics,Mobile App,1,812.75,0.05,0.9,Same-Day,4.4,2026-03-28 03:54:14
CUST-10800,54,78.0,Silver,West,Books & Media,Web,3,188.6,0.1,2.4,Express,3.8,2026-02-15 17:23:33
CUST-10801,33,40.8,Gold,North,Home & Kitchen,Mobile App,2,390.96,0.0,6.5,Standard,3.6,2026-02-08 05:46:12
CUST-10802,42,56.6,Platinum,East,Home & Kitchen,Mobile App,4,881.1,0.2,2.6,Express,4.4,2026-02-03 02:06:16
CUST-10803,34,73.0,Silver,North,Apparel,Web,1,323.95,0.0,3.2,Express,3.4,2026-01-23 00:47:27
CUST-10804,34,42.8,Bronze,West,Home & Kitchen,Mobile App,2,420.42,0.0,0.7,Same-Day,3.7,2026-01-28 03:48:51
CUST-10805,36,40.6,Bronze,South,Electronics,In-Store,3,815.95,0.1,7.6,Standard,2.6,2026-03-05 01:19:09
CUST-10806,44,63.9,Bronze,South,Books & Media,Web,2,98.84,0.15,3.0,Express,4.1,2026-01-28 04:12:46
CUST-10807,34,73.4,Silver,East,Electronics,Web,1,1346.61,0.2,6.9,Standard,3.6,2026-01-22 03:28:16
CUST-10808,58,85.8,Silver,North,Electronics,Mobile App,3,1483.54,0.1,0.7,Same-Day,3.6,2026-02-22 17:09:07
CUST-10809,28,48.8,Gold,South,Home & Kitchen,Web,2,334.88,0.0,6.2,Standard,3.7,2026-02-04 17:08:01
CUST-10810,38,67.5,Silver,West,Books & Media,In-Store,1,115.04,0.25,1.2,Same-Day,3.9,2026-02-16 14:06:55
CUST-10811,34,36.2,Gold,East,Electronics,Web,3,1350.48,0.2,1.0,Same-Day,5.0,2026-02-19 17:43:57
CUST-10812,61,99.5,Silver,East,Health & Beauty,Mobile App,6,787.94,0.0,7.4,Standard,2.9,2026-01-10 20:32:00
CUST-10813,43,78.1,Gold,West,Health & Beauty,Mobile App,1,352.13,0.05,0.9,Same-Day,4.5,2026-01-28 11:23:54
CUST-10814,55,79.4,Bronze,West,Home & Kitchen,Mobile App,3,692.94,0.05,7.2,Standard,2.6,2026-02-06 19:15:54
CUST-10815,20,62.1,Gold,North,Apparel,Web,4,304.22,0.05,6.2,Standard,3.0,2026-02-11 03:31:04
CUST-10816,44,56.5,Silver,East,Books & Media,Web,1,159.47,0.25,5.2,Standard,3.5,2026-03-03 04:03:34
CUST-10817,53,100.2,Bronze,South,Apparel,Web,1,373.02,0.0,1.2,Same-Day,4.1,2026-02-20 08:13:21
CUST-10818,42,73.5,Bronze,East,Apparel,Web,2,550.96,0.1,6.0,Standard,3.3,2026-01-08 08:59:42
CUST-10819,55,80.5,Gold,East,Health & Beauty,Web,4,609.69,0.0,3.1,Express,3.9,2026-02-27 16:54:15
CUST-10820,33,61.0,Bronze,West,Health & Beauty,In-Store,1,189.41,0.05,3.0,Express,3.6,2026-03-03 04:28:52
CUST-10821,60,89.4,Silver,West,Health & Beauty,Web,5,491.85,0.1,1.0,Same-Day,4.3,2026-02-02 22:21:08
CUST-10822,73,123.6,Bronze,East,Apparel,Mobile App,3,1001.62,0.0,2.8,Express,4.0,2026-01-20 07:22:35
CUST-10823,35,47.3,Silver,East,Apparel,Mobile App,1,437.47,0.05,6.9,Standard,2.5,2026-01-31 04:25:08
CUST-10824,34,51.0,Gold,East,Apparel,Mobile App,2,508.51,0.2,6.5,Standard,3.3,2026-03-20 04:25:13
CUST-10825,61,107.6,Bronze,North,Apparel,In-Store,8,658.82,0.1,6.4,Standard,2.6,2026-01-14 16:48:09
CUST-10826,63,85.4,Bronze,North,Apparel,Web,1,474.2,0.05,2.4,Express,3.8,2026-02-05 22:43:21
CUST-10827,33,74.8,Platinum,West,Apparel,In-Store,2,298.46,0.0,5.6,Standard,4.4,2026-01-08 07:46:15
CUST-10828,35,89.0,Gold,North,Home & Kitchen,Mobile App,3,582.86,0.05,7.1,Standard,3.3,2026-02-03 16:21:40
CUST-10829,37,59.7,Gold,North,Books & Media,Mobile App,1,92.07,0.1,0.5,Same-Day,4.4,2026-02-20 00:43:02
CUST-10830,22,59.4,Bronze,East,Books & Media,Mobile App,1,129.4,0.15,7.1,Standard,2.8,2026-02-01 20:02:27
CUST-10831,28,38.5,Bronze,South,Books & Media,Mobile App,1,99.71,0.0,2.7,Express,4.5,2026-02-11 20:41:29
CUST-10832,26,64.9,Bronze,South,Electronics,Web,1,703.37,0.1,7.5,Standard,3.3,2026-02-03 04:51:28
CUST-10833,30,61.0,Silver,East,Electronics,Web,1,1218.62,0.0,7.7,Standard,3.1,2026-01-15 00:16:00
CUST-10834,40,76.1,Bronze,East,Books & Media,Mobile App,4,240.04,0.0,6.8,Standard,3.1,2026-03-31 03:13:27
CUST-10835,44,63.7,Bronze,East,Home & Kitchen,In-Store,12,1312.4,0.05,6.1,Standard,3.1,2026-01-29 02:44:21
CUST-10836,62,68.3,Bronze,East,Home & Kitchen,Mobile App,1,1029.16,0.0,0.7,Same-Day,3.8,2026-02-08 23:29:31
CUST-10837,27,62.2,Bronze,North,Electronics,Web,2,826.61,0.0,5.6,Standard,2.8,2026-02-01 03:12:51
CUST-10838,54,53.4,Gold,West,Apparel,In-Store,1,401.91,0.1,5.3,Standard,3.5,2026-01-25 06:25:10
CUST-10839,38,62.0,Bronze,South,Home & Kitchen,Mobile App,1,395.9,0.05,2.8,Express,3.4,2026-01-05 06:39:25
CUST-10840,40,83.1,Silver,North,Books & Media,Web,1,160.06,0.15,3.0,Express,3.4,2026-03-20 03:31:30
CUST-10841,50,82.9,Platinum,North,Health & Beauty,Web,2,362.87,0.1,2.5,Express,4.6,2026-01-09 22:45:19
CUST-10842,25,81.7,Bronze,North,Apparel,Web,7,454.57,0.1,1.1,Same-Day,4.0,2026-03-11 16:33:19
CUST-10843,46,91.0,Silver,East,Home & Kitchen,In-Store,2,942.4,0.0,2.8,Express,3.5,2026-01-24 12:50:32
CUST-10844,43,62.5,Platinum,West,Books & Media,In-Store,2,127.61,0.0,7.5,Standard,3.9,2026-03-31 17:22:04
CUST-10845,47,77.1,Platinum,North,Home & Kitchen,Web,1,581.91,0.1,2.3,Express,4.6,2026-03-06 19:33:40
CUST-10846,45,73.8,Bronze,East,Apparel,Web,1,591.86,0.0,5.6,Standard,3.3,2026-03-28 16:43:02
CUST-10847,75,83.8,Bronze,East,Health & Beauty,Mobile App,6,796.41,0.15,7.5,Standard,2.6,2026-01-17 17:51:43
CUST-10848,32,46.1,Bronze,South,Books & Media,In-Store,1,59.83,0.05,5.1,Standard,3.5,2026-02-06 14:11:49
CUST-10849,33,52.9,Silver,North,Health & Beauty,Mobile App,8,370.08,0.0,6.8,Standard,2.8,2026-02-19 23:22:59
CUST-10850,32,29.7,Silver,East,Electronics,Mobile App,35,8450.0,0.1,6.7,Standard,3.6,2026-02-14 16:27:33
CUST-10851,33,62.0,Silver,North,Home & Kitchen,Web,3,533.23,0.2,6.0,Standard,3.0,2026-01-21 02:18:30
CUST-10852,32,56.5,Bronze,South,Books & Media,Mobile App,12,126.25,0.0,6.3,Standard,3.0,2026-02-28 19:47:41
CUST-10853,57,62.6,Bronze,West,Electronics,Web,1,1202.68,0.0,1.3,Same-Day,4.2,2026-03-01 02:33:06
CUST-10854,60,97.1,Silver,East,Books & Media,Mobile App,2,289.23,0.15,0.6,Same-Day,4.4,2026-04-01 04:07:29
CUST-10855,33,72.0,Silver,South,Electronics,Web,4,969.83,0.0,2.4,Express,4.1,2026-01-11 14:33:53
CUST-10856,29,60.3,Silver,West,Books & Media,In-Store,1,123.32,0.0,2.7,Express,4.3,2026-02-25 07:41:17
CUST-10857,47,71.8,Bronze,East,Home & Kitchen,Web,3,950.79,0.0,6.1,Standard,3.3,2026-03-26 01:15:15
CUST-10858,33,70.2,Bronze,West,Electronics,In-Store,1,859.88,0.05,1.2,Same-Day,4.0,2026-03-06 13:06:12
CUST-10859,49,89.1,Bronze,North,Apparel,Web,1,402.08,0.05,7.5,Standard,2.7,2026-03-18 19:26:32
CUST-10860,43,76.9,Bronze,East,Home & Kitchen,Mobile App,1,812.09,0.05,7.5,Standard,2.8,2026-02-28 04:50:06
CUST-10861,19,33.5,Bronze,East,Home & Kitchen,Mobile App,6,680.29,0.2,5.6,Standard,3.7,2026-02-14 01:19:29
CUST-10862,62,97.3,Bronze,East,Apparel,Web,1,774.76,0.1,5.8,Standard,2.7,2026-03-18 18:53:10
CUST-10863,66,115.5,Bronze,South,Health & Beauty,In-Store,1,351.59,0.25,5.4,Standard,2.9,2026-01-15 05:58:05
CUST-10864,32,51.3,Bronze,East,Apparel,Mobile App,3,475.95,0.05,7.5,Standard,2.8,2026-03-18 03:34:20
CUST-10865,35,95.0,Bronze,North,Apparel,Mobile App,1,380.79,0.0,6.1,Standard,2.8,2026-02-22 02:16:31
CUST-10866,45,66.6,Silver,South,Electronics,In-Store,2,969.25,0.2,6.2,Standard,2.9,2026-02-04 04:27:04
CUST-10867,45,75.0,Bronze,East,Health & Beauty,In-Store,1,471.72,0.0,7.2,Standard,3.5,2026-03-05 03:07:41
CUST-10868,50,69.9,Silver,South,Electronics,Mobile App,4,1199.13,0.1,0.8,Same-Day,4.0,2026-01-27 18:03:28
CUST-10869,69,104.2,Silver,South,Home & Kitchen,In-Store,3,711.73,0.0,5.3,Standard,3.4,2026-01-13 00:32:34
CUST-10870,38,40.7,Silver,South,Books & Media,Web,2,88.71,0.1,6.2,Standard,2.5,2026-02-08 04:49:58
CUST-10871,29,48.7,Platinum,East,Electronics,Web,1,1105.62,0.2,2.8,Express,4.2,2026-02-25 17:21:46
CUST-10872,21,31.7,Bronze,North,Home & Kitchen,Mobile App,3,350.14,0.05,2.9,Express,4.0,2026-03-06 16:30:11
CUST-10873,30,60.0,Silver,North,Apparel,Web,4,376.32,0.0,6.7,Standard,3.6,2026-03-31 16:00:36
CUST-10874,40,83.9,Platinum,South,Books & Media,Mobile App,1,77.83,0.0,2.3,Express,4.8,2026-02-09 17:40:45
CUST-10875,66,107.3,Gold,East,Home & Kitchen,Web,1,1155.68,0.05,5.8,Standard,3.5,2026-01-21 15:13:43
CUST-10876,33,25.7,Bronze,North,Books & Media,Web,1,108.94,0.0,7.0,Standard,3.1,2026-02-02 03:06:21
CUST-10877,44,104.0,Bronze,West,Health & Beauty,In-Store,3,331.07,0.1,7.4,Standard,2.0,2026-03-31 03:07:10
CUST-10878,40,73.4,Bronze,East,Home & Kitchen,Mobile App,11,1269.02,0.05,2.2,Express,3.9,2026-01-12 16:07:22
CUST-10879,57,76.1,Silver,West,Books & Media,In-Store,1,126.95,0.0,5.1,Standard,2.9,2026-03-31 02:53:54
CUST-10880,75,109.9,Silver,South,Home & Kitchen,Mobile App,1,715.58,0.05,2.8,Express,4.0,2026-01-27 01:23:44
CUST-10881,33,63.9,Bronze,West,Apparel,Web,1,243.82,0.05,6.5,Standard,2.3,2026-02-05 18:54:09
CUST-10882,34,52.4,Silver,West,Home & Kitchen,Web,1,446.98,0.0,2.4,Express,3.5,2026-01-16 17:00:41
CUST-10883,55,88.5,Silver,South,Health & Beauty,Web,2,330.26,0.1,6.5,Standard,3.0,2026-03-19 18:34:23
CUST-10884,50,70.9,Bronze,West,Apparel,In-Store,6,505.17,0.15,7.6,Standard,2.6,2026-02-04 02:40:52
CUST-10885,66,91.5,Gold,North,Apparel,Web,1,527.66,0.0,2.8,Express,4.1,2026-01-24 19:07:45
CUST-10886,49,68.6,Gold,West,Apparel,Web,4,442.64,0.0,2.6,Express,4.5,2026-03-13 18:04:51
CUST-10887,35,42.0,Bronze,West,Apparel,In-Store,2,279.57,0.1,,Standard,2.9,2026-02-08 10:31:15
CUST-10888,49,81.1,Silver,North,Electronics,Mobile App,4,1402.62,0.0,2.4,Express,3.4,2026-03-06 04:00:11
CUST-10889,56,95.4,Bronze,South,Apparel,Web,2,482.84,0.0,2.6,Express,4.1,2026-03-19 03:01:54
CUST-10890,52,89.9,Silver,North,Apparel,Web,1,429.45,0.1,6.4,Standard,3.1,2026-01-29 22:41:49
CUST-10891,48,90.1,Platinum,North,Home & Kitchen,In-Store,7,821.53,0.0,1.2,Same-Day,5.0,2026-02-01 05:45:31
CUST-10892,55,90.4,Gold,East,Apparel,In-Store,1,709.01,0.0,3.1,Express,3.8,2026-03-04 18:14:23
CUST-10893,57,79.7,Bronze,East,Home & Kitchen,Web,3,1034.93,0.25,5.8,Standard,2.3,2026-02-13 02:41:03
CUST-10894,60,103.6,Bronze,West,Health & Beauty,Mobile App,5,458.72,0.0,5.2,Standard,2.9,2026-01-19 19:08:41
CUST-10895,50,59.6,Bronze,East,Health & Beauty,In-Store,1,511.07,0.2,7.5,Standard,2.5,2026-01-10 19:11:32
CUST-10896,38,53.3,Silver,East,Home & Kitchen,Mobile App,2,689.02,0.0,5.6,Standard,3.0,2026-02-26 04:09:17
CUST-10897,43,57.8,Bronze,West,Electronics,Mobile App,5,1303.86,0.15,6.0,Standard,2.8,2026-03-02 03:23:46
CUST-10898,57,103.9,Silver,East,Health & Beauty,Mobile App,10,845.73,0.05,6.4,Standard,3.1,2026-02-12 18:40:16
CUST-10899,29,71.0,Bronze,East,Home & Kitchen,In-Store,3,772.19,0.0,3.2,Express,3.9,2026-02-17 14:49:20
CUST-10900,46,82.9,Bronze,West,Apparel,Web,1,394.91,0.1,6.4,Standard,3.4,2026-02-09 20:18:00
CUST-10901,35,79.6,Bronze,North,Electronics,Web,3,1107.52,0.15,2.6,Express,4.0,2026-02-04 03:50:58
CUST-10902,41,56.9,Platinum,South,Electronics,Mobile App,3,984.87,0.0,6.6,Standard,3.6,2026-01-01 15:16:45
CUST-10903,58,94.0,Silver,North,Electronics,Mobile App,3,1517.63,0.1,7.6,Standard,2.9,2026-01-20 02:01:43
CUST-10904,43,70.4,Bronze,West,Electronics,In-Store,5,1285.15,0.05,3.0,Express,4.2,2026-01-02 04:09:24
CUST-10905,41,82.8,Bronze,South,Health & Beauty,Web,1,243.55,0.1,2.4,Express,3.2,2026-03-29 16:04:58
CUST-10906,21,46.4,Silver,South,Home & Kitchen,In-Store,1,266.3,0.1,7.2,Standard,3.4,2026-01-26 04:38:30
CUST-10907,51,75.3,Bronze,East,Home & Kitchen,Web,3,957.33,0.0,7.3,Standard,2.5,2026-03-09 13:05:42
CUST-10908,50,88.1,Silver,East,Books & Media,Mobile App,8,324.73,0.0,6.9,Standard,3.1,2026-03-30 02:01:19
CUST-10909,71,116.2,Gold,North,Books & Media,Web,2,191.76,0.05,2.9,Express,4.3,2026-03-26 03:07:25
CUST-10910,36,54.6,Silver,North,Health & Beauty,Mobile App,8,407.95,0.2,6.2,Standard,3.2,2026-01-28 21:03:18
CUST-10911,44,72.5,Silver,South,Health & Beauty,Mobile App,7,352.21,0.0,2.8,Express,4.5,2026-02-14 17:58:29
CUST-10912,44,57.5,Silver,North,Apparel,Web,6,430.49,0.1,2.9,Express,3.6,2026-01-25 05:49:24
CUST-10913,63,56.8,Gold,North,Health & Beauty,Web,6,492.46,0.0,5.3,Standard,3.2,2026-02-13 10:30:35
CUST-10914,39,70.9,Platinum,South,Books & Media,Mobile App,6,148.77,0.1,5.7,Standard,4.2,2026-01-03 00:35:48
CUST-10915,44,82.5,Silver,West,Electronics,In-Store,4,1298.67,0.1,5.5,Standard,3.2,2026-01-23 20:07:17
CUST-10916,49,82.8,Bronze,East,Home & Kitchen,Web,3,1019.01,0.1,7.3,Standard,3.1,2026-03-19 22:30:03
CUST-10917,43,43.1,Silver,South,Home & Kitchen,Web,1,424.96,0.2,6.8,Standard,3.3,2026-03-03 23:16:26
CUST-10918,34,57.1,Bronze,East,Health & Beauty,Web,1,347.52,0.0,6.2,Standard,3.1,2026-01-15 23:58:32
CUST-10919,43,39.0,Silver,North,Apparel,In-Store,1,309.86,0.0,3.0,Express,3.8,2026-02-01 17:56:05
CUST-10920,56,107.1,Silver,South,Home & Kitchen,Web,1,576.9,0.25,6.9,Standard,3.0,2026-03-29 02:45:06
CUST-10921,26,37.3,Bronze,North,Electronics,Web,1,607.81,0.0,1.4,Same-Day,4.6,2026-01-04 10:39:00
CUST-10922,42,90.0,Bronze,North,Apparel,Mobile App,6,526.86,0.1,5.2,Standard,3.1,2026-03-25 10:13:37
CUST-10923,31,73.3,Silver,West,Electronics,Mobile App,3,1012.62,0.1,6.4,Standard,2.8,2026-01-31 22:07:34
CUST-10924,57,74.2,Gold,West,Home & Kitchen,Web,1,644.4,0.1,2.9,Express,4.5,2026-03-01 00:57:22
CUST-10925,19,28.9,Silver,West,Books & Media,In-Store,4,120.64,0.0,2.4,Express,3.4,2026-03-12 18:24:15
CUST-10926,33,66.6,Silver,North,Electronics,Mobile App,2,955.96,0.0,5.9,Standard,3.3,2026-01-02 00:13:58
CUST-10927,46,62.9,Bronze,North,Home & Kitchen,Mobile App,1,543.16,0.1,2.6,Express,3.7,2026-03-10 23:22:33
CUST-10928,62,94.7,Silver,North,Electronics,Web,6,1693.71,0.0,1.3,Same-Day,3.9,2026-01-14 20:42:33
CUST-10929,40,61.8,Bronze,East,Electronics,In-Store,1,1438.09,0.1,2.7,Express,4.6,2026-01-24 01:40:30
CUST-10930,33,34.6,Silver,West,Apparel,Web,3,334.61,0.05,6.3,Standard,3.5,2026-03-13 06:16:42
CUST-10931,67,65.2,Bronze,South,Electronics,Web,1,1166.33,0.05,2.6,Express,4.1,2026-01-16 22:48:30
CUST-10932,20,50.4,Silver,West,Home & Kitchen,Web,2,341.93,0.0,2.4,Express,4.0,2026-01-10 03:11:51
CUST-10933,18,36.4,Bronze,West,Electronics,Mobile App,4,738.75,0.2,3.1,Express,3.4,2026-01-31 18:19:10
CUST-10934,47,68.4,Bronze,North,Electronics,Mobile App,1,1091.87,0.05,2.5,Express,3.8,2026-03-03 03:33:07
CUST-10935,33,71.7,Platinum,North,Home & Kitchen,Mobile App,9,723.43,0.05,0.8,Same-Day,5.0,2026-02-15 01:55:50
CUST-10936,26,71.2,Bronze,West,Home & Kitchen,Web,1,408.37,0.2,5.4,Standard,3.3,2026-01-08 01:48:23
CUST-10937,50,75.9,Bronze,South,Electronics,Mobile App,2,1080.92,0.1,6.2,Standard,3.1,2026-02-27 04:51:22
CUST-10938,44,68.3,Silver,East,Home & Kitchen,Mobile App,6,1006.68,0.2,7.4,Standard,2.7,2026-03-05 17:10:31
CUST-10939,33,68.8,Gold,South,Books & Media,Web,7,153.68,0.0,7.7,Standard,3.4,2026-01-02 20:26:52
CUST-10940,23,29.9,Bronze,East,Books & Media,Mobile App,1,115.35,0.15,6.0,Standard,2.9,2026-01-06 14:08:14
CUST-10941,53,86.6,Silver,East,Electronics,Web,1,1855.55,0.0,2.4,Express,4.0,2026-03-03 02:17:27
CUST-10942,50,88.3,Gold,South,Home & Kitchen,Mobile App,3,625.18,0.15,5.8,Standard,3.0,2026-02-04 04:37:19
CUST-10943,39,78.1,Bronze,East,Home & Kitchen,Web,1,777.19,0.15,2.5,Express,4.2,2026-01-17 21:35:13
CUST-10944,66,68.5,Bronze,North,Electronics,Mobile App,2,1390.55,0.0,2.8,Express,3.2,2026-01-26 20:45:25
CUST-10945,26,42.2,Bronze,South,Books & Media,In-Store,4,74.9,0.05,6.3,Standard,2.7,2026-03-18 02:27:57
CUST-10946,19,32.7,Gold,South,Health & Beauty,In-Store,2,134.34,0.1,1.3,Same-Day,4.6,2026-01-20 14:19:49
CUST-10947,31,60.6,Bronze,South,Books & Media,Web,1,75.54,0.0,6.9,Standard,3.1,2026-02-10 18:53:56
CUST-10948,40,76.2,Bronze,West,Books & Media,Mobile App,2,142.18,0.1,2.5,Express,4.5,2026-02-27 20:41:51
CUST-10949,44,95.9,Silver,North,Books & Media,Web,6,161.67,0.0,3.0,Express,3.8,2026-02-23 23:28:36
CUST-10950,37,58.3,Silver,East,Home & Kitchen,In-Store,3,808.86,0.2,7.3,Standard,2.9,2026-01-29 22:03:01
CUST-10951,45,67.0,Bronze,West,Home & Kitchen,Mobile App,3,616.25,0.0,6.6,Standard,3.1,2026-02-17 17:14:33
CUST-10952,23,67.5,Silver,South,Books & Media,Web,1,95.52,0.05,7.5,Standard,3.4,2026-03-19 00:40:33
CUST-10953,61,96.5,Bronze,West,Home & Kitchen,Web,1,702.44,0.0,3.0,Express,4.5,2026-04-01 05:43:57
CUST-10954,39,86.9,Bronze,North,Apparel,In-Store,1,395.59,0.0,,Express,3.6,2026-01-22 11:27:33
CUST-10955,56,90.9,Silver,West,Apparel,Mobile App,2,483.65,0.05,7.4,Standard,3.1,2026-03-14 02:39:08
CUST-10956,45,57.1,Gold,North,Health & Beauty,Web,1,268.81,0.05,2.8,Express,4.2,2026-03-13 01:23:43
CUST-10957,47,56.7,Bronze,South,Electronics,Web,2,996.75,0.0,6.4,Standard,3.0,2026-01-06 05:36:52
CUST-10958,48,54.5,Gold,East,Home & Kitchen,Web,3,898.19,0.15,6.0,Standard,4.3,2026-02-22 01:15:58
CUST-10959,47,86.6,Silver,North,Health & Beauty,Mobile App,4,371.14,0.0,0.9,Same-Day,3.7,2026-01-02 01:21:53
CUST-10960,49,96.7,Bronze,South,Home & Kitchen,In-Store,1,530.22,0.1,5.3,Standard,2.4,2026-02-15 03:46:51
CUST-10961,59,117.6,Silver,West,Health & Beauty,In-Store,4,456.95,0.05,1.1,Same-Day,4.1,2026-02-09 18:16:49
CUST-10962,43,84.9,Bronze,East,Home & Kitchen,Mobile App,3,982.51,0.05,2.7,Express,4.1,2026-03-06 01:00:02
CUST-10963,50,97.4,Platinum,North,Electronics,In-Store,1,1246.38,0.0,1.2,Same-Day,5.0,2026-01-11 23:30:29
CUST-10964,39,59.2,Gold,West,Books & Media,Mobile App,1,119.65,0.1,,Standard,3.7,2026-02-21 21:24:18
CUST-10965,61,74.8,Bronze,East,Apparel,Web,3,802.96,0.05,6.4,Standard,3.3,2026-01-07 14:11:30
CUST-10966,31,71.9,Bronze,South,Apparel,In-Store,2,261.82,0.0,5.7,Standard,3.2,2026-02-20 18:19:15
CUST-10967,66,103.9,Bronze,West,Apparel,Web,1,565.46,0.0,3.1,Express,3.8,2026-01-21 18:18:42
CUST-10968,40,70.6,Bronze,South,Apparel,Web,1,295.36,0.0,2.9,Express,3.9,2026-02-09 02:04:58
CUST-10969,20,52.8,Bronze,South,Apparel,In-Store,1,241.29,0.0,7.3,Standard,2.2,2026-02-14 05:14:57
CUST-10970,42,76.0,Bronze,North,Apparel,Web,8,531.58,0.0,2.5,Express,3.8,2026-02-26 17:40:55
CUST-10971,31,78.4,Silver,East,Home & Kitchen,Mobile App,4,855.44,0.0,6.7,Standard,2.4,2026-02-10 14:24:23
CUST-10972,52,101.6,Bronze,West,Books & Media,In-Store,2,107.61,0.1,6.9,Standard,2.9,2026-02-09 07:34:14
CUST-10973,31,67.3,Gold,East,Apparel,Mobile App,7,647.25,0.0,6.0,Standard,3.4,2026-01-21 02:43:21
CUST-10974,34,75.1,Gold,South,Electronics,Web,3,920.23,0.0,7.2,Standard,3.8,2026-01-23 04:54:31
CUST-10975,18,52.5,Silver,East,Home & Kitchen,Web,4,552.2,0.0,5.0,Standard,3.4,2026-01-29 16:50:10
CUST-10976,34,55.5,Gold,West,Home & Kitchen,Web,1,433.69,0.05,6.6,Standard,3.7,2026-02-16 03:46:28
CUST-10977,18,56.1,Bronze,West,Health & Beauty,Web,3,219.62,0.0,2.8,Express,3.6,2026-03-10 03:02:41
CUST-10978,18,23.9,Bronze,East,Electronics,Mobile App,1,692.15,0.1,2.7,Express,4.1,2026-01-03 16:51:58
CUST-10979,51,96.9,Silver,East,Books & Media,Mobile App,2,251.53,0.1,6.7,Standard,2.4,2026-03-14 16:17:23
CUST-10980,52,64.3,Silver,North,Home & Kitchen,Mobile App,1,588.35,0.05,2.4,Express,3.5,2026-01-05 18:21:18
CUST-10981,46,79.9,Silver,East,Home & Kitchen,Mobile App,1,794.47,0.0,2.9,Express,4.1,2026-02-25 17:15:54
CUST-10982,27,42.0,Gold,East,Electronics,Mobile App,1,999.82,0.05,5.9,Standard,3.5,2026-03-09 06:14:04
CUST-10983,40,77.3,Platinum,West,Apparel,In-Store,2,378.57,0.0,2.7,Express,3.9,2026-03-30 20:04:45
CUST-10984,40,68.5,Silver,North,Apparel,Web,5,446.34,0.2,2.5,Express,4.3,2026-02-02 03:41:40
CUST-10985,24,27.5,Gold,North,Apparel,In-Store,2,227.58,0.1,2.7,Express,4.6,2026-03-24 03:41:56
CUST-10986,62,99.5,Bronze,West,Apparel,Mobile App,5,628.88,0.05,2.8,Express,3.9,2026-02-10 20:12:52
CUST-10987,53,74.6,Bronze,North,Books & Media,Web,3,178.01,0.2,3.0,Express,3.7,2026-01-30 02:49:37
CUST-10988,37,78.9,Silver,West,Books & Media,Web,2,148.23,0.05,6.3,Standard,3.6,2026-03-07 15:27:00
CUST-10989,41,70.1,Bronze,South,Home & Kitchen,Web,1,405.51,0.0,2.5,Express,4.2,2026-01-11 21:09:59
CUST-10990,43,78.2,Bronze,East,Home & Kitchen,Mobile App,6,1067.41,0.0,6.3,Standard,3.6,2026-03-01 06:15:29
CUST-10991,18,30.4,Bronze,North,Apparel,Web,1,170.52,0.05,1.2,Same-Day,4.2,2026-01-04 16:01:11
CUST-10992,37,56.9,Silver,South,Health & Beauty,In-Store,3,293.34,0.15,5.9,Standard,3.2,2026-02-23 20:49:45
CUST-10993,31,52.2,Bronze,South,Home & Kitchen,Mobile App,3,406.61,0.15,6.1,Standard,3.0,2026-03-09 03:35:03
CUST-10994,26,66.5,Silver,East,Apparel,In-Store,2,436.16,0.1,2.8,Express,3.3,2026-01-03 02:50:14
CUST-10995,37,90.9,Bronze,West,Apparel,Web,1,389.06,0.05,5.8,Standard,3.3,2026-03-20 01:24:16
CUST-10996,66,85.5,Bronze,North,Home & Kitchen,Web,2,762.31,0.1,2.4,Express,4.0,2026-02-18 04:04:51
CUST-10997,49,95.1,Bronze,East,Home & Kitchen,Web,5,1112.51,0.1,5.4,Standard,3.1,2026-03-09 11:27:11
CUST-10998,33,28.8,Bronze,South,Electronics,Web,5,853.19,0.05,2.6,Express,3.9,2026-02-14 03:16:00
CUST-10999,49,61.0,Gold,North,Books & Media,In-Store,7,176.97,0.05,5.1,Standard,3.7,2026-03-04 04:01:12
CUST-11000,60,76.6,Bronze,North,Home & Kitchen,Web,1,682.95,0.1,6.6,Standard,3.3,2026-03-24 09:14:29
CUST-11001,53,63.0,Bronze,East,Home & Kitchen,Mobile App,2,926.72,0.15,5.5,Standard,2.9,2026-01-20 00:54:09
CUST-11002,41,46.3,Silver,North,Electronics,Web,1,918.79,0.15,2.6,Express,3.4,2026-02-13 20:55:35
CUST-11003,31,65.3,Silver,North,Apparel,Web,7,429.82,0.0,2.5,Express,3.7,2026-01-31 13:37:05
CUST-11004,50,76.8,Bronze,South,Health & Beauty,In-Store,1,299.97,0.0,2.8,Express,4.0,2026-03-03 21:28:08
CUST-11005,46,81.3,Bronze,East,Health & Beauty,Mobile App,2,548.35,0.15,0.9,Same-Day,3.6,2026-01-16 01:22:49
CUST-11006,53,93.7,Platinum,East,Apparel,Mobile App,6,865.2,0.15,2.8,Express,5.0,2026-01-30 05:17:01
CUST-11007,49,82.9,Silver,West,Electronics,Web,2,1240.9,0.05,1.2,Same-Day,3.4,2026-03-09 01:13:05
CUST-11008,55,95.4,Bronze,East,Apparel,In-Store,2,713.91,0.05,6.8,Standard,2.9,2026-03-25 04:31:10
CUST-11009,33,60.3,Silver,North,Apparel,Mobile App,1,281.91,0.2,5.1,Standard,2.8,2026-03-27 15:43:25
CUST-11010,59,72.1,Bronze,South,Home & Kitchen,Mobile App,2,580.47,0.2,5.3,Standard,2.3,2026-02-16 17:05:27
CUST-11011,43,88.2,Bronze,West,Health & Beauty,Mobile App,6,385.4,0.15,5.3,Standard,3.4,2026-03-26 06:27:12
CUST-11012,70,93.2,Silver,South,Apparel,In-Store,2,531.83,0.0,5.3,Standard,3.2,2026-01-08 04:53:37
CUST-11013,31,45.1,Gold,East,Electronics,Mobile App,1,1119.02,0.1,5.7,Standard,3.2,2026-03-09 17:51:11
CUST-11014,65,93.8,Bronze,East,Health & Beauty,Mobile App,1,649.19,0.0,2.7,Express,3.5,2026-01-02 01:58:18
CUST-11015,43,58.6,Gold,East,Electronics,Web,1,1496.4,0.15,2.3,Express,4.4,2026-03-12 20:51:17
CUST-11016,31,52.8,Bronze,West,Health & Beauty,Web,2,243.49,0.0,1.4,Same-Day,3.8,2026-01-22 22:17:18
CUST-11017,34,67.6,Bronze,South,Home & Kitchen,Mobile App,1,427.94,0.1,3.1,Express,3.6,2026-02-27 04:34:27
CUST-11018,36,69.8,Bronze,East,Health & Beauty,Mobile App,3,404.23,0.1,7.6,Standard,2.7,2026-03-15 02:57:11
CUST-11019,46,62.1,Bronze,North,Electronics,Mobile App,2,1102.07,0.1,5.1,Standard,3.1,2026-02-27 17:37:31
CUST-11020,48,70.5,Gold,West,Electronics,Mobile App,4,1278.77,0.05,7.3,Standard,3.2,2026-01-27 19:03:51
CUST-11021,32,76.3,Silver,South,Apparel,Web,1,232.43,0.0,7.2,Standard,2.7,2026-02-07 18:50:12
CUST-11022,40,76.4,Bronze,East,Apparel,Mobile App,4,629.2,0.1,7.4,Standard,2.6,2026-03-29 03:48:51
CUST-11023,70,133.1,Platinum,East,Apparel,In-Store,2,952.94,0.05,2.7,Express,4.3,2026-03-17 22:59:22
CUST-11024,65,114.2,Gold,East,Health & Beauty,In-Store,2,677.78,0.0,7.1,Standard,3.3,2026-01-14 05:30:35
CUST-11025,47,93.9,Gold,West,Books & Media,Web,8,229.7,0.25,2.3,Express,4.1,2026-01-16 03:10:57
CUST-11026,41,49.3,Platinum,East,Home & Kitchen,Web,1,688.7,0.05,2.3,Express,4.3,2026-03-21 17:45:29
CUST-11027,42,82.7,Bronze,South,Electronics,Mobile App,2,990.91,0.1,5.3,Standard,3.5,2026-03-15 03:58:21
CUST-11028,49,78.1,Gold,North,Books & Media,Mobile App,1,135.83,0.05,7.5,Standard,3.8,2026-02-17 23:10:37
CUST-11029,26,45.3,Silver,North,Books & Media,Mobile App,2,90.69,0.1,0.5,Same-Day,4.1,2026-01-15 18:28:44
CUST-11030,37,68.2,Gold,West,Apparel,In-Store,2,347.24,0.1,5.3,Standard,3.8,2026-02-09 20:18:41
CUST-11031,18,59.0,Gold,East,Health & Beauty,Mobile App,1,247.58,0.1,7.5,Standard,3.1,2026-01-31 06:16:02
CUST-11032,46,83.1,Bronze,West,Electronics,Mobile App,3,1287.11,0.25,5.3,Standard,3.6,2026-01-23 22:03:08
CUST-11033,50,66.8,Gold,South,Apparel,Web,3,377.93,0.05,7.3,Standard,4.0,2026-01-10 02:43:14
CUST-11034,34,73.5,Bronze,South,Electronics,Web,4,971.21,0.1,7.1,Standard,2.9,2026-02-01 22:03:29
CUST-11035,63,84.7,Bronze,South,Books & Media,Web,1,162.78,0.15,2.2,Express,3.6,2026-02-04 20:58:25
CUST-11036,23,53.6,Bronze,South,Home & Kitchen,In-Store,1,302.42,0.05,5.1,Standard,3.4,2026-02-19 03:11:29
CUST-11037,20,42.4,Platinum,East,Apparel,Web,3,364.66,0.05,6.4,Standard,4.0,2026-02-15 04:48:04
CUST-11038,44,70.1,Bronze,East,Electronics,Mobile App,1,1606.15,0.2,7.7,Standard,2.6,2026-01-16 14:46:57
CUST-11039,55,97.0,Silver,East,Electronics,In-Store,3,2220.18,0.0,3.1,Express,3.8,2026-02-01 18:06:30
CUST-11040,64,79.8,Bronze,West,Electronics,Mobile App,1,1380.65,0.0,5.8,Standard,3.5,2026-01-25 23:20:56
CUST-11041,34,91.6,Platinum,East,Apparel,Mobile App,1,526.08,0.05,6.0,Standard,3.7,2026-02-06 19:32:57
CUST-11042,56,59.3,Bronze,West,Apparel,Web,5,504.98,0.0,2.6,Express,4.6,2026-02-07 03:36:21
CUST-11043,40,60.0,Gold,North,Apparel,In-Store,4,403.96,0.15,7.0,Standard,2.9,2026-02-04 15:11:53
CUST-11044,38,72.4,Gold,South,Health & Beauty,Web,3,246.02,0.0,5.9,Standard,3.3,2026-02-15 03:06:40
CUST-11045,53,92.1,Bronze,North,Apparel,Web,5,547.77,0.0,5.4,Standard,3.3,2026-01-09 01:53:57
CUST-11046,50,78.5,Bronze,South,Books & Media,Web,3,165.45,0.15,2.9,Express,4.5,2026-02-16 18:57:14
CUST-11047,18,43.9,Silver,East,Electronics,Web,2,968.66,0.0,1.1,Same-Day,3.8,2026-02-05 20:14:44
CUST-11048,61,98.3,Gold,East,Apparel,Web,10,1084.35,0.1,5.2,Standard,3.4,2026-03-30 17:36:52
CUST-11049,60,87.5,Gold,North,Apparel,Mobile App,3,556.85,0.15,7.1,Standard,3.6,2026-03-23 18:55:34
CUST-11050,32,81.1,Bronze,West,Electronics,Web,3,1097.79,0.15,6.6,Standard,2.9,2026-01-11 02:08:18
CUST-11051,46,88.2,Gold,East,Electronics,Mobile App,2,1841.33,0.15,2.7,Express,4.4,2026-01-01 20:32:33
CUST-11052,47,89.8,Bronze,West,Health & Beauty,Web,6,447.77,0.0,2.9,Express,3.7,2026-03-10 02:37:17
CUST-11053,44,58.9,Silver,East,Health & Beauty,Web,1,376.51,0.0,2.7,Express,3.4,2026-03-31 23:15:13
CUST-11054,33,60.1,Gold,West,Electronics,Mobile App,1,810.65,0.0,2.8,Express,5.0,2026-03-16 16:30:21
CUST-11055,31,54.6,Bronze,West,Apparel,In-Store,1,284.38,0.0,1.3,Same-Day,2.9,2026-01-15 23:14:23
CUST-11056,40,53.9,Gold,West,Health & Beauty,In-Store,1,237.11,0.05,1.2,Same-Day,5.0,2026-03-21 03:01:12
CUST-11057,57,93.1,Silver,North,Electronics,In-Store,1,1381.12,0.05,2.9,Express,4.0,2026-03-28 19:12:58
CUST-11058,48,69.7,Gold,West,Home & Kitchen,Mobile App,5,699.76,0.05,6.7,Standard,3.2,2026-01-04 01:55:55
CUST-11059,35,73.3,Bronze,East,Health & Beauty,Mobile App,3,484.95,0.0,6.4,Standard,3.7,2026-02-01 17:04:07
CUST-11060,51,65.0,Bronze,East,Health & Beauty,Mobile App,1,487.74,0.05,5.5,Standard,2.7,2026-01-20 16:47:41
CUST-11061,18,70.6,Gold,West,Apparel,Mobile App,4,285.42,0.0,5.9,Standard,4.0,2026-02-25 20:32:54
CUST-11062,57,74.3,Bronze,North,Electronics,Web,2,1305.41,0.0,2.9,Express,2.9,2026-03-19 20:31:01
CUST-11063,18,48.1,Bronze,North,Electronics,Mobile App,2,646.86,0.1,6.1,Standard,2.7,2026-02-12 03:52:41
CUST-11064,35,75.4,Platinum,North,Health & Beauty,Web,2,270.53,0.1,2.6,Express,4.2,2026-03-14 22:41:26
CUST-11065,25,43.9,Bronze,East,Health & Beauty,Mobile App,5,419.09,0.15,7.1,Standard,2.7,2026-03-01 14:47:33
CUST-11066,22,62.0,Platinum,North,Home & Kitchen,Mobile App,1,362.75,0.15,2.2,Express,4.7,2026-02-26 01:44:28
CUST-11067,57,69.3,Bronze,North,Books & Media,Web,1,153.9,0.1,6.8,Standard,2.7,2026-02-16 22:20:25
CUST-11068,34,84.2,Bronze,West,Books & Media,Web,1,74.09,0.1,6.3,Standard,2.4,2026-01-24 19:01:22
CUST-11069,45,74.7,Gold,North,Home & Kitchen,Web,3,649.14,0.0,6.0,Standard,3.8,2026-02-11 03:35:35
CUST-11070,40,60.1,Silver,West,Books & Media,In-Store,3,129.49,0.0,2.5,Express,3.8,2026-01-04 16:53:53
CUST-11071,47,72.2,Silver,North,Home & Kitchen,Web,1,616.11,0.15,5.5,Standard,3.4,2026-03-18 05:32:08
CUST-11072,42,83.3,Silver,North,Home & Kitchen,Web,1,551.6,0.0,5.9,Standard,3.2,2026-02-20 19:10:20
CUST-11073,23,41.5,Gold,East,Apparel,In-Store,3,403.4,0.05,6.1,Standard,3.9,2026-03-29 22:40:41
CUST-11074,54,73.2,Bronze,North,Books & Media,Mobile App,3,178.36,0.0,2.6,Express,3.7,2026-01-02 05:22:35
CUST-11075,34,59.1,Bronze,East,Apparel,Web,2,448.76,0.0,6.8,Standard,3.3,2026-01-15 03:37:02
CUST-11076,19,28.2,Bronze,East,Apparel,Web,5,445.33,0.1,1.1,Same-Day,3.7,2026-01-10 14:32:06
CUST-11077,35,90.8,Silver,South,Books & Media,Web,9,233.33,0.0,7.1,Standard,2.7,2026-02-06 00:39:22
CUST-11078,62,84.7,Bronze,South,Home & Kitchen,Web,1,549.54,0.05,6.7,Standard,3.5,2026-02-11 19:07:31
CUST-11079,52,94.7,Bronze,East,Health & Beauty,Web,2,570.96,0.0,2.4,Express,4.2,2026-02-17 23:35:22
CUST-11080,36,67.7,Silver,West,Electronics,Mobile App,1,915.07,0.1,5.7,Standard,3.4,2026-01-19 02:35:15
CUST-11081,36,49.8,Bronze,East,Home & Kitchen,Mobile App,3,764.34,0.1,2.3,Express,3.5,2026-03-30 23:32:04
CUST-11082,36,64.5,Bronze,West,Apparel,Mobile App,2,399.6,0.05,7.6,Standard,2.5,2026-03-17 14:28:12
CUST-11083,70,113.8,Silver,South,Health & Beauty,Mobile App,1,413.46,0.15,0.9,Same-Day,4.5,2026-03-01 23:30:09
CUST-11084,46,72.8,Bronze,South,Electronics,Web,4,1185.51,0.0,2.3,Express,4.2,2026-01-28 10:56:55
CUST-11085,47,94.6,Gold,North,Home & Kitchen,Web,4,700.48,0.1,2.8,Express,4.2,2026-02-22 20:29:58
CUST-11086,55,100.8,Silver,West,Books & Media,In-Store,1,177.96,0.1,7.6,Standard,3.7,2026-01-09 22:07:01
CUST-11087,44,87.2,Bronze,North,Apparel,Web,1,406.81,0.2,7.0,Standard,3.1,2026-01-25 01:25:15
CUST-11088,37,58.8,Silver,West,Health & Beauty,In-Store,1,286.19,0.0,2.7,Express,3.3,2026-01-20 23:22:51
CUST-11089,38,50.6,Bronze,South,Books & Media,Mobile App,3,100.48,0.0,2.4,Express,3.7,2026-03-31 16:49:00
CUST-11090,39,58.7,Gold,South,Apparel,In-Store,4,374.09,0.0,5.8,Standard,3.7,2026-03-11 05:54:05
CUST-11091,40,71.9,Platinum,North,Electronics,Web,2,1030.01,0.0,7.0,Standard,3.9,2026-01-28 01:51:53
CUST-11092,51,89.3,Silver,West,Apparel,Web,3,479.04,0.0,7.1,Standard,3.4,2026-02-09 19:50:18
CUST-11093,41,37.5,Silver,West,Apparel,Mobile App,4,364.53,0.0,2.7,Express,3.4,2026-03-13 06:42:32
CUST-11094,51,81.0,Bronze,East,Health & Beauty,Mobile App,2,549.03,0.05,5.3,Standard,2.8,2026-03-25 04:59:27
CUST-11095,39,70.3,Bronze,South,Health & Beauty,Web,3,270.35,0.2,7.5,Standard,3.1,2026-02-23 16:25:04
CUST-11096,42,67.0,Gold,West,Electronics,In-Store,2,1097.62,0.0,7.3,Standard,3.2,2026-03-28 01:51:11
CUST-11097,18,64.2,Bronze,West,Apparel,Web,5,302.93,0.25,5.4,Standard,4.1,2026-03-24 00:41:29
CUST-11098,53,89.6,Bronze,West,Home & Kitchen,Web,1,585.32,0.15,5.2,Standard,3.6,2026-01-15 17:37:16
CUST-11099,45,94.2,Bronze,South,Electronics,Mobile App,1,986.9,0.15,0.8,Same-Day,3.9,2026-02-20 17:38:18
CUST-11100,54,81.2,Silver,East,Apparel,Mobile App,1,696.09,0.2,5.8,Standard,3.6,2026-03-11 00:01:39
CUST-11101,18,58.9,Bronze,South,Apparel,In-Store,4,233.56,0.1,1.0,Same-Day,4.3,2026-02-09 19:54:41
CUST-11102,70,126.5,Gold,South,Home & Kitchen,Web,2,769.78,0.15,5.2,Standard,4.0,2026-03-11 03:25:24
CUST-11103,39,87.6,Bronze,South,Home & Kitchen,Web,1,452.41,0.05,7.6,Standard,2.8,2026-02-12 15:17:34
CUST-11104,56,70.2,Bronze,West,Home & Kitchen,Mobile App,10,932.71,0.05,7.2,Standard,3.1,2026-03-06 05:26:08
CUST-11105,26,49.8,Silver,East,Electronics,Web,7,1666.41,0.2,2.3,Express,3.0,2026-01-08 04:49:31
CUST-11106,49,73.7,Bronze,West,Books & Media,Mobile App,9,277.83,0.05,3.1,Express,4.1,2026-01-03 02:16:38
CUST-11107,26,60.9,Silver,West,Home & Kitchen,Mobile App,1,419.22,0.0,6.8,Standard,1.8,2026-01-30 18:44:55
CUST-11108,32,70.5,Bronze,East,Health & Beauty,Web,6,516.4,0.1,5.9,Standard,3.0,2026-03-17 02:14:37
CUST-11109,67,86.1,Bronze,North,Apparel,Mobile App,1,505.25,0.05,0.9,Same-Day,3.5,2026-02-21 21:42:14
CUST-11110,38,67.8,Bronze,West,Health & Beauty,Mobile App,1,348.95,0.15,0.8,Same-Day,3.9,2026-02-03 01:06:44
CUST-11111,44,43.1,Gold,South,Health & Beauty,Mobile App,2,223.97,0.0,7.3,Standard,3.4,2026-01-09 19:16:45
CUST-11112,53,104.9,Silver,East,Apparel,Mobile App,2,752.47,0.1,2.7,Express,3.3,2026-01-12 03:18:36
CUST-11113,47,69.0,Gold,North,Apparel,Web,1,387.46,0.0,6.4,Standard,2.6,2026-03-17 12:26:25
CUST-11114,43,73.1,Bronze,North,Health & Beauty,Web,2,316.94,0.2,5.8,Standard,3.2,2026-01-11 02:39:55
CUST-11115,46,71.0,Silver,North,Home & Kitchen,Web,4,595.91,0.0,6.0,Standard,3.9,2026-02-24 03:16:59
CUST-11116,74,123.6,Silver,South,Health & Beauty,Web,2,458.19,0.15,6.5,Standard,2.9,2026-03-17 01:31:30
CUST-11117,40,26.4,Platinum,North,Books & Media,Mobile App,2,84.45,0.0,3.1,Express,4.9,2026-01-20 17:15:29
CUST-11118,43,72.1,Silver,South,Home & Kitchen,In-Store,1,492.66,0.0,6.6,Standard,3.5,2026-01-05 18:59:01
CUST-11119,55,83.9,Silver,West,Electronics,Mobile App,6,1561.98,0.0,2.3,Express,3.1,2026-01-24 23:29:06
CUST-11120,56,79.8,Bronze,West,Apparel,Mobile App,1,451.39,0.0,0.5,Same-Day,3.9,2026-02-01 19:13:29
CUST-11121,57,113.6,Silver,East,Health & Beauty,Web,2,588.83,0.1,7.3,Standard,2.4,2026-01-31 08:53:32
CUST-11122,49,65.6,Silver,East,Apparel,Web,1,542.28,0.0,6.0,Standard,2.8,2026-02-13 12:59:47
CUST-11123,24,63.0,Gold,East,Electronics,In-Store,6,1589.06,0.05,2.5,Express,4.8,2026-03-20 03:49:38
CUST-11124,63,99.6,Bronze,East,Home & Kitchen,In-Store,1,1080.59,0.0,7.2,Standard,3.0,2026-01-19 14:40:46
CUST-11125,24,70.3,Bronze,East,Books & Media,Mobile App,2,192.65,0.15,7.6,Standard,3.1,2026-01-25 05:17:37
CUST-11126,45,64.5,Bronze,East,Apparel,Web,2,597.49,0.0,7.0,Standard,2.9,2026-01-12 21:21:19
CUST-11127,30,47.0,Bronze,East,Apparel,Mobile App,6,618.27,0.05,5.5,Standard,2.8,2026-02-20 03:51:18
CUST-11128,40,85.4,Bronze,South,Apparel,Web,1,320.59,0.1,2.6,Express,4.0,2026-03-26 15:56:08
CUST-11129,45,80.9,Gold,East,Electronics,Mobile App,3,1897.79,0.2,3.0,Express,4.6,2026-01-26 05:15:21
CUST-11130,45,51.3,Silver,North,Books & Media,Mobile App,1,104.35,0.15,7.4,Standard,3.0,2026-02-20 11:48:31
CUST-11131,46,67.5,Gold,East,Apparel,Web,8,812.29,0.15,7.7,Standard,3.5,2026-01-14 12:48:29
CUST-11132,63,100.1,Gold,South,Books & Media,In-Store,3,128.42,0.0,1.2,Same-Day,4.1,2026-03-13 13:15:05
CUST-11133,47,89.3,Bronze,South,Books & Media,In-Store,3,151.72,0.15,7.2,Standard,3.2,2026-01-29 15:25:16
CUST-11134,37,55.5,Silver,North,Home & Kitchen,In-Store,2,480.66,0.1,5.1,Standard,3.8,2026-01-25 22:50:36
CUST-11135,54,40.7,Bronze,North,Apparel,Mobile App,1,400.28,0.2,0.6,Same-Day,4.2,2026-03-29 03:42:14
CUST-11136,57,95.5,Gold,East,Apparel,Web,1,732.92,0.0,1.1,Same-Day,3.9,2026-02-28 18:05:59
CUST-11137,23,32.0,Bronze,South,Apparel,Mobile App,3,274.7,0.2,7.6,Standard,3.4,2026-02-27 02:50:06
CUST-11138,49,48.6,Bronze,South,Apparel,Web,8,474.94,0.05,5.0,Standard,3.0,2026-01-13 03:06:13
CUST-11139,50,37.5,Bronze,South,Books & Media,Web,2,141.6,0.1,5.8,Standard,3.3,2026-02-20 04:08:19
CUST-11140,36,76.8,Silver,North,Apparel,Mobile App,5,429.3,0.05,7.5,Standard,3.2,2026-01-12 16:43:59
CUST-11141,60,92.9,Bronze,West,Books & Media,Mobile App,1,148.91,0.05,2.5,Express,4.1,2026-03-23 16:25:29
CUST-11142,38,63.4,Bronze,South,Electronics,Web,7,1190.07,0.05,5.6,Standard,2.6,2026-02-17 15:01:17
CUST-11143,42,92.0,Gold,West,Electronics,Web,2,1172.09,0.05,7.0,Standard,3.5,2026-02-19 20:35:56
CUST-11144,38,76.4,Gold,North,Health & Beauty,Web,2,320.96,0.15,7.0,Standard,3.5,2026-01-19 22:02:21
CUST-11145,41,94.3,Bronze,East,Home & Kitchen,Mobile App,2,897.58,0.1,0.7,Same-Day,4.6,2026-02-22 22:53:24
CUST-11146,25,31.6,Silver,South,Apparel,Mobile App,3,212.85,0.1,,Standard,3.0,2026-02-04 18:20:23
CUST-11147,20,46.5,Gold,East,Home & Kitchen,Web,3,581.73,0.0,5.5,Standard,4.2,2026-01-28 01:43:30
CUST-11148,63,70.0,Bronze,East,Electronics,In-Store,2,2087.49,0.2,1.4,Same-Day,4.1,2026-03-08 19:02:48
CUST-11149,29,53.5,Gold,North,Home & Kitchen,Web,2,427.3,0.1,7.0,Standard,3.4,2026-03-18 20:08:17
CUST-11150,27,51.0,Bronze,North,Electronics,Mobile App,1,748.56,0.0,6.0,Standard,3.2,2026-02-20 15:11:33
CUST-11151,18,54.2,Silver,North,Home & Kitchen,Mobile App,1,289.85,0.1,7.2,Standard,3.4,2026-01-20 00:07:17
CUST-11152,32,60.9,Silver,East,Home & Kitchen,Mobile App,1,660.38,0.0,5.4,Standard,2.8,2026-02-13 01:50:13
CUST-11153,22,58.6,Silver,East,Health & Beauty,Web,2,332.55,0.0,5.4,Standard,3.5,2026-02-05 03:57:03
CUST-11154,63,104.9,Gold,North,Home & Kitchen,In-Store,2,788.43,0.05,7.5,Standard,3.1,2026-01-16 04:36:06
CUST-11155,55,117.8,Bronze,South,Electronics,In-Store,3,1333.54,0.05,5.3,Standard,3.0,2026-01-17 03:20:06
CUST-11156,31,54.4,Bronze,South,Home & Kitchen,Mobile App,3,411.67,0.0,5.0,Standard,3.7,2026-03-10 17:36:00
CUST-11157,72,90.1,Silver,West,Electronics,Mobile App,1,1500.74,0.0,6.1,Standard,2.8,2026-03-12 17:39:39
CUST-11158,54,88.1,Gold,South,Electronics,Web,4,1333.8,0.2,5.3,Standard,3.9,2026-03-27 05:02:51
CUST-11159,36,52.6,Bronze,West,Electronics,Mobile App,1,803.93,0.0,7.3,Standard,2.7,2026-02-11 03:50:23
CUST-11160,18,67.0,Gold,West,Apparel,Web,3,272.23,0.0,7.5,Standard,2.5,2026-02-24 03:55:31
CUST-11161,73,101.1,Bronze,West,Electronics,Mobile App,1,1573.41,0.25,0.7,Same-Day,4.2,2026-03-07 02:40:09
CUST-11162,21,39.6,Bronze,West,Apparel,Web,4,296.47,0.0,6.1,Standard,3.1,2026-03-30 18:20:08
CUST-11163,18,37.7,Gold,North,Health & Beauty,Mobile App,2,218.62,0.1,6.5,Standard,2.9,2026-01-31 04:25:38
CUST-11164,55,96.3,Bronze,West,Home & Kitchen,Web,2,707.2,0.0,2.4,Express,3.5,2026-01-19 16:23:02
CUST-11165,75,105.1,Silver,West,Electronics,Web,3,1851.05,0.05,5.8,Standard,2.5,2026-03-29 20:45:43
CUST-11166,60,81.4,Bronze,East,Apparel,Web,1,684.66,0.05,2.3,Express,4.0,2026-02-15 20:52:34
CUST-11167,48,102.8,Bronze,East,Home & Kitchen,Web,1,909.75,0.2,2.6,Express,4.2,2026-03-02 00:59:04
CUST-11168,49,66.1,Silver,North,Health & Beauty,Mobile App,3,330.43,0.05,2.8,Express,4.0,2026-03-20 22:51:06
CUST-11169,52,82.7,Silver,East,Electronics,Mobile App,5,2256.37,0.05,3.1,Express,4.0,2026-01-24 22:33:11
CUST-11170,51,90.9,Bronze,East,Books & Media,Mobile App,2,221.47,0.2,7.0,Standard,2.8,2026-02-06 00:31:22
CUST-11171,44,48.9,Bronze,North,Home & Kitchen,Mobile App,1,458.82,0.25,2.9,Express,3.9,2026-02-18 21:26:24
CUST-11172,42,78.4,Bronze,North,Home & Kitchen,Mobile App,2,574.11,0.0,5.8,Standard,3.2,2026-02-28 18:46:16
CUST-11173,40,53.2,Silver,North,Health & Beauty,Web,3,268.86,0.15,7.4,Standard,2.9,2026-01-15 02:29:13
CUST-11174,30,70.3,Platinum,West,Books & Media,Web,2,85.23,0.05,1.4,Same-Day,5.0,2026-03-28 03:03:34
CUST-11175,37,51.3,Gold,South,Books & Media,Web,5,114.58,0.05,7.5,Standard,3.8,2026-02-08 22:01:00
CUST-11176,18,55.2,Bronze,South,Apparel,Mobile App,2,203.06,0.05,0.5,Same-Day,4.0,2026-01-09 01:22:21
CUST-11177,39,84.5,Bronze,South,Home & Kitchen,Web,1,479.3,0.05,6.6,Standard,2.5,2026-02-17 23:54:27
CUST-11178,27,67.6,Platinum,North,Home & Kitchen,Web,1,370.6,0.0,6.7,Standard,3.8,2026-03-21 13:40:57
CUST-11179,25,56.3,Silver,West,Apparel,Mobile App,2,259.44,0.05,5.8,Standard,3.1,2026-03-22 21:59:22
CUST-11180,43,68.8,Silver,South,Home & Kitchen,In-Store,3,524.34,0.05,3.2,Express,3.7,2026-03-10 09:03:17
CUST-11181,60,82.4,Gold,East,Apparel,Mobile App,1,741.43,0.0,5.8,Standard,3.9,2026-02-11 02:36:45
CUST-11182,53,105.4,Bronze,East,Electronics,Mobile App,9,2864.68,0.05,5.6,Standard,2.5,2026-02-04 23:10:56
CUST-11183,19,35.4,Silver,West,Apparel,Mobile App,1,202.63,0.25,6.3,Standard,2.8,2026-03-05 16:35:44
CUST-11184,27,39.1,Platinum,East,Books & Media,Mobile App,2,142.67,0.1,2.5,Express,4.3,2026-02-23 00:35:43
CUST-11185,54,94.4,Silver,South,Health & Beauty,Mobile App,1,339.2,0.05,7.5,Standard,3.3,2026-02-24 04:14:36
CUST-11186,27,42.8,Bronze,North,Apparel,In-Store,6,356.91,0.2,2.6,Express,3.7,2026-02-06 19:36:02
CUST-11187,37,51.4,Bronze,North,Home & Kitchen,Web,4,525.83,0.05,6.1,Standard,2.9,2026-02-22 07:02:13
CUST-11188,48,56.1,Bronze,North,Electronics,Web,1,999.35,0.0,6.7,Standard,3.2,2026-01-19 06:47:38
CUST-11189,27,47.5,Gold,West,Health & Beauty,Web,7,338.06,0.05,5.2,Standard,3.6,2026-01-22 03:29:06
CUST-11190,42,70.0,Bronze,East,Home & Kitchen,Mobile App,1,776.47,0.0,0.9,Same-Day,4.0,2026-02-12 03:56:16
CUST-11191,22,52.8,Bronze,North,Books & Media,In-Store,3,117.64,0.1,7.1,Standard,3.6,2026-03-06 21:22:05
CUST-11192,32,74.5,Platinum,North,Books & Media,Web,4,65.81,0.2,6.3,Standard,4.6,2026-03-22 21:32:46
CUST-11193,45,82.4,Bronze,West,Apparel,Web,4,467.42,0.05,3.2,Express,3.5,2026-01-09 05:00:18
CUST-11194,18,41.9,Bronze,North,Home & Kitchen,In-Store,6,420.23,0.05,6.6,Standard,2.9,2026-03-25 20:00:14
CUST-11195,47,73.7,Bronze,East,Health & Beauty,Mobile App,5,633.31,0.05,2.9,Express,3.5,2026-02-08 15:02:38
CUST-11196,40,76.7,Bronze,East,Electronics,Mobile App,12,2679.82,0.0,7.5,Standard,2.2,2026-03-02 16:08:04
CUST-11197,48,96.9,Bronze,East,Home & Kitchen,In-Store,1,929.3,0.15,6.8,Standard,3.3,2026-03-02 02:31:14
CUST-11198,44,75.3,Gold,West,Health & Beauty,Mobile App,1,293.8,0.1,6.2,Standard,4.4,2026-03-10 20:12:51
CUST-11199,60,84.0,Gold,South,Apparel,Mobile App,3,471.93,0.0,5.1,Standard,3.6,2026-02-28 17:55:44
CUST-11200,42,56.3,Silver,South,Health & Beauty,Web,4,268.15,0.15,2.9,Express,3.4,2026-01-11 03:44:25
CUST-11201,34,40.7,Bronze,West,Health & Beauty,Web,2,238.19,0.0,3.2,Express,3.5,2026-03-04 22:30:38
CUST-11202,42,81.2,Silver,North,Books & Media,Web,1,118.26,0.25,6.3,Standard,3.1,2026-03-12 00:56:44
CUST-11203,48,86.5,Bronze,North,Apparel,Mobile App,5,571.01,0.05,0.7,Same-Day,3.7,2026-01-07 16:20:12
CUST-11204,41,78.8,Bronze,East,Apparel,In-Store,8,855.12,0.1,6.4,Standard,2.9,2026-02-04 17:22:30
CUST-11205,41,68.2,Platinum,East,Electronics,In-Store,2,1637.47,0.0,7.0,Standard,4.2,2026-02-11 15:12:12
CUST-11206,31,80.2,Bronze,South,Books & Media,In-Store,1,61.46,0.0,2.2,Express,3.8,2026-03-26 23:25:22
CUST-11207,31,51.8,Bronze,North,Books & Media,Web,1,118.87,0.15,3.1,Express,4.1,2026-03-30 03:24:39
CUST-11208,21,62.4,Silver,South,Home & Kitchen,In-Store,1,302.59,0.05,7.4,Standard,3.0,2026-01-30 02:52:31
CUST-11209,65,95.9,Silver,West,Apparel,Mobile App,3,599.44,0.2,2.7,Express,3.3,2026-01-27 18:07:36
CUST-11210,23,41.2,Bronze,North,Electronics,Web,6,961.18,0.05,5.3,Standard,3.0,2026-02-08 04:39:03
CUST-11211,31,68.0,Bronze,East,Books & Media,Mobile App,1,160.6,0.2,2.9,Express,3.8,2026-01-02 15:29:16
CUST-11212,30,64.1,Bronze,East,Books & Media,Web,2,173.5,0.25,2.3,Express,3.4,2026-01-25 15:50:19
CUST-11213,53,88.7,Silver,West,Health & Beauty,Web,3,351.38,0.05,2.7,Express,3.3,2026-03-08 04:04:45
CUST-11214,36,65.8,Bronze,West,Books & Media,In-Store,1,94.53,0.05,5.3,Standard,2.8,2026-02-07 18:23:10
CUST-11215,58,88.2,Bronze,East,Books & Media,Mobile App,2,273.68,0.15,2.8,Express,3.9,2026-03-01 02:09:41
CUST-11216,31,94.9,Silver,East,Books & Media,Web,3,236.26,0.0,2.5,Express,3.6,2026-03-23 09:18:32
CUST-11217,44,91.2,Gold,East,Home & Kitchen,Mobile App,5,1051.51,0.15,7.2,Standard,3.8,2026-01-07 15:34:38
CUST-11218,29,67.7,Bronze,North,Apparel,In-Store,2,314.33,0.05,7.2,Standard,2.6,2026-02-19 01:21:05
CUST-11219,71,104.8,Bronze,West,Health & Beauty,Mobile App,4,469.9,0.1,1.0,Same-Day,3.2,2026-03-09 17:38:38
CUST-11220,24,66.5,Silver,East,Home & Kitchen,Web,1,597.32,0.0,5.7,Standard,3.1,2026-02-10 11:54:55
CUST-11221,45,82.3,Silver,East,Apparel,Web,1,630.45,0.1,5.2,Standard,3.8,2026-03-15 22:37:46
CUST-11222,49,79.3,Bronze,East,Electronics,Web,1,1772.97,0.0,6.2,Standard,3.1,2026-02-20 19:06:37
CUST-11223,46,71.0,Bronze,North,Apparel,In-Store,2,418.87,0.15,2.3,Express,3.3,2026-01-25 03:38:17
CUST-11224,38,65.6,Bronze,East,Home & Kitchen,Mobile App,1,751.69,0.05,0.6,Same-Day,3.5,2026-02-06 03:19:01
CUST-11225,39,22.0,Bronze,North,Apparel,Mobile App,1,254.67,0.0,2.8,Express,4.1,2026-03-22 01:39:40
CUST-11226,41,73.3,Silver,East,Apparel,Mobile App,3,600.6,0.2,6.6,Standard,2.7,2026-01-10 18:55:37
CUST-11227,38,59.5,Bronze,East,Home & Kitchen,In-Store,3,822.09,0.1,2.2,Express,4.3,2026-01-21 22:31:53
CUST-11228,54,108.3,Gold,South,Electronics,Mobile App,1,1213.12,0.25,2.6,Express,4.5,2026-01-28 02:01:16
CUST-11229,71,103.4,Silver,North,Books & Media,Mobile App,1,167.32,0.05,2.7,Express,3.4,2026-02-24 14:14:23
CUST-11230,33,43.5,Silver,East,Apparel,Web,2,442.49,0.1,5.7,Standard,3.6,2026-03-26 19:09:29
CUST-11231,21,47.4,Bronze,South,Home & Kitchen,Web,1,312.4,0.1,3.1,Express,3.3,2026-01-06 03:20:42
CUST-11232,39,52.2,Silver,West,Electronics,In-Store,2,973.77,0.1,5.4,Standard,2.7,2026-03-27 21:14:23
CUST-11233,75,114.6,Bronze,South,Apparel,In-Store,3,590.71,0.0,5.7,Standard,2.9,2026-03-01 01:33:03
CUST-11234,29,61.3,Gold,North,Apparel,In-Store,1,252.77,0.0,5.4,Standard,4.0,2026-02-05 15:34:06
CUST-11235,63,108.7,Platinum,North,Books & Media,In-Store,1,201.79,0.2,1.0,Same-Day,5.0,2026-03-16 03:50:14
CUST-11236,64,83.5,Bronze,South,Books & Media,Mobile App,1,117.6,0.05,7.4,Standard,2.7,2026-02-03 15:04:56
CUST-11237,33,61.8,Bronze,East,Apparel,Mobile App,1,411.52,0.2,0.6,Same-Day,3.4,2026-02-22 04:55:29
CUST-11238,48,57.3,Bronze,North,Home & Kitchen,In-Store,8,777.74,0.0,7.0,Standard,2.4,2026-01-06 15:18:58
CUST-11239,63,104.8,Silver,West,Apparel,Mobile App,2,583.66,0.25,2.6,Express,3.4,2026-01-15 04:06:28
CUST-11240,35,71.3,Silver,East,Health & Beauty,Web,2,421.63,0.1,6.7,Standard,2.5,2026-02-28 20:52:48
CUST-11241,38,74.2,Gold,East,Health & Beauty,Web,4,496.93,0.1,7.5,Standard,3.4,2026-02-27 01:45:43
CUST-11242,32,60.2,Gold,East,Home & Kitchen,In-Store,1,672.02,0.05,3.0,Express,4.8,2026-02-07 04:43:44
CUST-11243,26,59.8,Bronze,North,Home & Kitchen,Web,1,364.59,0.2,2.3,Express,4.1,2026-02-27 09:57:52
CUST-11244,31,83.2,Silver,North,Books & Media,In-Store,5,145.71,0.05,3.0,Express,3.3,2026-03-24 18:41:12
CUST-11245,23,46.0,Silver,North,Books & Media,Web,5,155.61,0.1,2.7,Express,3.5,2026-02-02 04:41:39
CUST-11246,41,72.2,Silver,East,Home & Kitchen,Web,2,809.38,0.0,2.6,Express,3.6,2026-01-20 20:35:38
CUST-11247,30,41.7,Silver,West,Health & Beauty,Web,2,208.89,0.1,1.2,Same-Day,4.1,2026-03-27 02:17:28
CUST-11248,44,60.4,Silver,South,Home & Kitchen,Web,4,550.64,0.15,7.6,Standard,3.4,2026-03-20 16:05:25
CUST-11249,19,47.4,Silver,West,Home & Kitchen,Web,1,274.66,0.0,5.3,Standard,3.1,2026-03-23 02:51:35
CUST-11250,45,91.1,Silver,North,Books & Media,Web,1,139.76,0.1,,Standard,3.5,2026-03-02 14:03:34
CUST-11251,52,78.4,Silver,North,Home & Kitchen,In-Store,1,564.82,0.0,5.5,Standard,3.9,2026-02-27 02:04:48
CUST-11252,18,41.3,Silver,South,Books & Media,Web,2,71.95,0.2,2.6,Express,3.6,2026-02-21 19:13:47
CUST-11253,46,69.5,Silver,West,Apparel,Web,1,384.15,0.25,7.4,Standard,2.7,2026-03-29 22:40:18
CUST-11254,58,80.8,Silver,South,Apparel,Web,2,451.7,0.05,6.5,Standard,2.9,2026-03-26 16:46:01
CUST-11255,24,55.8,Silver,West,Electronics,Mobile App,4,916.03,0.0,5.2,Standard,3.3,2026-02-18 01:32:52
CUST-11256,64,72.9,Bronze,South,Apparel,Mobile App,2,458.32,0.1,2.7,Express,3.6,2026-03-20 19:52:13
CUST-11257,46,94.8,Bronze,East,Apparel,Mobile App,1,648.86,0.0,7.1,Standard,3.2,2026-01-11 20:20:15
CUST-11258,31,49.1,Bronze,West,Health & Beauty,Web,2,236.45,0.05,6.4,Standard,2.5,2026-01-31 01:12:48
CUST-11259,40,79.8,Silver,East,Home & Kitchen,Web,3,897.72,0.0,2.4,Express,3.6,2026-03-01 16:01:35
CUST-11260,48,58.8,Silver,South,Books & Media,Mobile App,1,88.25,0.05,2.6,Express,3.8,2026-01-19 04:14:39
CUST-11261,42,81.2,Platinum,West,Apparel,Mobile App,1,320.48,0.0,7.5,Standard,4.1,2026-03-19 02:46:40
CUST-11262,48,87.9,Bronze,East,Books & Media,Web,2,265.5,0.0,2.9,Express,4.4,2026-03-16 00:15:30
CUST-11263,28,61.6,Bronze,East,Home & Kitchen,Mobile App,1,606.31,0.0,7.0,Standard,2.5,2026-02-16 16:34:47
CUST-11264,43,57.4,Bronze,South,Home & Kitchen,Web,7,603.83,0.1,1.3,Same-Day,3.7,2026-01-13 02:44:47
CUST-11265,21,51.8,Bronze,South,Apparel,Web,3,267.9,0.05,5.2,Standard,2.5,2026-02-19 10:19:48
CUST-11266,39,50.2,Gold,North,Home & Kitchen,Mobile App,1,425.65,0.0,0.8,Same-Day,4.2,2026-02-10 03:00:34
CUST-11267,28,52.0,Bronze,North,Home & Kitchen,Mobile App,3,417.2,0.1,0.7,Same-Day,3.5,2026-03-31 19:57:21
CUST-11268,30,73.4,Silver,West,Home & Kitchen,Web,2,439.64,0.15,2.3,Express,3.6,2026-03-05 15:45:20
CUST-11269,58,100.8,Silver,West,Health & Beauty,Web,1,407.63,0.0,5.5,Standard,3.1,2026-01-19 16:02:27
CUST-11270,56,86.8,Silver,South,Health & Beauty,In-Store,1,284.55,0.15,7.1,Standard,3.1,2026-03-29 06:16:16
CUST-11271,49,64.3,Gold,East,Health & Beauty,In-Store,3,513.74,0.1,5.4,Standard,3.6,2026-01-28 03:16:49
CUST-11272,25,62.2,Bronze,West,Home & Kitchen,In-Store,1,374.46,0.0,1.1,Same-Day,4.2,2026-02-21 17:40:17
CUST-11273,36,64.9,Bronze,West,Health & Beauty,Mobile App,1,228.74,0.05,2.5,Express,3.8,2026-03-22 06:19:31
CUST-11274,57,52.9,Gold,West,Books & Media,Mobile App,1,128.65,0.05,0.5,Same-Day,4.2,2026-01-07 16:19:22
CUST-11275,42,82.9,Gold,West,Apparel,Web,1,326.46,0.1,2.7,Express,3.6,2026-03-05 02:03:05
CUST-11276,73,104.9,Bronze,West,Apparel,Web,3,639.1,0.0,7.1,Standard,3.1,2026-03-19 01:10:28
CUST-11277,46,93.6,Bronze,East,Apparel,Web,5,765.0,0.25,5.1,Standard,3.9,2026-02-25 03:14:05
CUST-11278,43,55.9,Bronze,West,Electronics,Mobile App,3,1076.98,0.1,5.3,Standard,4.1,2026-03-17 20:56:32
CUST-11279,36,22.0,Bronze,East,Electronics,Web,3,1275.07,0.05,6.9,Standard,3.3,2026-01-31 21:44:47
CUST-11280,42,75.4,Platinum,East,Electronics,In-Store,6,2077.11,0.0,2.8,Express,5.0,2026-01-12 01:26:31
CUST-11281,38,71.2,Silver,East,Home & Kitchen,Web,1,691.25,0.0,1.3,Same-Day,4.1,2026-01-17 21:59:16
CUST-11282,50,54.6,Bronze,North,Apparel,Web,1,429.46,0.05,2.4,Express,3.9,2026-03-07 12:23:03
CUST-11283,54,69.7,Gold,West,Apparel,Web,2,388.73,0.05,3.0,Express,4.2,2026-03-09 02:19:47
CUST-11284,29,98.2,Silver,North,Books & Media,Web,2,115.12,0.1,2.7,Express,3.7,2026-02-02 01:43:57
CUST-11285,22,44.6,Bronze,North,Books & Media,Web,2,88.18,0.1,6.6,Standard,3.2,2026-01-24 21:14:30
CUST-11286,18,55.8,Platinum,North,Health & Beauty,Web,1,153.66,0.0,,Standard,4.0,2026-03-29 19:05:21
CUST-11287,48,68.0,Gold,West,Home & Kitchen,Web,1,552.14,0.05,2.4,Express,4.2,2026-01-13 19:17:26
CUST-11288,25,22.0,Gold,West,Apparel,Mobile App,2,206.01,0.0,7.1,Standard,3.0,2026-01-23 02:21:53
CUST-11289,18,42.2,Silver,West,Apparel,Mobile App,7,378.15,0.05,5.6,Standard,3.4,2026-01-20 02:48:20
CUST-11290,46,71.6,Gold,North,Apparel,Web,2,381.63,0.1,5.2,Standard,3.4,2026-02-23 03:20:19
CUST-11291,75,101.5,Bronze,West,Electronics,Mobile App,1,1568.72,0.05,0.8,Same-Day,4.1,2026-02-09 03:23:33
CUST-11292,40,67.3,Silver,South,Apparel,Mobile App,3,315.97,0.15,6.5,Standard,3.2,2026-01-22 03:16:22
CUST-11293,52,86.2,Platinum,South,Health & Beauty,Web,1,318.51,0.25,2.8,Express,4.8,2026-03-28 18:10:43
CUST-11294,42,68.9,Bronze,East,Electronics,In-Store,1,1532.4,0.1,2.8,Express,4.0,2026-01-16 15:17:15
CUST-11295,39,48.9,Gold,East,Electronics,Mobile App,1,1360.08,0.0,2.7,Express,4.1,2026-01-08 03:34:05
CUST-11296,53,90.6,Silver,North,Electronics,Web,3,1408.34,0.05,2.7,Express,3.9,2026-03-25 15:54:15
CUST-11297,36,35.4,Bronze,West,Home & Kitchen,In-Store,4,475.91,0.0,3.1,Express,3.5,2026-03-20 07:30:06
CUST-11298,44,42.6,Gold,East,Apparel,In-Store,3,564.92,0.1,6.4,Standard,2.9,2026-01-27 04:27:13
CUST-11299,45,85.6,Bronze,South,Apparel,In-Store,1,343.6,0.15,6.7,Standard,3.2,2026-03-27 23:23:02
CUST-11300,31,66.7,Silver,East,Electronics,Mobile App,1,1324.97,0.1,0.6,Same-Day,4.2,2026-03-31 20:35:32
CUST-11301,54,83.5,Bronze,South,Apparel,Web,1,408.91,0.15,7.4,Standard,3.2,2026-03-17 23:44:48
CUST-11302,38,45.9,Platinum,North,Electronics,Web,7,1305.75,0.15,2.2,Express,4.7,2026-02-01 02:23:51
CUST-11303,30,47.4,Bronze,North,Home & Kitchen,Mobile App,3,460.76,0.15,6.5,Standard,2.5,2026-03-10 03:32:35
CUST-11304,48,73.9,Bronze,East,Electronics,In-Store,1,1698.47,0.0,6.0,Standard,3.1,2026-02-09 14:50:38
CUST-11305,28,31.9,Bronze,East,Books & Media,Mobile App,3,123.72,0.15,0.8,Same-Day,4.4,2026-01-28 03:29:28
CUST-11306,41,59.0,Platinum,West,Home & Kitchen,In-Store,2,515.62,0.1,2.6,Express,4.8,2026-01-10 01:51:38
CUST-11307,40,78.8,Silver,East,Books & Media,Web,9,294.91,0.0,6.9,Standard,2.9,2026-03-17 12:36:03
CUST-11308,56,108.0,Silver,West,Apparel,Web,4,561.86,0.25,0.9,Same-Day,3.5,2026-01-16 19:12:38
CUST-11309,47,70.4,Silver,West,Apparel,In-Store,1,383.77,0.2,2.6,Express,3.4,2026-03-13 23:15:39
CUST-11310,40,80.3,Silver,East,Electronics,Mobile App,3,1716.84,0.05,7.2,Standard,3.1,2026-01-13 17:47:40
CUST-11311,52,53.5,Bronze,East,Home & Kitchen,In-Store,2,911.77,0.15,2.5,Express,3.2,2026-03-19 16:42:21
CUST-11312,60,100.9,Silver,South,Apparel,Mobile App,1,440.81,0.0,5.1,Standard,3.2,2026-03-01 09:08:14
CUST-11313,48,65.7,Bronze,East,Apparel,Mobile App,3,626.07,0.05,2.7,Express,3.7,2026-03-21 05:49:03
CUST-11314,41,74.7,Platinum,East,Books & Media,Mobile App,2,218.59,0.0,7.6,Standard,4.1,2026-03-01 13:46:57
CUST-11315,22,45.5,Gold,North,Books & Media,In-Store,1,56.18,0.05,5.2,Standard,4.0,2026-01-09 20:12:17
CUST-11316,26,73.4,Bronze,South,Books & Media,Mobile App,3,116.4,0.05,2.3,Express,4.1,2026-02-22 17:06:56
CUST-11317,36,51.5,Bronze,West,Electronics,Web,3,1006.1,0.0,2.8,Express,3.8,2026-02-02 02:34:43
CUST-11318,32,69.6,Gold,East,Home & Kitchen,Mobile App,1,684.75,0.1,2.5,Express,4.0,2026-03-28 02:43:22
CUST-11319,38,62.6,Bronze,North,Electronics,Mobile App,1,921.38,0.0,6.1,Standard,2.9,2026-02-25 03:25:37
CUST-11320,41,67.7,Bronze,South,Home & Kitchen,Web,3,484.61,0.0,1.3,Same-Day,3.6,2026-01-26 01:49:03
CUST-11321,48,75.0,Bronze,South,Apparel,Mobile App,1,337.33,0.05,2.4,Express,4.0,2026-02-11 00:08:03
CUST-11322,40,56.3,Silver,North,Electronics,Web,5,1178.8,0.05,2.9,Express,3.4,2026-01-26 21:34:17
CUST-11323,47,76.5,Gold,West,Health & Beauty,Web,1,318.09,0.0,6.4,Standard,3.4,2026-01-30 01:23:00
CUST-11324,41,69.2,Bronze,North,Home & Kitchen,Mobile App,1,493.17,0.0,3.1,Express,3.6,2026-03-23 15:32:31
CUST-11325,18,48.4,Bronze,East,Apparel,Mobile App,1,291.27,0.0,1.0,Same-Day,4.6,2026-02-06 02:20:20
CUST-11326,27,56.0,Silver,North,Electronics,In-Store,2,776.13,0.0,2.7,Express,3.9,2026-03-25 15:52:37
CUST-11327,38,78.8,Silver,North,Home & Kitchen,Web,3,561.2,0.05,1.2,Same-Day,3.7,2026-03-26 04:21:25
CUST-11328,24,65.3,Bronze,South,Health & Beauty,In-Store,2,190.31,0.2,7.0,Standard,3.0,2026-01-03 23:38:40
CUST-11329,49,63.1,Bronze,East,Home & Kitchen,Web,1,798.09,0.0,2.5,Express,4.3,2026-02-28 23:18:48
CUST-11330,62,106.2,Platinum,East,Health & Beauty,Web,4,741.49,0.1,5.6,Standard,4.3,2026-02-04 00:43:20
CUST-11331,58,71.0,Platinum,North,Electronics,In-Store,1,1296.18,0.0,7.6,Standard,3.2,2026-01-07 03:45:42
CUST-11332,38,75.6,Platinum,North,Home & Kitchen,Mobile App,1,514.06,0.05,2.6,Express,4.3,2026-01-31 22:44:28
CUST-11333,61,101.4,Gold,South,Books & Media,Web,1,138.55,0.0,2.2,Express,4.0,2026-02-01 21:31:52
CUST-11334,43,43.6,Bronze,East,Home & Kitchen,In-Store,1,696.73,0.2,7.3,Standard,3.4,2026-02-11 18:04:40
CUST-11335,36,66.0,Bronze,East,Electronics,Mobile App,2,1524.71,0.05,6.6,Standard,3.5,2026-02-26 16:11:42
CUST-11336,32,53.2,Bronze,West,Home & Kitchen,In-Store,1,369.94,0.1,5.5,Standard,3.0,2026-03-14 17:39:31
CUST-11337,36,53.2,Bronze,West,Home & Kitchen,Mobile App,1,447.96,0.1,5.1,Standard,3.1,2026-02-15 08:05:58
CUST-11338,35,83.8,Platinum,South,Books & Media,Mobile App,4,92.76,0.0,5.8,Standard,4.1,2026-03-30 04:17:03
CUST-11339,43,62.5,Gold,West,Books & Media,Mobile App,1,166.82,0.2,7.5,Standard,3.4,2026-02-26 03:06:12
CUST-11340,43,60.2,Silver,South,Books & Media,Web,4,120.11,0.0,7.5,Standard,2.5,2026-02-19 17:18:50
CUST-11341,41,71.2,Bronze,North,Home & Kitchen,Mobile App,3,625.53,0.0,0.7,Same-Day,4.0,2026-03-27 08:14:34
CUST-11342,47,87.0,Gold,North,Electronics,Mobile App,1,1202.12,0.0,3.0,Express,3.7,2026-01-30 22:41:53
CUST-11343,57,85.6,Gold,West,Apparel,Web,2,485.14,0.0,6.2,Standard,4.0,2026-02-05 21:08:26
CUST-11344,54,101.9,Bronze,South,Books & Media,Web,2,134.98,0.0,1.2,Same-Day,3.4,2026-01-27 03:19:00
CUST-11345,20,55.0,Gold,East,Health & Beauty,Web,1,279.08,0.1,2.5,Express,3.6,2026-02-19 21:47:48
CUST-11346,18,22.0,Bronze,North,Electronics,In-Store,6,795.18,0.0,6.4,Standard,3.2,2026-01-03 04:58:48
CUST-11347,54,76.5,Bronze,East,Home & Kitchen,Mobile App,2,965.76,0.1,5.8,Standard,2.7,2026-01-07 15:19:38
CUST-11348,21,39.7,Silver,West,Apparel,Mobile App,5,262.3,0.0,5.2,Standard,3.1,2026-01-27 20:03:13
CUST-11349,37,72.9,Silver,West,Apparel,In-Store,5,423.89,0.25,5.4,Standard,3.3,2026-03-22 05:09:36
CUST-11350,24,22.0,Bronze,East,Apparel,Mobile App,1,271.37,0.0,5.8,Standard,3.4,2026-02-18 09:41:29
CUST-11351,18,83.0,Bronze,South,Home & Kitchen,In-Store,1,330.54,0.1,7.6,Standard,2.8,2026-02-15 20:39:13
CUST-11352,48,85.8,Platinum,East,Electronics,Web,1,1800.81,0.1,7.6,Standard,4.4,2026-03-26 18:00:10
CUST-11353,51,83.3,Silver,South,Books & Media,Web,5,180.26,0.0,3.0,Express,3.7,2026-01-26 23:34:30
CUST-11354,32,77.9,Silver,South,Books & Media,Web,5,137.38,0.0,5.6,Standard,3.6,2026-03-23 18:23:56
CUST-11355,18,80.0,Bronze,East,Health & Beauty,Mobile App,2,315.02,0.0,2.6,Express,3.8,2026-03-07 04:43:27
CUST-11356,33,74.4,Bronze,North,Electronics,In-Store,1,907.3,0.0,2.6,Express,4.5,2026-01-03 05:06:26
CUST-11357,46,89.8,Bronze,East,Home & Kitchen,Mobile App,1,898.47,0.0,0.7,Same-Day,4.4,2026-03-20 04:21:02
CUST-11358,20,49.0,Bronze,East,Apparel,Web,4,423.86,0.1,5.1,Standard,3.3,2026-03-20 21:22:05
CUST-11359,43,70.2,Bronze,West,Apparel,Mobile App,7,514.87,0.05,0.8,Same-Day,4.3,2026-03-06 07:00:38
CUST-11360,40,61.9,Bronze,South,Home & Kitchen,Mobile App,1,415.06,0.05,2.3,Express,3.7,2026-03-06 02:23:18
CUST-11361,49,66.5,Silver,East,Books & Media,Web,1,250.93,0.0,3.0,Express,3.6,2026-03-29 20:19:40
CUST-11362,42,60.9,Bronze,North,Electronics,Mobile App,1,997.79,0.15,2.9,Express,3.2,2026-03-01 15:31:33
CUST-11363,27,34.4,Gold,West,Health & Beauty,In-Store,1,200.03,0.0,6.0,Standard,3.3,2026-03-31 02:30:27
CUST-11364,57,86.6,Bronze,South,Books & Media,In-Store,5,129.96,0.05,1.2,Same-Day,4.7,2026-01-10 02:32:11
CUST-11365,38,41.5,Silver,East,Books & Media,Mobile App,2,176.08,0.0,5.6,Standard,2.8,2026-01-15 15:35:38
CUST-11366,40,71.9,Bronze,North,Books & Media,Web,3,137.12,0.0,2.5,Express,3.5,2026-02-07 00:17:09
CUST-11367,27,54.2,Silver,North,Apparel,Web,2,280.61,0.1,5.8,Standard,3.1,2026-01-07 07:36:51
CUST-11368,34,64.6,Bronze,North,Books & Media,Mobile App,1,70.36,0.1,7.2,Standard,2.9,2026-02-12 19:32:46
CUST-11369,28,48.0,Platinum,South,Apparel,Mobile App,1,198.61,0.1,2.4,Express,4.8,2026-02-14 19:32:24
CUST-11370,38,113.0,Gold,South,Health & Beauty,Web,4,334.88,0.05,1.2,Same-Day,4.3,2026-03-18 04:04:22
CUST-11371,64,115.8,Silver,East,Electronics,Web,3,2553.79,0.2,5.5,Standard,3.4,2026-03-12 15:17:55
CUST-11372,21,29.4,Bronze,West,Apparel,In-Store,2,201.54,0.05,1.0,Same-Day,4.4,2026-01-29 05:08:58
CUST-11373,18,48.3,Silver,West,Home & Kitchen,In-Store,1,277.07,0.05,2.4,Express,4.2,2026-02-22 03:41:25
CUST-11374,61,83.0,Gold,West,Apparel,Mobile App,1,525.23,0.0,6.7,Standard,3.4,2026-03-17 20:30:18
CUST-11375,38,51.6,Bronze,West,Apparel,Web,1,306.58,0.0,6.4,Standard,3.3,2026-02-04 14:06:37
CUST-11376,31,39.0,Silver,West,Apparel,Web,3,303.48,0.05,2.9,Express,3.3,2026-03-07 10:14:19
CUST-11377,55,92.0,Gold,West,Books & Media,Web,2,167.57,0.0,5.6,Standard,3.4,2026-01-26 20:45:44
CUST-11378,32,50.0,Gold,South,Home & Kitchen,Mobile App,2,341.38,0.05,5.0,Standard,3.4,2026-01-21 02:03:51
CUST-11379,66,112.1,Gold,East,Apparel,Web,5,996.75,0.0,6.8,Standard,3.5,2026-03-30 22:45:43
CUST-11380,50,94.9,Gold,South,Apparel,In-Store,2,393.19,0.15,5.3,Standard,3.4,2026-03-04 02:38:17
CUST-11381,34,83.0,Platinum,West,Apparel,In-Store,2,363.55,0.25,2.4,Express,4.1,2026-03-27 02:07:47
CUST-11382,71,90.3,Bronze,North,Apparel,Web,1,554.76,0.0,5.8,Standard,3.0,2026-01-02 00:23:10
CUST-11383,32,67.3,Silver,South,Books & Media,Mobile App,4,165.1,0.15,7.0,Standard,2.3,2026-02-23 06:07:57
CUST-11384,51,90.6,Gold,West,Electronics,Mobile App,2,1266.54,0.15,6.7,Standard,4.0,2026-03-19 02:59:24
CUST-11385,45,67.4,Silver,West,Apparel,In-Store,1,395.72,0.25,5.5,Standard,3.0,2026-01-31 05:04:42
CUST-11386,59,78.3,Platinum,West,Apparel,In-Store,3,532.97,0.0,6.6,Standard,4.3,2026-03-01 17:22:00
CUST-11387,62,117.3,Bronze,West,Apparel,Web,2,545.39,0.1,2.9,Express,3.5,2026-01-11 02:42:31
CUST-11388,41,73.5,Bronze,South,Apparel,Web,4,397.3,0.0,2.6,Express,3.3,2026-01-23 01:54:32
CUST-11389,30,67.5,Bronze,South,Books & Media,Mobile App,6,169.29,0.1,5.7,Standard,3.6,2026-01-30 05:33:06
CUST-11390,47,64.4,Bronze,East,Apparel,Mobile App,3,631.44,0.1,6.8,Standard,3.0,2026-03-10 23:14:30
CUST-11391,31,40.8,Bronze,East,Apparel,Web,4,512.8,0.1,6.6,Standard,3.7,2026-01-08 18:50:25
CUST-11392,69,92.4,Silver,West,Home & Kitchen,Mobile App,1,761.08,0.0,5.2,Standard,3.1,2026-02-22 20:58:06
CUST-11393,42,69.3,Bronze,East,Apparel,Mobile App,2,599.09,0.15,2.9,Express,3.5,2026-01-11 17:49:35
CUST-11394,35,47.5,Silver,North,Home & Kitchen,Web,4,529.18,0.05,6.3,Standard,3.4,2026-01-26 17:46:45
CUST-11395,43,72.2,Silver,East,Home & Kitchen,In-Store,2,844.5,0.0,7.0,Standard,3.3,2026-01-19 22:18:23
CUST-11396,22,23.9,Bronze,West,Apparel,Web,3,250.09,0.05,2.4,Express,3.8,2026-01-20 04:24:04
CUST-11397,27,37.9,Bronze,East,Books & Media,Mobile App,6,166.74,0.15,5.7,Standard,4.3,2026-01-30 17:38:21
CUST-11398,57,97.8,Silver,West,Apparel,Mobile App,1,486.2,0.2,2.7,Express,3.6,2026-02-05 18:03:43
CUST-11399,31,68.2,Gold,North,Health & Beauty,Web,1,230.09,0.1,6.3,Standard,3.1,2026-02-12 04:45:35
CUST-11400,26,47.7,Gold,West,Home & Kitchen,Mobile App,3,380.5,0.0,6.0,Standard,3.3,2026-02-25 19:07:02
CUST-11401,48,62.5,Gold,South,Home & Kitchen,Mobile App,5,576.6,0.0,2.9,Express,4.1,2026-01-10 06:28:49
CUST-11402,57,72.3,Platinum,South,Health & Beauty,In-Store,5,386.79,0.0,2.8,Express,5.0,2026-01-07 18:54:55
CUST-11403,51,75.5,Silver,West,Books & Media,Web,3,173.8,0.0,6.9,Standard,2.9,2026-01-18 21:41:58
CUST-11404,54,94.1,Gold,East,Home & Kitchen,Mobile App,5,1153.48,0.05,2.4,Express,4.8,2026-01-09 15:12:36
CUST-11405,30,71.9,Gold,South,Books & Media,Mobile App,3,84.62,0.0,2.9,Express,4.3,2026-01-07 07:37:57
CUST-11406,21,40.7,Gold,South,Apparel,Mobile App,1,202.26,0.0,0.7,Same-Day,5.0,2026-03-12 04:35:37
CUST-11407,62,75.9,Bronze,South,Home & Kitchen,In-Store,4,686.92,0.15,2.2,Express,3.9,2026-02-15 03:36:45
CUST-11408,36,68.6,Platinum,East,Electronics,Web,1,1422.83,0.1,2.4,Express,4.8,2026-01-22 16:41:05
CUST-11409,37,53.3,Silver,South,Electronics,Web,1,801.36,0.15,5.1,Standard,3.5,2026-03-23 06:55:51
CUST-11410,59,82.1,Gold,East,Books & Media,Mobile App,2,275.7,0.05,6.2,Standard,3.4,2026-03-21 05:44:24
CUST-11411,48,97.7,Bronze,North,Electronics,Web,1,1208.05,0.05,,Standard,2.9,2026-03-14 21:50:22
CUST-11412,47,89.1,Bronze,South,Electronics,In-Store,1,1030.48,0.0,7.7,Standard,2.9,2026-03-12 02:42:11
CUST-11413,71,105.5,Bronze,East,Books & Media,Mobile App,1,342.85,0.05,7.3,Standard,3.6,2026-03-29 07:59:27
CUST-11414,31,40.0,Bronze,South,Electronics,Mobile App,1,710.24,0.1,3.0,Express,3.1,2026-03-22 21:30:57
CUST-11415,53,86.5,Bronze,West,Apparel,Mobile App,1,455.93,0.05,6.4,Standard,2.3,2026-02-01 15:18:43
CUST-11416,41,86.0,Gold,South,Home & Kitchen,Mobile App,2,512.6,0.15,3.0,Express,4.1,2026-03-09 04:36:39
CUST-11417,44,67.8,Bronze,West,Home & Kitchen,Mobile App,4,636.24,0.2,5.7,Standard,3.5,2026-01-16 22:24:31
CUST-11418,62,113.5,Bronze,South,Books & Media,Web,5,193.91,0.05,6.5,Standard,3.0,2026-01-03 07:36:54
CUST-11419,48,97.2,Bronze,East,Apparel,Web,4,798.82,0.0,6.1,Standard,2.7,2026-03-09 00:00:51
CUST-11420,48,102.8,Silver,North,Apparel,Web,2,492.0,0.2,5.5,Standard,3.2,2026-02-10 11:20:24
CUST-11421,56,91.2,Bronze,West,Books & Media,Mobile App,4,197.51,0.1,5.2,Standard,2.7,2026-02-20 22:40:33
CUST-11422,35,72.3,Bronze,West,Apparel,Mobile App,1,321.5,0.1,2.8,Express,3.9,2026-01-15 02:38:29
CUST-11423,29,78.1,Silver,East,Home & Kitchen,Web,1,615.17,0.1,5.3,Standard,3.1,2026-03-19 10:40:36
CUST-11424,26,60.3,Silver,North,Health & Beauty,Mobile App,3,268.43,0.0,6.9,Standard,2.9,2026-02-18 21:25:17
CUST-11425,18,37.3,Bronze,East,Apparel,Web,3,364.88,0.0,3.1,Express,3.8,2026-02-18 16:41:55
CUST-11426,69,94.2,Bronze,North,Apparel,In-Store,4,592.66,0.0,5.4,Standard,3.3,2026-01-28 01:52:56
CUST-11427,25,56.1,Bronze,East,Electronics,Web,3,1253.45,0.0,6.3,Standard,2.9,2026-03-23 06:02:34
CUST-11428,37,46.3,Platinum,South,Home & Kitchen,In-Store,1,387.18,0.05,7.0,Standard,4.2,2026-02-09 01:49:47
CUST-11429,37,63.6,Bronze,East,Electronics,Mobile App,5,1759.41,0.0,,Standard,3.4,2026-03-15 02:40:36
CUST-11430,45,90.9,Silver,East,Apparel,Mobile App,3,702.66,0.15,3.1,Express,3.0,2026-02-05 21:04:40
CUST-11431,52,49.3,Bronze,East,Books & Media,Web,4,263.33,0.05,1.3,Same-Day,3.9,2026-01-11 00:42:05
CUST-11432,53,106.3,Silver,West,Home & Kitchen,In-Store,4,778.22,0.05,2.3,Express,3.4,2026-01-05 00:28:18
CUST-11433,32,77.0,Bronze,East,Apparel,Web,1,478.0,0.0,5.1,Standard,2.8,2026-03-27 03:32:21
CUST-11434,38,59.9,Bronze,West,Books & Media,Mobile App,1,83.02,0.05,3.2,Express,3.8,2026-01-03 04:01:56
CUST-11435,44,81.6,Silver,South,Apparel,In-Store,1,358.05,0.0,7.6,Standard,2.7,2026-03-21 02:17:31
CUST-11436,37,65.7,Bronze,North,Books & Media,In-Store,1,145.5,0.1,6.1,Standard,3.1,2026-01-29 06:59:26
CUST-11437,63,112.7,Bronze,North,Home & Kitchen,Mobile App,1,735.59,0.15,5.1,Standard,3.0,2026-03-31 03:51:58
CUST-11438,47,91.4,Silver,East,Electronics,In-Store,2,1904.46,0.05,2.8,Express,3.8,2026-01-26 15:13:15
CUST-11439,51,60.1,Platinum,North,Health & Beauty,Mobile App,6,451.02,0.0,2.5,Express,4.9,2026-03-14 23:53:25
CUST-11440,50,88.8,Bronze,East,Electronics,Web,5,2256.49,0.15,3.1,Express,4.4,2026-01-31 04:39:38
CUST-11441,57,84.6,Silver,South,Health & Beauty,Web,3,349.33,0.0,3.0,Express,3.6,2026-01-10 05:29:03
CUST-11442,43,73.5,Platinum,East,Electronics,Web,1,1612.87,0.0,6.8,Standard,3.4,2026-01-01 20:28:15
CUST-11443,22,38.3,Gold,West,Apparel,Web,1,192.41,0.05,5.8,Standard,3.5,2026-02-26 02:28:51
CUST-11444,46,101.8,Silver,West,Electronics,Mobile App,3,1308.47,0.2,2.9,Express,4.0,2026-02-25 21:18:48
CUST-11445,31,74.7,Silver,South,Electronics,Mobile App,1,789.69,0.0,2.5,Express,3.5,2026-03-17 15:45:18
CUST-11446,33,50.2,Bronze,East,Books & Media,Web,4,180.25,0.2,2.2,Express,3.3,2026-03-03 04:25:27
CUST-11447,49,58.9,Silver,North,Home & Kitchen,In-Store,6,695.1,0.0,6.4,Standard,2.8,2026-02-15 05:45:56
CUST-11448,58,83.0,Bronze,East,Books & Media,Web,2,244.53,0.0,2.7,Express,3.5,2026-01-13 23:57:16
CUST-11449,41,76.6,Bronze,North,Apparel,In-Store,3,403.28,0.1,7.1,Standard,2.5,2026-01-14 10:53:44
CUST-11450,45,78.1,Bronze,South,Apparel,In-Store,1,378.41,0.0,3.1,Express,3.7,2026-01-11 03:51:01
CUST-11451,64,114.2,Bronze,West,Home & Kitchen,In-Store,3,869.1,0.0,6.0,Standard,3.1,2026-01-17 22:39:01
CUST-11452,44,85.2,Silver,West,Apparel,Mobile App,1,440.47,0.0,0.7,Same-Day,4.4,2026-01-17 14:08:23
CUST-11453,75,122.0,Silver,South,Home & Kitchen,Web,1,781.24,0.0,6.3,Standard,2.9,2026-01-31 17:56:53
CUST-11454,48,82.7,Silver,West,Home & Kitchen,Mobile App,3,656.57,0.0,2.5,Express,3.9,2026-02-15 16:45:54
CUST-11455,18,24.0,Bronze,West,Electronics,Web,3,570.67,0.1,2.9,Express,3.5,2026-02-19 02:43:26
CUST-11456,51,78.2,Bronze,North,Books & Media,Web,3,159.64,0.1,6.4,Standard,2.7,2026-03-31 19:12:03
CUST-11457,46,91.5,Silver,North,Books & Media,Mobile App,2,207.73,0.2,7.5,Standard,2.7,2026-03-16 16:37:47
CUST-11458,59,89.1,Platinum,East,Home & Kitchen,Web,3,1111.52,0.1,2.9,Express,4.0,2026-03-22 05:30:58
CUST-11459,50,87.5,Bronze,South,Electronics,In-Store,4,1275.4,0.1,5.6,Standard,3.8,2026-01-19 06:13:35
CUST-11460,39,63.1,Bronze,West,Apparel,In-Store,8,505.83,0.1,5.4,Standard,3.3,2026-03-16 16:30:19
CUST-11461,23,34.9,Gold,East,Apparel,Web,6,436.09,0.15,1.1,Same-Day,4.2,2026-01-11 17:14:11
CUST-11462,38,64.9,Bronze,South,Apparel,Mobile App,4,373.25,0.0,2.5,Express,3.6,2026-03-15 00:33:53
CUST-11463,29,61.5,Gold,West,Apparel,Mobile App,3,361.71,0.0,6.1,Standard,2.7,2026-03-30 16:49:27
CUST-11464,32,50.4,Silver,East,Books & Media,In-Store,2,161.04,0.1,2.4,Express,4.3,2026-02-24 16:09:59
CUST-11465,49,75.4,Bronze,North,Home & Kitchen,Mobile App,1,600.49,0.0,7.6,Standard,3.3,2026-01-03 19:56:28
CUST-11466,64,81.3,Bronze,South,Home & Kitchen,Web,1,566.6,0.2,2.3,Express,3.8,2026-03-20 05:20:51
CUST-11467,46,92.4,Bronze,South,Apparel,Mobile App,4,395.5,0.05,2.9,Express,3.8,2026-03-31 06:38:45
CUST-11468,24,47.0,Bronze,South,Health & Beauty,Mobile App,4,220.76,0.0,2.2,Express,3.4,2026-01-17 04:53:32
CUST-11469,47,98.5,Gold,South,Electronics,In-Store,3,1192.55,0.1,6.1,Standard,3.2,2026-01-10 02:24:48
CUST-11470,57,110.6,Silver,East,Books & Media,Web,2,313.37,0.0,2.5,Express,3.2,2026-03-10 02:36:55
CUST-11471,32,59.0,Silver,West,Health & Beauty,Web,1,251.09,0.2,6.0,Standard,3.1,2026-02-14 22:39:17
CUST-11472,39,52.8,Gold,South,Books & Media,In-Store,1,69.03,0.25,6.3,Standard,3.9,2026-01-02 23:19:11
CUST-11473,41,38.8,Bronze,West,Health & Beauty,In-Store,2,272.85,0.1,2.8,Express,3.6,2026-03-31 01:44:56
CUST-11474,30,35.9,Silver,North,Home & Kitchen,In-Store,2,397.01,0.0,6.6,Standard,3.1,2026-01-23 02:06:09
CUST-11475,50,59.4,Silver,North,Electronics,Mobile App,7,1443.02,0.0,2.8,Express,4.0,2026-03-10 15:56:23
CUST-11476,39,88.6,Gold,West,Electronics,Mobile App,1,1048.07,0.05,3.0,Express,3.6,2026-02-18 17:17:46
CUST-11477,46,77.3,Bronze,South,Apparel,Mobile App,2,359.58,0.15,7.4,Standard,3.5,2026-01-22 06:40:16
CUST-11478,28,61.6,Silver,West,Electronics,Web,2,826.43,0.0,7.0,Standard,3.3,2026-03-15 19:43:57
CUST-11479,34,29.1,Gold,West,Home & Kitchen,Mobile App,11,711.7,0.0,2.3,Express,4.5,2026-03-28 18:55:42
CUST-11480,51,63.1,Bronze,South,Apparel,Web,5,406.73,0.0,1.4,Same-Day,4.3,2026-02-24 21:25:31
CUST-11481,35,76.8,Bronze,West,Books & Media,Web,2,136.49,0.05,3.1,Express,4.0,2026-01-04 18:16:55
CUST-11482,65,100.8,Silver,East,Apparel,In-Store,12,1218.13,0.15,2.9,Express,3.8,2026-02-27 15:41:24
CUST-11483,35,61.3,Bronze,West,Apparel,Web,2,364.04,0.0,6.4,Standard,3.5,2026-03-11 17:06:51
CUST-11484,44,81.9,Silver,South,Health & Beauty,In-Store,1,246.93,0.0,5.7,Standard,3.0,2026-03-01 01:27:06
CUST-11485,54,108.9,Platinum,North,Apparel,Web,2,469.52,0.1,3.0,Express,4.7,2026-01-26 17:20:19
CUST-11486,21,44.8,Silver,South,Books & Media,Web,1,73.32,0.15,7.4,Standard,3.3,2026-03-16 01:36:28
CUST-11487,18,45.8,Silver,North,Books & Media,Mobile App,3,80.1,0.15,2.9,Express,2.7,2026-03-10 15:22:18
CUST-11488,19,48.8,Silver,East,Apparel,Mobile App,7,612.17,0.15,6.7,Standard,3.1,2026-02-08 12:46:10
CUST-11489,58,124.7,Bronze,South,Apparel,Mobile App,4,539.15,0.0,5.5,Standard,3.5,2026-01-02 04:47:32
CUST-11490,33,29.8,Bronze,South,Apparel,In-Store,1,226.12,0.05,2.6,Express,3.1,2026-02-27 03:58:49
CUST-11491,75,117.7,Gold,East,Books & Media,Web,1,317.83,0.25,2.9,Express,4.3,2026-02-18 02:47:54
CUST-11492,33,59.6,Silver,East,Home & Kitchen,In-Store,1,607.95,0.25,2.2,Express,3.5,2026-03-13 11:09:53
CUST-11493,43,80.8,Bronze,South,Apparel,Web,1,351.84,0.1,1.2,Same-Day,4.1,2026-01-21 17:45:14
CUST-11494,62,83.3,Bronze,South,Books & Media,In-Store,1,147.82,0.1,1.3,Same-Day,3.9,2026-02-01 03:51:30
CUST-11495,69,100.2,Silver,South,Apparel,Web,2,501.49,0.2,1.1,Same-Day,3.7,2026-02-27 16:16:12
CUST-11496,69,111.6,Gold,South,Books & Media,In-Store,3,191.23,0.05,2.3,Express,4.7,2026-02-17 03:37:55
CUST-11497,57,134.4,Gold,North,Health & Beauty,Mobile App,4,492.73,0.0,3.0,Express,4.0,2026-01-24 00:00:58
CUST-11498,55,97.6,Bronze,North,Health & Beauty,Web,1,333.64,0.1,2.3,Express,3.9,2026-03-17 02:10:47
CUST-11499,49,66.2,Platinum,North,Books & Media,In-Store,1,158.51,0.2,6.0,Standard,4.5,2026-03-22 01:32:18
CUST-11500,51,74.7,Silver,East,Apparel,Web,1,611.54,0.1,6.9,Standard,2.6,2026-01-07 21:30:05
CUST-11501,33,54.5,Silver,North,Health & Beauty,Web,1,230.43,0.15,7.2,Standard,2.9,2026-02-18 18:43:27
CUST-11502,29,30.0,Silver,West,Apparel,Mobile App,2,290.95,0.05,7.3,Standard,2.7,2026-03-30 02:23:21
CUST-11503,40,64.0,Bronze,North,Home & Kitchen,Web,1,524.69,0.0,6.4,Standard,3.0,2026-02-01 03:19:27
CUST-11504,38,77.8,Platinum,West,Electronics,Web,3,1081.13,0.0,6.3,Standard,4.7,2026-02-16 12:46:15
CUST-11505,34,43.3,Bronze,West,Health & Beauty,Mobile App,5,302.16,0.25,0.9,Same-Day,4.2,2026-03-09 20:04:49
CUST-11506,50,95.7,Bronze,East,Home & Kitchen,In-Store,2,999.64,0.05,2.8,Express,3.8,2026-02-04 20:41:32
CUST-11507,54,91.7,Gold,East,Books & Media,Web,4,243.93,0.0,6.6,Standard,3.7,2026-03-17 00:25:49
CUST-11508,42,60.2,Silver,East,Electronics,Mobile App,1,1499.88,0.2,6.2,Standard,3.2,2026-02-03 15:48:40
CUST-11509,61,90.0,Gold,East,Books & Media,Mobile App,6,328.06,0.05,2.6,Express,3.6,2026-02-28 05:41:44
CUST-11510,25,76.5,Silver,South,Books & Media,In-Store,1,92.25,0.15,2.7,Express,4.5,2026-01-16 00:06:47
CUST-11511,38,77.8,Bronze,East,Home & Kitchen,In-Store,1,728.88,0.05,1.1,Same-Day,3.5,2026-03-20 05:26:53
CUST-11512,30,58.1,Gold,East,Apparel,Mobile App,1,439.19,0.0,0.7,Same-Day,5.0,2026-03-27 03:17:50
CUST-11513,18,41.2,Bronze,North,Apparel,Mobile App,1,215.36,0.1,1.0,Same-Day,4.2,2026-03-12 17:37:25
CUST-11514,39,69.0,Gold,North,Electronics,Mobile App,2,1037.22,0.25,5.9,Standard,3.7,2026-03-22 16:30:22
CUST-11515,39,60.2,Bronze,East,Apparel,Web,11,856.74,0.0,5.7,Standard,3.1,2026-02-12 04:08:00
CUST-11516,62,61.6,Gold,South,Apparel,Mobile App,4,451.8,0.15,2.6,Express,5.0,2026-01-18 23:01:28
CUST-11517,49,109.5,Bronze,South,Apparel,In-Store,2,429.71,0.0,6.6,Standard,3.2,2026-03-19 10:53:07
CUST-11518,26,55.9,Silver,East,Electronics,Mobile App,2,1201.62,0.05,3.1,Express,3.6,2026-02-08 05:59:41
CUST-11519,66,103.6,Gold,West,Apparel,Web,3,608.22,0.05,7.1,Standard,3.2,2026-03-05 22:43:38
CUST-11520,58,87.9,Silver,South,Electronics,Mobile App,5,1388.65,0.15,,Express,3.4,2026-01-29 19:36:02
CUST-11521,49,67.9,Silver,South,Health & Beauty,Mobile App,4,298.77,0.05,7.3,Standard,2.9,2026-01-10 23:46:12
CUST-11522,37,62.9,Gold,North,Home & Kitchen,Mobile App,2,498.63,0.05,7.5,Standard,3.0,2026-01-18 03:44:19
CUST-11523,27,30.7,Silver,East,Apparel,Mobile App,3,403.71,0.15,2.4,Express,4.0,2026-02-01 15:28:42
CUST-11524,35,97.7,Gold,West,Home & Kitchen,Mobile App,4,634.96,0.0,0.7,Same-Day,4.3,2026-03-02 20:33:54
CUST-11525,56,68.1,Bronze,North,Home & Kitchen,Web,1,605.48,0.0,6.0,Standard,3.5,2026-03-25 19:14:51
CUST-11526,67,83.2,Bronze,East,Health & Beauty,In-Store,1,639.21,0.0,1.1,Same-Day,4.3,2026-03-23 04:45:04
CUST-11527,62,86.6,Bronze,West,Electronics,Mobile App,3,1484.68,0.1,2.9,Express,3.7,2026-02-16 03:08:44
CUST-11528,34,81.7,Bronze,North,Apparel,Web,5,437.93,0.05,2.6,Express,3.9,2026-03-12 21:15:11
CUST-11529,25,52.7,Bronze,West,Health & Beauty,Web,2,200.16,0.15,2.8,Express,3.9,2026-02-26 02:01:47
CUST-11530,42,52.7,Silver,South,Apparel,In-Store,10,455.65,0.05,2.6,Express,3.2,2026-03-02 20:00:16
CUST-11531,18,63.6,Bronze,South,Electronics,In-Store,1,540.26,0.0,5.8,Standard,3.8,2026-02-14 00:56:13
CUST-11532,45,85.5,Bronze,West,Electronics,Web,2,1177.09,0.15,6.0,Standard,3.0,2026-02-08 07:08:52
CUST-11533,38,74.9,Bronze,South,Electronics,Web,2,950.07,0.0,3.0,Express,3.9,2026-02-19 23:56:25
CUST-11534,34,73.1,Gold,East,Health & Beauty,Web,7,556.58,0.2,2.8,Express,4.4,2026-03-16 07:55:29
CUST-11535,18,80.7,Silver,South,Apparel,Web,1,191.42,0.0,7.6,Standard,2.0,2026-02-02 02:19:41
CUST-11536,48,110.6,Bronze,East,Health & Beauty,Mobile App,2,585.14,0.0,3.0,Express,3.4,2026-03-31 15:45:44
CUST-11537,33,51.0,Gold,East,Health & Beauty,Mobile App,1,349.84,0.05,6.3,Standard,3.9,2026-02-23 03:56:31
CUST-11538,24,75.8,Bronze,North,Home & Kitchen,Mobile App,2,409.8,0.0,5.7,Standard,3.2,2026-02-17 16:01:29
CUST-11539,18,50.5,Platinum,West,Electronics,Mobile App,5,848.15,0.0,6.8,Standard,4.1,2026-03-22 23:00:11
CUST-11540,40,76.5,Silver,South,Electronics,Web,1,915.76,0.05,7.0,Standard,3.0,2026-01-02 01:59:35
CUST-11541,65,71.1,Bronze,West,Apparel,Web,4,572.42,0.0,6.3,Standard,3.5,2026-04-01 04:09:18
CUST-11542,64,92.8,Silver,West,Apparel,Web,6,645.61,0.0,5.6,Standard,3.2,2026-01-30 17:22:43
CUST-11543,34,50.2,Gold,West,Home & Kitchen,Web,1,377.95,0.0,2.8,Express,4.7,2026-01-10 04:53:24
CUST-11544,32,72.6,Bronze,West,Apparel,Web,4,458.46,0.05,5.7,Standard,2.8,2026-02-03 05:18:32
CUST-11545,47,92.8,Gold,West,Health & Beauty,Mobile App,1,364.36,0.05,7.5,Standard,3.3,2026-01-26 14:17:41
CUST-11546,27,23.6,Bronze,North,Home & Kitchen,Mobile App,1,313.65,0.0,6.7,Standard,2.8,2026-02-12 04:23:20
CUST-11547,45,74.2,Bronze,North,Home & Kitchen,Mobile App,3,576.11,0.05,5.8,Standard,3.3,2026-03-15 18:51:57
CUST-11548,51,97.9,Bronze,South,Health & Beauty,Mobile App,3,375.02,0.1,5.6,Standard,3.1,2026-02-11 14:21:01
CUST-11549,58,86.0,Bronze,South,Electronics,Mobile App,2,1203.7,0.1,6.9,Standard,2.9,2026-02-09 06:19:36
CUST-11550,39,78.8,Bronze,East,Apparel,Mobile App,1,542.34,0.05,6.9,Standard,2.7,2026-03-02 20:10:20
CUST-11551,38,72.1,Gold,North,Electronics,Web,6,1259.28,0.0,2.8,Express,4.0,2026-02-17 01:08:25
CUST-11552,28,60.9,Bronze,West,Electronics,In-Store,4,943.22,0.05,6.7,Standard,3.0,2026-02-12 00:14:31
CUST-11553,29,52.8,Bronze,North,Apparel,Web,1,279.96,0.15,6.6,Standard,2.3,2026-02-17 17:59:26
CUST-11554,37,47.5,Silver,West,Apparel,Web,2,351.81,0.05,6.0,Standard,2.3,2026-02-22 02:15:16
CUST-11555,46,58.8,Gold,South,Apparel,Web,1,339.55,0.0,7.5,Standard,3.4,2026-02-02 13:12:03
CUST-11556,53,93.9,Platinum,North,Health & Beauty,In-Store,1,380.63,0.0,2.7,Express,3.6,2026-01-27 17:52:38
CUST-11557,29,57.2,Gold,South,Electronics,In-Store,2,736.6,0.2,5.1,Standard,3.7,2026-02-13 05:05:14
CUST-11558,61,90.0,Platinum,South,Home & Kitchen,Mobile App,2,624.56,0.1,5.9,Standard,3.9,2026-01-30 05:24:32
CUST-11559,37,59.3,Gold,South,Electronics,Mobile App,1,796.56,0.0,5.4,Standard,3.9,2026-01-19 22:46:59
CUST-11560,40,64.4,Platinum,South,Apparel,Mobile App,4,386.26,0.0,2.6,Express,4.4,2026-03-23 16:14:13
CUST-11561,30,73.7,Silver,West,Home & Kitchen,In-Store,1,427.89,0.15,6.6,Standard,3.6,2026-01-28 21:53:25
CUST-11562,18,39.8,Bronze,East,Health & Beauty,Mobile App,3,322.46,0.0,2.2,Express,4.1,2026-01-11 04:17:46
CUST-11563,53,63.2,Bronze,West,Apparel,In-Store,1,404.02,0.05,7.3,Standard,2.4,2026-03-08 14:42:01
CUST-11564,51,92.3,Silver,East,Electronics,Web,2,1961.56,0.1,6.6,Standard,2.9,2026-01-16 16:32:19
CUST-11565,37,62.6,Bronze,West,Apparel,Web,1,325.04,0.05,2.5,Express,4.3,2026-01-02 04:13:25
CUST-11566,41,70.6,Bronze,West,Electronics,In-Store,3,1139.73,0.0,2.5,Express,3.5,2026-03-23 21:56:01
CUST-11567,48,101.9,Silver,West,Apparel,Web,2,463.4,0.0,2.7,Express,3.7,2026-01-04 14:33:47
CUST-11568,19,45.6,Platinum,South,Home & Kitchen,In-Store,1,286.05,0.2,5.7,Standard,4.6,2026-03-10 16:01:01
CUST-11569,33,65.6,Bronze,South,Electronics,Mobile App,1,781.51,0.05,5.0,Standard,3.1,2026-03-27 04:19:47
CUST-11570,52,64.5,Gold,East,Apparel,In-Store,2,618.05,0.15,5.1,Standard,4.2,2026-01-04 22:57:16
CUST-11571,23,47.0,Silver,West,Home & Kitchen,Web,1,359.1,0.05,2.6,Express,3.4,2026-01-20 16:41:17
CUST-11572,45,83.6,Platinum,West,Apparel,Mobile App,3,377.86,0.2,2.3,Express,3.7,2026-03-05 04:15:50
CUST-11573,22,25.9,Platinum,West,Electronics,Mobile App,2,659.28,0.2,5.1,Standard,4.6,2026-03-25 04:02:47
CUST-11574,47,79.7,Gold,South,Health & Beauty,Mobile App,3,310.29,0.05,3.1,Express,4.3,2026-02-04 10:45:03
CUST-11575,40,70.5,Silver,West,Apparel,Mobile App,8,516.01,0.0,2.5,Express,3.9,2026-02-15 00:29:16
CUST-11576,18,45.4,Bronze,North,Books & Media,In-Store,2,77.14,0.1,6.4,Standard,2.7,2026-02-26 18:22:32
CUST-11577,57,103.3,Silver,South,Apparel,Mobile App,4,504.5,0.1,2.4,Express,3.4,2026-01-24 23:38:22
CUST-11578,30,63.0,Gold,South,Apparel,Web,4,318.11,0.05,2.2,Express,4.7,2026-01-20 18:50:52
CUST-11579,29,79.1,Gold,East,Apparel,In-Store,6,647.91,0.15,7.0,Standard,3.5,2026-01-28 19:50:12
CUST-11580,43,57.4,Gold,North,Apparel,Web,1,381.42,0.0,1.0,Same-Day,4.5,2026-02-08 01:56:06
CUST-11581,57,89.7,Bronze,West,Electronics,Web,5,1598.8,0.0,5.1,Standard,3.4,2026-01-24 23:22:57
CUST-11582,26,54.9,Silver,West,Apparel,Web,6,352.58,0.1,2.8,Express,4.2,2026-03-25 20:50:40
CUST-11583,41,54.1,Bronze,East,Health & Beauty,In-Store,2,453.05,0.0,2.2,Express,4.1,2026-01-24 15:02:45
CUST-11584,47,91.0,Bronze,West,Home & Kitchen,Web,1,600.96,0.05,6.2,Standard,2.9,2026-03-12 06:12:00
CUST-11585,50,114.9,Bronze,West,Electronics,Web,8,1776.55,0.2,,Standard,2.7,2026-01-25 16:50:39
CUST-11586,43,72.0,Bronze,East,Home & Kitchen,In-Store,3,910.58,0.1,1.1,Same-Day,4.2,2026-03-23 01:56:41
CUST-11587,35,71.1,Gold,North,Health & Beauty,Mobile App,2,277.38,0.2,5.0,Standard,3.5,2026-03-22 14:45:30
CUST-11588,29,58.2,Bronze,North,Home & Kitchen,Web,4,483.2,0.1,7.6,Standard,2.4,2026-03-11 02:39:35
CUST-11589,42,60.5,Bronze,East,Electronics,Mobile App,1,1475.5,0.1,6.4,Standard,3.5,2026-01-17 15:28:24
CUST-11590,25,25.2,Platinum,East,Health & Beauty,In-Store,1,190.77,0.05,2.8,Express,4.9,2026-02-27 17:22:44
CUST-11591,18,34.2,Bronze,South,Apparel,Web,2,169.78,0.0,1.2,Same-Day,4.1,2026-03-15 01:39:49
CUST-11592,47,55.8,Bronze,East,Apparel,In-Store,2,612.3,0.05,7.2,Standard,2.5,2026-01-20 18:16:40
CUST-11593,53,108.9,Bronze,South,Home & Kitchen,Mobile App,5,706.55,0.0,2.8,Express,4.3,2026-01-02 23:56:39
CUST-11594,18,43.1,Bronze,North,Books & Media,Mobile App,2,45.31,0.25,7.1,Standard,3.3,2026-03-24 15:20:29
CUST-11595,26,48.4,Bronze,West,Health & Beauty,Mobile App,4,279.16,0.0,0.7,Same-Day,4.0,2026-01-09 17:28:37
CUST-11596,49,92.2,Bronze,East,Health & Beauty,Mobile App,1,517.97,0.0,2.6,Express,3.6,2026-03-05 02:36:20
CUST-11597,69,84.1,Silver,East,Electronics,Web,2,2301.54,0.1,7.2,Standard,2.9,2026-03-24 11:04:18
CUST-11598,41,58.6,Bronze,East,Health & Beauty,Mobile App,1,468.71,0.05,7.3,Standard,2.7,2026-03-09 15:56:15
CUST-11599,30,59.0,Bronze,East,Electronics,Web,2,1282.39,0.0,5.4,Standard,4.0,2026-01-06 17:20:32
CUST-11600,38,82.2,Gold,North,Apparel,Mobile App,5,477.89,0.0,6.5,Standard,3.4,2026-01-11 10:01:46
CUST-11601,60,98.5,Bronze,East,Apparel,Web,1,738.87,0.15,2.9,Express,3.3,2026-01-21 15:53:05
CUST-11602,31,62.8,Gold,West,Apparel,In-Store,4,369.8,0.05,5.2,Standard,4.3,2026-03-04 18:22:41
CUST-11603,29,58.1,Silver,North,Home & Kitchen,Web,1,365.18,0.0,1.4,Same-Day,3.7,2026-03-30 15:10:36
CUST-11604,34,68.4,Bronze,West,Apparel,Mobile App,1,287.42,0.05,2.7,Express,4.0,2026-01-31 04:14:07
CUST-11605,27,57.7,Gold,East,Health & Beauty,Mobile App,1,336.45,0.0,2.8,Express,4.4,2026-03-23 14:22:00
CUST-11606,42,55.8,Bronze,East,Apparel,Mobile App,4,638.04,0.0,5.5,Standard,3.2,2026-03-31 04:06:12
CUST-11607,63,95.0,Bronze,East,Apparel,Mobile App,1,802.45,0.2,0.6,Same-Day,3.8,2026-01-22 03:42:25
CUST-11608,45,58.4,Silver,North,Health & Beauty,Mobile App,3,326.02,0.05,2.3,Express,3.8,2026-01-23 15:33:15
CUST-11609,37,66.9,Silver,West,Electronics,Web,3,1118.81,0.0,2.5,Express,3.3,2026-03-02 10:37:48
CUST-11610,36,57.4,Gold,South,Home & Kitchen,Web,1,391.46,0.25,1.1,Same-Day,4.5,2026-01-30 13:40:38
CUST-11611,19,84.0,Gold,West,Home & Kitchen,Mobile App,2,417.09,0.15,7.3,Standard,3.7,2026-02-16 00:48:46
CUST-11612,53,82.7,Bronze,West,Apparel,In-Store,2,428.69,0.0,6.4,Standard,3.6,2026-03-02 02:50:55
CUST-11613,39,46.8,Silver,West,Home & Kitchen,Web,7,623.05,0.05,2.4,Express,3.4,2026-01-19 01:43:45
CUST-11614,38,64.8,Silver,North,Electronics,Web,1,947.63,0.15,2.2,Express,3.7,2026-03-04 00:05:57
CUST-11615,75,115.3,Platinum,East,Books & Media,Web,1,318.13,0.05,2.8,Express,4.4,2026-02-14 16:15:27
CUST-11616,45,99.6,Gold,East,Electronics,Mobile App,2,1904.57,0.05,6.1,Standard,3.7,2026-03-03 04:54:48
CUST-11617,30,49.2,Gold,North,Apparel,Web,3,296.39,0.05,3.2,Express,3.6,2026-02-28 19:01:56
CUST-11618,35,39.8,Bronze,West,Electronics,In-Store,3,923.41,0.05,7.1,Standard,2.6,2026-02-05 07:31:22
CUST-11619,57,100.0,Gold,West,Home & Kitchen,Web,6,850.52,0.1,7.2,Standard,2.8,2026-01-22 20:57:06
CUST-11620,42,50.5,Bronze,North,Home & Kitchen,Web,5,571.3,0.05,5.0,Standard,2.8,2026-01-24 18:55:23
CUST-11621,20,40.5,Bronze,West,Health & Beauty,Web,1,179.06,0.0,7.1,Standard,2.7,2026-03-29 04:42:45
CUST-11622,53,79.4,Platinum,North,Books & Media,Mobile App,2,117.69,0.15,5.5,Standard,4.7,2026-02-21 00:46:07
CUST-11623,31,58.1,Bronze,North,Home & Kitchen,Mobile App,4,507.7,0.0,0.8,Same-Day,4.2,2026-03-07 02:37:44
CUST-11624,67,109.0,Platinum,North,Health & Beauty,Web,6,580.86,0.05,2.6,Express,4.7,2026-01-15 21:27:00
CUST-11625,56,76.3,Bronze,North,Apparel,In-Store,1,461.66,0.05,1.2,Same-Day,4.5,2026-01-29 04:56:03
CUST-11626,34,58.3,Gold,West,Home & Kitchen,Web,2,475.01,0.1,2.3,Express,4.4,2026-02-12 05:40:42
CUST-11627,58,88.6,Bronze,North,Home & Kitchen,Mobile App,6,808.46,0.05,6.2,Standard,3.3,2026-01-20 21:08:40
CUST-11628,41,72.3,Bronze,South,Apparel,Mobile App,2,382.72,0.1,2.2,Express,3.6,2026-02-12 17:24:18
CUST-11629,52,83.7,Bronze,West,Books & Media,Web,2,195.05,0.0,0.9,Same-Day,3.8,2026-03-22 01:49:21
CUST-11630,47,83.2,Silver,West,Electronics,In-Store,6,1457.87,0.1,1.2,Same-Day,3.5,2026-03-11 05:25:35
CUST-11631,29,69.6,Bronze,North,Home & Kitchen,Mobile App,4,500.81,0.15,3.2,Express,3.4,2026-03-05 01:44:00
CUST-11632,31,65.0,Silver,North,Books & Media,Web,1,135.56,0.15,7.1,Standard,2.8,2026-02-13 05:25:18
CUST-11633,55,92.3,Bronze,East,Health & Beauty,Mobile App,1,608.46,0.05,6.3,Standard,3.2,2026-03-20 20:54:50
CUST-11634,36,40.9,Bronze,South,Health & Beauty,Web,2,187.71,0.0,5.2,Standard,3.3,2026-01-03 05:04:28
CUST-11635,35,64.3,Bronze,East,Apparel,Mobile App,6,639.83,0.0,0.5,Same-Day,4.0,2026-03-29 15:56:18
CUST-11636,27,61.9,Bronze,North,Home & Kitchen,Web,12,747.16,0.0,5.4,Standard,2.9,2026-03-18 20:16:42
CUST-11637,46,86.5,Gold,North,Apparel,In-Store,4,425.67,0.05,3.2,Express,4.3,2026-01-23 22:25:05
CUST-11638,69,90.5,Gold,South,Apparel,Web,2,491.12,0.0,6.1,Standard,3.4,2026-01-13 01:54:24
CUST-11639,26,43.7,Bronze,East,Health & Beauty,Web,1,321.18,0.2,3.0,Express,3.8,2026-02-15 18:25:38
CUST-11640,41,61.5,Silver,North,Health & Beauty,Web,3,277.99,0.15,6.9,Standard,2.3,2026-02-03 05:52:22
CUST-11641,60,99.0,Gold,West,Health & Beauty,Web,2,421.98,0.0,6.6,Standard,3.6,2026-02-14 04:42:00
CUST-11642,39,83.4,Bronze,West,Electronics,Mobile App,3,1147.18,0.05,7.6,Standard,3.1,2026-01-26 03:08:14
CUST-11643,47,70.6,Bronze,East,Books & Media,Web,3,273.64,0.15,2.4,Express,4.0,2026-02-04 15:22:24
CUST-11644,26,67.2,Silver,North,Health & Beauty,Mobile App,2,224.96,0.0,6.2,Standard,3.0,2026-02-04 14:51:03
CUST-11645,46,77.5,Bronze,West,Apparel,Web,7,576.42,0.05,3.1,Express,4.0,2026-03-06 23:58:44
CUST-11646,38,64.9,Bronze,East,Apparel,Mobile App,1,492.67,0.05,6.5,Standard,2.6,2026-02-13 03:23:55
CUST-11647,54,81.2,Bronze,North,Books & Media,Mobile App,3,190.64,0.0,2.4,Express,3.7,2026-03-09 15:40:43
CUST-11648,57,98.9,Silver,North,Home & Kitchen,In-Store,2,717.15,0.1,5.6,Standard,3.1,2026-03-04 01:08:00
CUST-11649,75,112.4,Bronze,North,Health & Beauty,In-Store,3,513.02,0.25,3.0,Express,4.0,2026-01-31 23:09:39
CUST-11650,49,113.0,Bronze,South,Apparel,In-Store,3,430.18,0.05,5.0,Standard,2.6,2026-01-29 02:51:56
CUST-11651,45,61.7,Bronze,West,Home & Kitchen,Mobile App,1,519.85,0.05,3.1,Express,3.3,2026-01-11 21:05:20
CUST-11652,43,80.1,Bronze,South,Books & Media,Web,1,106.87,0.0,5.0,Standard,3.9,2026-02-02 02:03:54
CUST-11653,36,56.7,Bronze,South,Apparel,Mobile App,1,256.66,0.15,2.8,Express,2.8,2026-03-07 16:00:42
CUST-11654,45,61.5,Gold,West,Books & Media,In-Store,1,164.66,0.15,1.2,Same-Day,4.8,2026-03-01 17:05:09
CUST-11655,36,64.4,Bronze,East,Home & Kitchen,Web,4,853.82,0.0,6.6,Standard,2.8,2026-02-21 04:55:01
CUST-11656,43,74.4,Silver,West,Apparel,Mobile App,1,390.29,0.15,6.3,Standard,3.2,2026-02-28 19:37:16
CUST-11657,59,133.7,Bronze,West,Electronics,Web,2,1587.19,0.0,3.1,Express,4.1,2026-03-19 07:28:59
CUST-11658,26,50.8,Silver,North,Apparel,Mobile App,1,245.75,0.0,2.9,Express,3.8,2026-01-17 13:43:12
CUST-11659,56,69.6,Silver,North,Books & Media,Mobile App,3,162.7,0.1,7.1,Standard,3.4,2026-03-09 23:02:26
CUST-11660,59,94.0,Bronze,North,Health & Beauty,Mobile App,3,436.27,0.05,5.3,Standard,3.1,2026-02-07 19:44:53
CUST-11661,39,36.8,Gold,West,Apparel,Mobile App,1,313.05,0.05,5.1,Standard,3.7,2026-03-06 07:23:40
CUST-11662,18,43.4,Silver,East,Apparel,In-Store,3,372.71,0.1,5.1,Standard,3.6,2026-01-04 07:41:47
CUST-11663,32,60.4,Gold,South,Electronics,Mobile App,5,946.07,0.0,5.4,Standard,3.6,2026-02-23 17:08:27
CUST-11664,59,101.8,Bronze,West,Home & Kitchen,In-Store,1,716.91,0.0,2.9,Express,3.9,2026-03-17 18:16:48
CUST-11665,40,83.6,Platinum,South,Health & Beauty,Web,3,296.8,0.05,6.3,Standard,4.4,2026-02-14 03:42:09
CUST-11666,27,47.1,Gold,East,Home & Kitchen,Mobile App,1,496.09,0.0,3.0,Express,4.5,2026-03-24 04:58:48
CUST-11667,33,59.0,Platinum,South,Home & Kitchen,Mobile App,1,315.11,0.0,2.4,Express,4.1,2026-01-31 02:37:51
CUST-11668,52,70.7,Silver,East,Home & Kitchen,Web,2,942.6,0.0,6.0,Standard,3.0,2026-03-17 04:41:09
CUST-11669,48,60.9,Silver,East,Electronics,Web,1,1596.33,0.15,3.1,Express,3.7,2026-03-29 14:55:53
CUST-11670,37,70.3,Gold,East,Books & Media,Mobile App,4,228.28,0.2,3.1,Express,4.1,2026-03-27 01:49:45
CUST-11671,35,44.4,Gold,North,Home & Kitchen,Mobile App,1,383.25,0.0,7.5,Standard,3.4,2026-02-24 02:13:46
CUST-11672,35,57.3,Platinum,South,Home & Kitchen,Mobile App,1,381.49,0.0,7.2,Standard,3.9,2026-02-17 17:35:08
CUST-11673,28,40.9,Bronze,West,Health & Beauty,Web,2,206.5,0.1,1.2,Same-Day,3.8,2026-02-05 03:44:33
CUST-11674,63,102.5,Gold,South,Books & Media,Web,3,218.85,0.2,1.4,Same-Day,4.4,2026-03-10 05:32:45
CUST-11675,36,91.6,Bronze,North,Books & Media,Mobile App,4,176.22,0.0,6.9,Standard,2.5,2026-01-27 04:19:52
CUST-11676,58,69.3,Silver,North,Health & Beauty,Web,1,389.32,0.15,7.6,Standard,2.7,2026-03-13 18:33:38
CUST-11677,62,65.4,Bronze,South,Health & Beauty,Web,5,391.67,0.05,5.1,Standard,2.7,2026-03-29 19:02:59
CUST-11678,54,82.5,Bronze,West,Home & Kitchen,Web,8,876.73,0.2,7.5,Standard,2.9,2026-02-25 23:19:03
CUST-11679,34,62.6,Platinum,West,Electronics,Web,2,936.65,0.0,6.5,Standard,3.9,2026-03-17 16:02:44
CUST-11680,46,78.9,Bronze,South,Apparel,Web,4,449.06,0.25,2.3,Express,3.5,2026-03-11 05:05:53
CUST-11681,40,62.3,Silver,South,Books & Media,Web,2,110.44,0.05,1.0,Same-Day,4.6,2026-03-21 16:28:53
CUST-11682,28,52.8,Silver,South,Electronics,Web,1,615.07,0.2,7.3,Standard,2.8,2026-03-06 03:38:03
CUST-11683,45,80.0,Bronze,South,Electronics,Mobile App,1,918.39,0.05,2.7,Express,3.8,2026-01-29 19:42:03
CUST-11684,24,67.0,Bronze,East,Electronics,Web,1,1166.57,0.05,7.7,Standard,2.6,2026-03-20 00:30:40
CUST-11685,57,58.4,Silver,South,Books & Media,Mobile App,11,216.17,0.15,5.3,Standard,3.1,2026-02-28 13:38:10
CUST-11686,34,56.9,Bronze,West,Apparel,In-Store,1,314.76,0.1,6.1,Standard,3.2,2026-01-25 17:48:00
CUST-11687,43,75.5,Gold,South,Apparel,Mobile App,3,410.23,0.1,5.9,Standard,3.5,2026-03-13 21:20:44
CUST-11688,44,59.6,Platinum,West,Electronics,Web,1,958.87,0.05,6.4,Standard,3.9,2026-01-28 02:50:20
CUST-11689,37,91.7,Bronze,North,Books & Media,In-Store,3,136.97,0.15,1.2,Same-Day,4.3,2026-01-23 03:43:58
CUST-11690,49,69.4,Bronze,West,Apparel,Web,1,392.0,0.2,6.8,Standard,2.8,2026-03-12 11:00:24
CUST-11691,34,61.8,Silver,West,Apparel,Web,4,399.06,0.0,2.2,Express,3.3,2026-02-16 16:32:08
CUST-11692,53,91.6,Silver,East,Home & Kitchen,In-Store,1,944.54,0.05,5.2,Standard,2.7,2026-03-18 02:49:24
CUST-11693,22,40.3,Bronze,South,Home & Kitchen,In-Store,6,381.27,0.15,5.1,Standard,3.8,2026-02-25 03:09:17
CUST-11694,42,43.5,Bronze,South,Apparel,Mobile App,5,338.15,0.1,3.1,Express,4.0,2026-01-09 17:55:06
CUST-11695,68,93.4,Silver,East,Home & Kitchen,Mobile App,3,1264.47,0.15,2.5,Express,4.0,2026-02-23 17:51:45
CUST-11696,26,69.0,Platinum,North,Apparel,Mobile App,1,259.14,0.15,,Standard,3.9,2026-03-05 14:25:25
CUST-11697,31,54.0,Bronze,North,Books & Media,Web,1,84.62,0.1,2.7,Express,3.2,2026-02-08 16:02:55
CUST-11698,48,65.1,Bronze,West,Apparel,Web,5,498.11,0.1,1.3,Same-Day,3.9,2026-03-24 08:13:48
CUST-11699,43,86.2,Platinum,East,Electronics,Mobile App,1,1650.45,0.2,2.2,Express,4.7,2026-01-09 00:07:17
CUST-11700,45,69.5,Silver,South,Books & Media,In-Store,1,73.57,0.15,5.3,Standard,2.8,2026-01-28 04:47:00
CUST-11701,47,69.0,Silver,North,Home & Kitchen,Web,2,535.72,0.15,2.9,Express,3.2,2026-03-10 16:49:08
CUST-11702,49,81.1,Silver,North,Electronics,Mobile App,1,1161.84,0.0,7.6,Standard,2.2,2026-02-03 03:31:09
CUST-11703,56,98.2,Platinum,North,Electronics,Web,1,1349.43,0.0,2.8,Express,4.8,2026-03-27 00:40:47
CUST-11704,46,111.3,Silver,East,Books & Media,Mobile App,2,244.53,0.05,5.7,Standard,2.8,2026-01-11 05:35:10
CUST-11705,37,78.1,Gold,West,Books & Media,Mobile App,2,141.15,0.1,6.4,Standard,3.7,2026-01-17 03:26:31
CUST-11706,50,97.4,Silver,East,Apparel,Mobile App,1,636.23,0.0,3.2,Express,3.5,2026-01-12 04:56:20
CUST-11707,67,91.1,Silver,East,Home & Kitchen,Web,2,1127.62,0.0,6.4,Standard,3.3,2026-01-20 01:32:35
CUST-11708,39,52.5,Bronze,North,Electronics,Web,2,1021.09,0.0,6.0,Standard,3.2,2026-03-06 03:20:55
CUST-11709,27,55.6,Bronze,South,Apparel,Mobile App,4,325.44,0.1,2.6,Express,3.7,2026-02-21 20:25:31
CUST-11710,56,88.2,Gold,West,Electronics,Web,1,1314.22,0.15,1.4,Same-Day,4.5,2026-03-18 17:54:18
CUST-11711,39,51.7,Bronze,East,Apparel,Web,3,541.88,0.2,6.9,Standard,2.9,2026-01-16 05:13:07
CUST-11712,18,42.2,Silver,North,Electronics,Mobile App,2,609.77,0.05,6.9,Standard,2.7,2026-02-12 02:42:34
CUST-11713,52,88.2,Bronze,South,Apparel,Mobile App,2,409.77,0.05,5.6,Standard,3.5,2026-03-24 15:35:21
CUST-11714,33,66.7,Gold,North,Apparel,Web,1,343.51,0.05,6.5,Standard,3.4,2026-03-21 04:27:03
CUST-11715,39,75.5,Bronze,South,Apparel,Mobile App,1,322.51,0.05,0.7,Same-Day,4.0,2026-02-07 20:27:28
CUST-11716,45,78.9,Gold,West,Electronics,In-Store,5,1377.73,0.1,2.4,Express,3.8,2026-03-27 19:20:30
CUST-11717,43,64.7,Silver,North,Apparel,Web,1,355.46,0.05,7.4,Standard,3.0,2026-02-19 01:47:07
CUST-11718,50,72.3,Bronze,East,Books & Media,Mobile App,3,262.12,0.0,6.0,Standard,2.9,2026-03-19 00:58:54
CUST-11719,34,44.4,Silver,West,Apparel,Web,7,433.96,0.05,2.5,Express,3.6,2026-03-25 23:40:11
CUST-11720,48,104.6,Bronze,West,Home & Kitchen,Web,2,658.4,0.0,3.1,Express,3.3,2026-02-18 18:53:04
CUST-11721,37,65.9,Bronze,West,Apparel,Web,2,335.67,0.0,2.4,Express,3.7,2026-03-21 06:28:29
CUST-11722,51,77.7,Bronze,South,Apparel,Mobile App,1,367.42,0.05,7.0,Standard,2.2,2026-03-13 05:45:34
CUST-11723,49,65.0,Bronze,South,Home & Kitchen,Mobile App,7,632.5,0.0,6.8,Standard,3.2,2026-02-24 08:37:36
CUST-11724,27,98.7,Platinum,East,Health & Beauty,Web,3,455.54,0.05,7.5,Standard,3.7,2026-01-22 19:33:03
CUST-11725,56,70.5,Bronze,East,Electronics,Mobile App,3,2061.91,0.0,7.2,Standard,2.7,2026-02-12 13:00:55
CUST-11726,33,54.9,Silver,West,Electronics,Web,2,827.35,0.1,,Standard,2.4,2026-02-20 04:19:42
CUST-11727,52,88.4,Bronze,West,Home & Kitchen,Web,5,747.44,0.25,2.5,Express,3.9,2026-03-26 04:25:20
CUST-11728,46,84.6,Silver,North,Health & Beauty,Mobile App,3,333.08,0.05,6.3,Standard,2.8,2026-01-19 23:50:57
CUST-11729,66,112.0,Bronze,South,Health & Beauty,Mobile App,1,399.81,0.1,1.0,Same-Day,4.5,2026-03-14 04:26:57
CUST-11730,37,92.8,Silver,South,Apparel,In-Store,3,384.3,0.2,5.1,Standard,3.5,2026-01-19 02:22:15
CUST-11731,36,72.2,Silver,North,Apparel,In-Store,2,347.84,0.05,7.1,Standard,3.5,2026-01-10 23:06:52
CUST-11732,40,53.2,Silver,South,Home & Kitchen,Web,1,416.34,0.0,5.7,Standard,3.2,2026-02-19 20:21:17
CUST-11733,36,60.7,Bronze,West,Home & Kitchen,Mobile App,4,559.73,0.0,5.5,Standard,3.6,2026-02-18 18:46:56
CUST-11734,52,86.8,Silver,East,Home & Kitchen,Web,1,929.73,0.05,1.0,Same-Day,4.2,2026-02-10 18:36:30
CUST-11735,18,75.8,Bronze,West,Health & Beauty,Mobile App,2,254.6,0.1,5.2,Standard,3.1,2026-01-16 00:34:37
CUST-11736,26,32.6,Bronze,North,Books & Media,In-Store,1,59.96,0.0,7.7,Standard,2.9,2026-01-23 16:46:58
CUST-11737,26,71.6,Bronze,North,Apparel,Web,1,318.38,0.15,1.3,Same-Day,3.7,2026-03-17 16:03:31
CUST-11738,54,87.1,Bronze,East,Apparel,Mobile App,2,715.53,0.0,6.4,Standard,3.8,2026-01-27 09:28:47
CUST-11739,64,108.0,Silver,West,Home & Kitchen,Mobile App,12,1095.84,0.2,6.9,Standard,2.9,2026-01-07 01:36:32
CUST-11740,39,66.4,Silver,West,Apparel,Mobile App,2,356.61,0.2,6.5,Standard,3.0,2026-01-25 07:35:18
CUST-11741,38,54.2,Bronze,South,Apparel,Web,1,252.27,0.25,7.2,Standard,3.0,2026-03-28 04:02:19
CUST-11742,41,81.4,Bronze,West,Electronics,In-Store,3,1202.05,0.15,7.3,Standard,2.5,2026-01-10 02:01:47
CUST-11743,57,97.5,Bronze,North,Electronics,Mobile App,1,1308.55,0.0,5.6,Standard,3.7,2026-03-16 03:04:09
CUST-11744,28,70.4,Silver,North,Apparel,Web,1,324.94,0.1,2.7,Express,3.4,2026-03-03 21:17:25
CUST-11745,44,73.2,Silver,East,Books & Media,Web,1,177.49,0.0,2.8,Express,3.3,2026-03-08 19:33:45
CUST-11746,54,75.4,Bronze,North,Apparel,Mobile App,1,453.82,0.15,7.6,Standard,2.8,2026-03-11 20:14:17
CUST-11747,48,54.4,Silver,South,Home & Kitchen,Web,2,486.26,0.0,6.8,Standard,2.5,2026-03-31 14:49:44
CUST-11748,43,84.6,Silver,West,Apparel,Web,2,420.27,0.0,7.4,Standard,3.4,2026-03-20 01:49:58
CUST-11749,55,91.9,Silver,South,Electronics,Mobile App,1,1125.71,0.2,3.0,Express,3.6,2026-02-11 16:39:44
CUST-11750,18,30.3,Silver,East,Health & Beauty,Mobile App,4,312.88,0.0,6.6,Standard,1.9,2026-03-02 03:43:57
CUST-11751,50,71.9,Silver,East,Books & Media,Mobile App,1,219.82,0.0,3.1,Express,3.7,2026-03-24 17:54:14
CUST-11752,31,52.1,Silver,South,Electronics,Web,6,945.09,0.05,2.6,Express,3.9,2026-02-17 17:40:35
CUST-11753,18,22.6,Bronze,South,Home & Kitchen,Mobile App,3,240.2,0.1,6.0,Standard,3.0,2026-02-26 06:50:17
CUST-11754,48,65.5,Bronze,South,Apparel,In-Store,1,326.91,0.1,3.0,Express,3.2,2026-03-28 15:00:30
CUST-11755,60,74.0,Bronze,North,Health & Beauty,Web,8,485.13,0.1,5.4,Standard,3.2,2026-01-05 23:21:14
CUST-11756,39,61.7,Silver,South,Apparel,Mobile App,1,325.55,0.15,5.8,Standard,3.0,2026-03-20 13:24:37
CUST-11757,54,73.3,Gold,South,Apparel,In-Store,2,399.48,0.0,6.6,Standard,3.2,2026-02-23 15:16:28
CUST-11758,63,69.9,Bronze,South,Home & Kitchen,Mobile App,1,561.36,0.05,6.1,Standard,2.7,2026-02-08 01:32:41
CUST-11759,59,120.2,Bronze,North,Books & Media,Mobile App,4,197.07,0.1,3.1,Express,3.7,2026-01-20 01:51:14
CUST-11760,63,113.1,Gold,West,Electronics,Web,2,1556.09,0.1,3.2,Express,4.4,2026-03-10 17:57:56
CUST-11761,51,69.4,Gold,South,Home & Kitchen,Mobile App,1,495.82,0.05,6.4,Standard,3.7,2026-03-15 04:16:00
CUST-11762,42,75.3,Gold,West,Electronics,Mobile App,1,1010.1,0.0,0.8,Same-Day,4.0,2026-03-13 02:56:36
CUST-11763,18,51.1,Silver,West,Health & Beauty,Mobile App,4,204.65,0.0,7.0,Standard,3.2,2026-01-24 19:37:40
CUST-11764,37,83.6,Gold,West,Electronics,In-Store,1,1018.21,0.0,6.2,Standard,3.9,2026-03-21 18:04:58
CUST-11765,29,44.6,Bronze,North,Health & Beauty,Web,1,209.99,0.0,5.5,Standard,3.7,2026-01-11 03:58:22
CUST-11766,71,119.5,Bronze,West,Apparel,Web,2,607.64,0.0,2.9,Express,3.3,2026-03-27 02:36:45
CUST-11767,38,58.6,Bronze,East,Apparel,Web,4,602.75,0.05,,Same-Day,3.9,2026-01-21 16:42:10
CUST-11768,42,51.2,Silver,South,Health & Beauty,Mobile App,1,234.14,0.0,2.4,Express,4.0,2026-01-15 20:42:37
CUST-11769,48,88.7,Bronze,West,Health & Beauty,Web,1,332.09,0.1,1.3,Same-Day,3.8,2026-03-05 17:10:15
CUST-11770,41,89.5,Silver,North,Home & Kitchen,Mobile App,5,688.36,0.15,6.7,Standard,3.2,2026-01-13 18:11:54
CUST-11771,64,134.2,Silver,East,Electronics,Web,1,2450.19,0.05,5.6,Standard,3.2,2026-03-12 18:43:29
CUST-11772,32,42.2,Bronze,East,Apparel,Mobile App,3,442.09,0.05,6.8,Standard,2.7,2026-02-10 06:33:28
CUST-11773,43,82.8,Gold,East,Home & Kitchen,Web,8,1177.33,0.2,2.4,Express,4.0,2026-01-09 03:34:40
CUST-11774,30,51.9,Bronze,North,Apparel,In-Store,5,331.2,0.05,5.7,Standard,3.6,2026-02-08 03:59:02
CUST-11775,22,61.0,Bronze,East,Home & Kitchen,Mobile App,1,537.04,0.25,3.0,Express,3.3,2026-02-21 18:38:39
CUST-11776,32,38.1,Gold,South,Electronics,In-Store,1,666.11,0.0,7.5,Standard,2.9,2026-01-02 08:51:16
CUST-11777,40,50.1,Bronze,East,Home & Kitchen,Mobile App,1,670.27,0.15,5.7,Standard,3.3,2026-01-22 13:45:25
CUST-11778,34,50.8,Silver,East,Home & Kitchen,Web,7,924.89,0.05,7.5,Standard,2.8,2026-01-05 00:53:53
CUST-11779,31,60.3,Gold,East,Electronics,Web,10,2103.52,0.0,2.4,Express,3.8,2026-02-21 18:15:08
CUST-11780,21,38.5,Platinum,East,Home & Kitchen,In-Store,1,462.58,0.25,5.3,Standard,4.0,2026-01-07 17:23:16
CUST-11781,39,77.8,Gold,North,Home & Kitchen,Mobile App,3,586.84,0.2,5.2,Standard,3.5,2026-01-01 13:30:36
CUST-11782,19,61.3,Bronze,South,Home & Kitchen,Web,5,430.08,0.05,5.7,Standard,2.9,2026-03-25 04:13:55
CUST-11783,51,90.1,Silver,North,Electronics,Mobile App,1,1267.34,0.2,2.6,Express,4.6,2026-02-28 01:48:30
CUST-11784,42,95.5,Bronze,East,Home & Kitchen,Web,1,821.98,0.0,3.1,Express,3.5,2026-03-03 15:46:57
CUST-11785,20,53.2,Bronze,West,Apparel,Web,1,245.0,0.1,2.4,Express,3.5,2026-03-08 03:31:30
CUST-11786,36,46.3,Bronze,West,Apparel,Web,2,356.63,0.0,6.0,Standard,3.8,2026-02-25 03:42:10
CUST-11787,30,78.5,Bronze,South,Books & Media,In-Store,6,95.92,0.0,1.3,Same-Day,4.3,2026-01-13 18:12:37
CUST-11788,45,65.4,Gold,East,Home & Kitchen,Web,6,1040.78,0.1,2.5,Express,4.5,2026-01-28 17:37:21
CUST-11789,59,103.6,Bronze,North,Electronics,Web,1,1394.27,0.05,6.8,Standard,2.7,2026-01-15 03:16:45
CUST-11790,18,68.4,Silver,West,Home & Kitchen,Web,1,350.67,0.0,6.2,Standard,3.5,2026-01-03 19:43:02
CUST-11791,42,78.1,Bronze,West,Health & Beauty,Web,2,258.99,0.05,5.5,Standard,3.5,2026-01-17 04:59:55
CUST-11792,38,44.4,Silver,West,Electronics,Mobile App,4,1095.96,0.0,7.0,Standard,3.0,2026-03-30 12:59:48
CUST-11793,50,66.2,Platinum,East,Books & Media,Web,3,234.62,0.1,2.2,Express,4.1,2026-02-15 23:55:27
CUST-11794,43,92.1,Bronze,South,Home & Kitchen,Web,2,546.19,0.0,2.5,Express,3.7,2026-01-03 16:35:31
CUST-11795,30,55.5,Silver,East,Books & Media,In-Store,3,172.06,0.15,2.6,Express,4.3,2026-01-04 02:52:03
CUST-11796,36,65.8,Bronze,North,Apparel,Web,1,337.2,0.0,6.2,Standard,3.2,2026-02-11 07:41:39
CUST-11797,29,68.3,Bronze,East,Apparel,Web,2,422.66,0.05,2.9,Express,3.5,2026-01-29 21:17:37
CUST-11798,56,97.0,Silver,South,Health & Beauty,Mobile App,12,511.13,0.0,6.2,Standard,3.0,2026-02-09 15:18:10
CUST-11799,41,74.3,Gold,East,Apparel,Mobile App,1,573.94,0.1,6.6,Standard,3.5,2026-01-19 19:06:56
CUST-11800,67,95.6,Bronze,South,Electronics,Mobile App,2,1374.25,0.0,2.8,Express,3.4,2026-01-21 04:54:00
CUST-11801,40,64.3,Bronze,South,Home & Kitchen,Web,1,382.21,0.05,6.0,Standard,3.1,2026-01-22 03:29:46
CUST-11802,31,72.0,Bronze,South,Electronics,In-Store,2,820.08,0.0,3.1,Express,4.1,2026-01-20 17:11:15
CUST-11803,19,54.2,Gold,West,Books & Media,Mobile App,2,64.62,0.15,3.2,Express,4.6,2026-02-17 05:10:33
CUST-11804,18,40.9,Silver,North,Home & Kitchen,Mobile App,2,282.49,0.0,2.8,Express,3.4,2026-02-14 01:55:44
CUST-11805,18,61.0,Silver,West,Health & Beauty,Web,5,218.06,0.15,5.2,Standard,3.7,2026-03-30 16:28:31
CUST-11806,44,71.5,Silver,East,Books & Media,Web,2,227.76,0.0,,Express,4.0,2026-01-03 00:02:43
CUST-11807,48,65.0,Gold,West,Electronics,Mobile App,2,1176.11,0.0,0.6,Same-Day,4.8,2026-02-12 22:33:45
CUST-11808,18,33.4,Gold,East,Apparel,In-Store,1,330.71,0.0,2.7,Express,4.4,2026-02-27 03:33:32
CUST-11809,53,68.6,Gold,South,Books & Media,Mobile App,4,113.91,0.0,2.4,Express,3.9,2026-03-29 20:30:10
CUST-11810,34,58.3,Gold,East,Apparel,Web,1,480.12,0.05,2.9,Express,4.0,2026-01-20 04:21:35
CUST-11811,43,90.8,Silver,North,Health & Beauty,Web,4,397.47,0.25,5.2,Standard,3.6,2026-04-01 03:01:12
CUST-11812,63,82.2,Silver,North,Books & Media,Mobile App,1,156.95,0.0,,Express,3.2,2026-03-06 02:26:56
CUST-11813,53,86.1,Gold,West,Electronics,Mobile App,1,1219.56,0.05,2.4,Express,3.9,2026-02-15 18:46:19
CUST-11814,37,55.8,Gold,North,Health & Beauty,Web,1,224.94,0.05,2.9,Express,4.3,2026-02-11 06:35:24
CUST-11815,28,51.9,Bronze,East,Electronics,Web,10,2023.1,0.0,3.1,Express,3.4,2026-03-09 00:31:05
CUST-11816,18,22.1,Bronze,North,Electronics,Web,1,469.17,0.0,5.7,Standard,3.5,2026-01-15 04:56:36
CUST-11817,30,54.7,Platinum,West,Books & Media,Mobile App,1,130.97,0.15,7.5,Standard,3.5,2026-01-20 17:57:25
CUST-11818,38,63.9,Bronze,South,Health & Beauty,Mobile App,1,261.68,0.0,2.6,Express,3.8,2026-02-05 07:34:03
CUST-11819,27,62.8,Gold,North,Home & Kitchen,Mobile App,1,342.65,0.1,7.6,Standard,3.4,2026-03-29 03:16:44
CUST-11820,39,71.2,Bronze,South,Apparel,Mobile App,1,287.05,0.0,7.6,Standard,2.7,2026-01-26 05:33:25
CUST-11821,42,53.2,Bronze,East,Apparel,Web,2,581.52,0.05,5.5,Standard,3.1,2026-01-04 17:25:17
CUST-11822,37,82.0,Bronze,West,Apparel,Mobile App,1,336.12,0.05,7.2,Standard,2.7,2026-02-26 21:09:12
CUST-11823,31,62.3,Bronze,East,Apparel,In-Store,2,481.41,0.0,2.4,Express,3.8,2026-01-02 15:38:07
CUST-11824,43,75.3,Bronze,East,Apparel,In-Store,1,528.2,0.0,5.6,Standard,2.9,2026-03-07 16:08:50
CUST-11825,47,76.6,Silver,East,Home & Kitchen,In-Store,2,927.48,0.0,5.2,Standard,3.2,2026-03-30 18:24:46
CUST-11826,25,44.7,Silver,North,Health & Beauty,Web,3,179.42,0.0,5.4,Standard,3.5,2026-03-29 05:19:32
CUST-11827,60,94.3,Platinum,East,Apparel,Mobile App,1,707.45,0.15,6.7,Standard,3.5,2026-01-22 02:14:42
CUST-11828,39,75.0,Bronze,West,Electronics,In-Store,2,1085.51,0.0,6.2,Standard,2.9,2026-03-30 19:39:15
CUST-11829,41,43.9,Silver,South,Books & Media,Mobile App,1,145.96,0.1,7.1,Standard,3.1,2026-02-22 05:48:41
CUST-11830,50,71.9,Silver,North,Books & Media,Web,1,135.13,0.0,1.1,Same-Day,3.3,2026-03-17 02:26:38
CUST-11831,44,69.6,Silver,West,Health & Beauty,In-Store,3,334.99,0.15,7.6,Standard,3.5,2026-03-20 04:10:30
CUST-11832,54,88.2,Silver,West,Electronics,Mobile App,3,1422.99,0.05,2.2,Express,4.2,2026-03-23 05:15:39
CUST-11833,45,92.4,Bronze,West,Electronics,Web,3,1294.12,0.0,2.3,Express,3.2,2026-01-16 03:29:22
CUST-11834,32,48.6,Bronze,East,Home & Kitchen,Web,1,582.89,0.25,1.3,Same-Day,3.2,2026-02-15 17:21:51
CUST-11835,46,68.1,Bronze,North,Home & Kitchen,Mobile App,1,520.35,0.0,7.4,Standard,2.9,2026-02-01 07:23:15
CUST-11836,24,43.7,Bronze,West,Apparel,Mobile App,1,190.18,0.05,7.1,Standard,2.5,2026-03-03 19:49:55
CUST-11837,42,59.2,Silver,South,Home & Kitchen,Web,2,461.91,0.05,6.3,Standard,3.4,2026-02-04 02:23:09
CUST-11838,40,63.8,Bronze,North,Electronics,Mobile App,2,1024.46,0.05,5.7,Standard,3.3,2026-02-06 04:35:35
CUST-11839,38,78.4,Gold,North,Apparel,Mobile App,1,343.25,0.2,5.0,Standard,3.8,2026-02-13 16:17:30
CUST-11840,39,52.1,Gold,West,Home & Kitchen,Mobile App,4,523.68,0.15,2.7,Express,4.0,2026-03-05 01:19:43
CUST-11841,18,51.2,Platinum,East,Apparel,Web,1,295.77,0.15,6.3,Standard,4.5,2026-03-18 20:07:31
CUST-11842,33,35.8,Platinum,North,Home & Kitchen,Mobile App,9,654.28,0.25,5.9,Standard,4.3,2026-01-18 18:14:20
CUST-11843,42,62.8,Bronze,West,Apparel,Web,1,373.64,0.05,6.6,Standard,3.2,2026-03-22 09:12:15
CUST-11844,43,67.4,Silver,East,Apparel,Web,4,654.09,0.0,1.3,Same-Day,4.4,2026-02-15 04:35:55
CUST-11845,26,78.7,Bronze,East,Apparel,Web,2,469.89,0.1,2.9,Express,3.3,2026-02-08 16:13:28
CUST-11846,58,84.7,Gold,East,Apparel,In-Store,5,835.41,0.05,5.7,Standard,4.1,2026-01-27 04:46:49
CUST-11847,28,22.8,Gold,North,Electronics,Web,1,636.06,0.0,6.6,Standard,3.4,2026-03-20 01:46:47
CUST-11848,54,54.4,Gold,East,Home & Kitchen,Web,2,906.03,0.05,5.4,Standard,3.8,2026-03-17 01:23:44
CUST-11849,46,76.1,Bronze,West,Books & Media,Web,1,146.52,0.2,2.3,Express,3.7,2026-01-25 03:54:15
CUST-11850,31,68.3,Gold,West,Apparel,Mobile App,12,575.61,0.0,3.0,Express,3.5,2026-02-27 23:36:57
CUST-11851,65,102.1,Bronze,North,Electronics,In-Store,10,2081.53,0.15,2.9,Express,4.0,2026-02-19 20:23:14
CUST-11852,24,53.9,Bronze,South,Health & Beauty,In-Store,1,143.1,0.05,7.1,Standard,2.3,2026-03-13 16:46:07
CUST-11853,53,100.7,Gold,South,Apparel,Web,3,427.11,0.0,2.4,Express,3.9,2026-02-09 00:17:14
CUST-11854,55,77.4,Bronze,West,Electronics,Web,2,1330.48,0.15,3.1,Express,3.5,2026-03-14 00:31:20
CUST-11855,31,72.5,Platinum,East,Apparel,Web,1,451.46,0.2,1.0,Same-Day,4.2,2026-01-31 18:34:20
CUST-11856,60,66.5,Bronze,West,Books & Media,Mobile App,1,147.5,0.0,3.1,Express,3.3,2026-03-25 01:19:06
CUST-11857,37,52.1,Gold,North,Apparel,Web,11,521.19,0.0,6.0,Standard,3.7,2026-02-05 21:41:51
CUST-11858,45,47.4,Silver,North,Home & Kitchen,Web,2,484.94,0.05,5.3,Standard,3.1,2026-02-09 03:31:18
CUST-11859,44,69.3,Gold,North,Apparel,Mobile App,1,352.52,0.15,5.8,Standard,3.6,2026-01-22 00:36:21
CUST-11860,39,67.2,Gold,East,Electronics,Web,1,1500.32,0.0,2.4,Express,3.9,2026-01-24 05:36:45
CUST-11861,52,83.9,Gold,North,Apparel,Web,1,451.7,0.0,2.7,Express,4.2,2026-02-23 23:46:37
CUST-11862,52,83.1,Bronze,East,Books & Media,Web,2,230.51,0.1,7.6,Standard,2.7,2026-02-06 04:32:12
CUST-11863,18,30.9,Platinum,North,Home & Kitchen,Web,1,277.6,0.05,5.9,Standard,3.5,2026-01-15 23:00:25
CUST-11864,59,87.0,Bronze,West,Electronics,Mobile App,2,1397.03,0.0,6.7,Standard,2.9,2026-01-03 00:47:43
CUST-11865,18,22.3,Bronze,North,Electronics,In-Store,1,498.8,0.15,1.3,Same-Day,3.5,2026-03-17 20:27:21
CUST-11866,55,105.9,Bronze,East,Home & Kitchen,Web,1,1084.93,0.2,6.7,Standard,3.3,2026-03-11 21:26:06
CUST-11867,56,82.0,Gold,West,Books & Media,Web,1,184.32,0.2,6.0,Standard,3.5,2026-02-08 05:16:51
CUST-11868,25,45.2,Silver,North,Apparel,In-Store,6,359.16,0.0,7.7,Standard,3.7,2026-03-06 17:45:34
CUST-11869,35,87.3,Gold,East,Home & Kitchen,In-Store,1,766.43,0.2,5.5,Standard,4.0,2026-02-19 15:14:02
CUST-11870,25,33.9,Silver,South,Electronics,Web,4,719.5,0.1,2.7,Express,3.7,2026-04-01 03:13:34
CUST-11871,37,48.8,Bronze,North,Apparel,Mobile App,1,258.7,0.0,3.0,Express,3.9,2026-03-29 00:52:46
CUST-11872,36,48.2,Platinum,North,Electronics,Web,2,886.63,0.1,5.0,Standard,3.5,2026-01-01 18:30:15
CUST-11873,51,80.1,Bronze,West,Books & Media,Mobile App,1,124.73,0.0,2.9,Express,4.0,2026-01-21 21:33:44
CUST-11874,59,96.4,Gold,West,Apparel,In-Store,3,521.48,0.1,5.7,Standard,3.4,2026-02-26 23:02:15
CUST-11875,60,102.1,Bronze,North,Books & Media,Mobile App,5,254.89,0.1,0.6,Same-Day,4.1,2026-01-20 00:55:01
CUST-11876,33,99.9,Silver,West,Home & Kitchen,Mobile App,1,532.68,0.15,5.7,Standard,2.9,2026-01-30 03:11:37
CUST-11877,38,33.1,Bronze,North,Books & Media,Web,1,111.21,0.0,7.6,Standard,2.6,2026-02-19 20:25:16
CUST-11878,18,53.9,Bronze,West,Apparel,Mobile App,3,281.76,0.1,7.4,Standard,2.8,2026-04-01 02:23:37
CUST-11879,29,48.5,Bronze,East,Electronics,Mobile App,1,1070.11,0.0,5.6,Standard,3.2,2026-02-04 03:59:23
CUST-11880,54,75.6,Bronze,East,Health & Beauty,Mobile App,3,603.34,0.2,5.3,Standard,3.2,2026-03-23 04:57:21
CUST-11881,63,85.0,Bronze,East,Home & Kitchen,Web,1,1074.94,0.1,2.6,Express,3.7,2026-03-23 18:33:49
CUST-11882,23,36.7,Bronze,West,Books & Media,Mobile App,3,35.58,0.0,2.8,Express,3.1,2026-02-23 20:07:22
CUST-11883,32,85.5,Silver,North,Electronics,Mobile App,2,1020.55,0.0,7.3,Standard,3.7,2026-02-02 01:58:43
CUST-11884,40,81.6,Gold,South,Apparel,Web,1,289.47,0.1,3.2,Express,4.2,2026-01-05 04:11:18
CUST-11885,44,73.7,Silver,East,Books & Media,Web,3,177.57,0.05,7.0,Standard,3.1,2026-01-31 03:08:56
CUST-11886,29,77.2,Gold,South,Electronics,Web,2,845.29,0.1,2.8,Express,4.1,2026-01-19 00:25:43
CUST-11887,46,52.9,Silver,West,Home & Kitchen,Mobile App,1,475.39,0.0,2.3,Express,3.5,2026-03-11 07:45:58
CUST-11888,34,42.4,Silver,South,Apparel,Mobile App,2,249.09,0.1,2.3,Express,3.8,2026-01-29 21:57:55
CUST-11889,40,36.3,Silver,North,Electronics,In-Store,2,936.0,0.0,6.6,Standard,3.1,2026-01-13 04:37:21
CUST-11890,48,67.3,Bronze,North,Apparel,Web,1,381.92,0.05,6.5,Standard,3.5,2026-01-16 03:48:16
CUST-11891,41,72.5,Silver,East,Apparel,In-Store,8,799.5,0.2,7.3,Standard,3.6,2026-03-21 04:42:01
CUST-11892,34,63.9,Bronze,East,Electronics,Mobile App,3,1525.62,0.1,5.9,Standard,3.7,2026-02-23 07:58:13
CUST-11893,39,70.1,Gold,East,Home & Kitchen,Web,1,747.0,0.0,2.2,Express,3.7,2026-02-04 23:18:27
CUST-11894,39,46.7,Gold,North,Apparel,Web,5,402.19,0.25,6.1,Standard,3.4,2026-02-21 17:20:12
CUST-11895,35,75.5,Bronze,West,Apparel,Web,1,337.1,0.0,7.6,Standard,2.9,2026-02-22 22:12:55
CUST-11896,37,69.3,Gold,South,Health & Beauty,In-Store,3,257.29,0.1,7.1,Standard,3.3,2026-01-15 04:34:37
CUST-11897,63,105.3,Bronze,West,Apparel,Web,1,533.35,0.05,5.1,Standard,3.3,2026-01-19 03:02:16
CUST-11898,48,49.4,Bronze,South,Apparel,Web,4,390.38,0.0,3.1,Express,2.9,2026-02-07 19:24:08
CUST-11899,36,69.3,Bronze,East,Books & Media,Web,3,248.62,0.0,6.3,Standard,3.4,2026-03-27 13:31:39
CUST-11900,50,62.2,Gold,East,Health & Beauty,Mobile App,2,496.69,0.0,2.6,Express,3.6,2026-02-07 23:20:13
CUST-11901,36,58.6,Gold,West,Electronics,Web,1,874.88,0.15,5.9,Standard,3.1,2026-02-24 22:13:01
CUST-11902,57,95.7,Gold,West,Apparel,Web,1,484.92,0.15,1.2,Same-Day,4.1,2026-01-11 14:30:41
CUST-11903,46,77.0,Bronze,West,Home & Kitchen,Web,2,608.89,0.05,1.2,Same-Day,3.9,2026-03-09 03:07:59
CUST-11904,39,55.1,Silver,North,Apparel,Mobile App,1,297.16,0.0,2.9,Express,3.1,2026-02-22 18:06:20
CUST-11905,47,76.8,Silver,East,Books & Media,Web,1,214.64,0.15,2.8,Express,3.3,2026-03-20 01:35:34
CUST-11906,19,22.9,Bronze,West,Health & Beauty,Mobile App,3,113.42,0.05,5.4,Standard,3.6,2026-02-13 15:34:29
CUST-11907,25,69.8,Silver,South,Health & Beauty,Mobile App,5,253.48,0.05,0.6,Same-Day,4.1,2026-01-26 04:18:16
CUST-11908,24,48.3,Bronze,East,Apparel,Mobile App,1,385.92,0.05,3.0,Express,3.8,2026-03-04 02:58:38
CUST-11909,43,89.1,Bronze,South,Apparel,Mobile App,1,330.55,0.05,0.8,Same-Day,3.6,2026-01-14 20:01:24
CUST-11910,65,88.6,Silver,South,Health & Beauty,Web,5,430.97,0.05,2.6,Express,3.7,2026-02-17 01:04:43
CUST-11911,72,96.3,Silver,East,Apparel,Mobile App,6,1017.11,0.1,2.4,Express,3.7,2026-03-30 17:43:58
CUST-11912,49,67.4,Bronze,West,Electronics,Web,2,1151.43,0.05,5.0,Standard,3.0,2026-02-25 07:01:38
CUST-11913,48,90.9,Bronze,West,Home & Kitchen,Web,1,619.22,0.15,5.8,Standard,3.1,2026-03-25 03:17:34
CUST-11914,18,34.2,Bronze,North,Apparel,In-Store,3,205.77,0.0,5.1,Standard,2.6,2026-01-13 03:14:05
CUST-11915,33,71.0,Bronze,North,Apparel,Mobile App,4,396.42,0.05,0.7,Same-Day,4.2,2026-01-07 16:15:02
CUST-11916,29,51.2,Bronze,North,Health & Beauty,Mobile App,1,220.99,0.0,7.2,Standard,2.8,2026-02-18 09:11:35
CUST-11917,32,30.6,Bronze,North,Electronics,In-Store,3,816.75,0.1,2.5,Express,3.7,2026-01-15 00:43:47
CUST-11918,38,58.2,Silver,East,Electronics,In-Store,3,1586.7,0.0,7.3,Standard,3.2,2026-01-29 16:59:46
CUST-11919,34,44.7,Bronze,South,Apparel,Mobile App,2,246.65,0.0,6.9,Standard,3.1,2026-02-17 03:35:00
CUST-11920,18,45.3,Gold,North,Home & Kitchen,Mobile App,4,394.61,0.15,0.6,Same-Day,4.5,2026-01-14 21:21:33
CUST-11921,51,63.2,Silver,North,Electronics,Mobile App,2,1151.53,0.0,2.8,Express,3.3,2026-03-28 19:27:00
CUST-11922,25,66.4,Bronze,South,Apparel,Web,3,270.12,0.1,2.4,Express,4.2,2026-02-20 14:53:25
CUST-11923,44,72.0,Bronze,North,Home & Kitchen,Web,2,553.4,0.25,6.8,Standard,2.5,2026-01-15 07:39:17
CUST-11924,70,99.3,Gold,East,Books & Media,Mobile App,1,321.46,0.05,5.4,Standard,3.9,2026-03-29 06:42:35
CUST-11925,28,65.6,Bronze,West,Apparel,Web,3,334.5,0.0,6.1,Standard,2.5,2026-01-08 16:53:05
CUST-11926,18,59.3,Bronze,West,Books & Media,Web,4,126.62,0.0,6.5,Standard,3.4,2026-03-18 19:21:10
CUST-11927,36,64.3,Bronze,East,Apparel,Web,9,796.14,0.15,5.1,Standard,3.6,2026-03-06 20:03:43
CUST-11928,56,75.0,Silver,South,Home & Kitchen,Web,2,588.68,0.05,5.4,Standard,2.6,2026-02-06 18:11:39
CUST-11929,68,73.2,Silver,East,Apparel,In-Store,1,755.35,0.1,5.9,Standard,3.3,2026-04-01 05:20:29
CUST-11930,23,40.0,Platinum,North,Electronics,Mobile App,11,1309.6,0.1,2.7,Express,4.7,2026-03-10 02:26:13
CUST-11931,47,67.4,Gold,West,Home & Kitchen,Mobile App,3,596.6,0.05,7.3,Standard,3.6,2026-01-17 06:22:09
CUST-11932,34,64.0,Bronze,East,Electronics,In-Store,7,1896.64,0.15,5.5,Standard,3.3,2026-03-31 04:41:56
CUST-11933,39,62.7,Bronze,South,Electronics,In-Store,1,822.16,0.0,5.9,Standard,2.8,2026-03-25 03:26:30
CUST-11934,75,117.8,Bronze,South,Apparel,Mobile App,1,544.35,0.05,0.7,Same-Day,4.0,2026-01-21 02:40:57
CUST-11935,19,36.7,Bronze,West,Home & Kitchen,In-Store,1,229.82,0.1,5.8,Standard,3.7,2026-04-01 04:15:54
CUST-11936,44,72.5,Bronze,East,Apparel,Web,5,696.15,0.0,6.7,Standard,2.6,2026-03-09 02:31:35
CUST-11937,47,94.5,Bronze,East,Electronics,Web,5,2187.25,0.0,5.7,Standard,3.3,2026-03-12 17:35:14
CUST-11938,56,91.7,Bronze,West,Electronics,Web,2,1396.57,0.1,3.0,Express,4.1,2026-02-02 01:57:29
CUST-11939,42,70.3,Bronze,East,Apparel,Mobile App,1,593.35,0.1,2.7,Express,3.4,2026-03-10 23:16:47
CUST-11940,45,65.5,Bronze,West,Apparel,Mobile App,1,366.01,0.05,2.3,Express,3.3,2026-03-27 06:53:13
CUST-11941,35,54.0,Platinum,South,Apparel,Mobile App,3,321.29,0.15,6.7,Standard,3.5,2026-01-30 23:17:46
CUST-11942,44,60.6,Silver,North,Electronics,Mobile App,2,1084.2,0.05,2.8,Express,3.8,2026-01-20 12:26:22
CUST-11943,36,56.5,Platinum,South,Apparel,Web,3,354.72,0.15,2.5,Express,4.2,2026-02-27 18:06:16
CUST-11944,49,90.2,Bronze,North,Books & Media,Web,1,133.87,0.1,2.2,Express,3.8,2026-01-30 05:53:26
CUST-11945,35,60.2,Silver,West,Home & Kitchen,Mobile App,2,463.92,0.0,0.6,Same-Day,4.6,2026-01-25 06:40:43
CUST-11946,46,55.4,Bronze,South,Health & Beauty,Web,1,245.84,0.05,6.1,Standard,3.1,2026-01-02 02:37:12
CUST-11947,40,95.5,Bronze,West,Electronics,Mobile App,3,1228.98,0.1,5.5,Standard,2.9,2026-03-30 13:53:13
CUST-11948,56,91.4,Bronze,South,Health & Beauty,Mobile App,2,408.48,0.15,2.8,Express,3.7,2026-01-27 10:19:25
CUST-11949,40,47.9,Platinum,West,Apparel,Mobile App,6,439.62,0.0,2.9,Express,4.6,2026-03-30 22:59:42
CUST-11950,18,38.2,Platinum,East,Health & Beauty,Web,3,267.92,0.05,7.3,Standard,3.9,2026-01-22 07:56:10
CUST-11951,58,90.5,Bronze,South,Apparel,Mobile App,2,411.45,0.0,6.7,Standard,3.6,2026-01-18 04:34:37
CUST-11952,28,81.4,Bronze,North,Apparel,In-Store,1,338.02,0.0,2.9,Express,3.8,2026-02-02 05:46:00
CUST-11953,31,42.5,Bronze,South,Apparel,In-Store,6,316.39,0.1,6.6,Standard,3.7,2026-02-14 01:32:23
CUST-11954,32,74.8,Bronze,South,Apparel,In-Store,1,296.08,0.0,7.7,Standard,3.0,2026-01-23 04:58:19
CUST-11955,60,112.0,Bronze,East,Books & Media,Mobile App,1,259.12,0.1,5.7,Standard,2.9,2026-02-11 19:25:07
CUST-11956,18,35.4,Bronze,West,Books & Media,Web,7,83.73,0.2,1.0,Same-Day,4.8,2026-03-24 11:23:07
CUST-11957,75,103.3,Silver,West,Health & Beauty,Mobile App,3,520.69,0.2,0.6,Same-Day,4.0,2026-03-04 05:23:29
CUST-11958,55,70.0,Bronze,North,Home & Kitchen,In-Store,2,619.83,0.0,6.3,Standard,2.7,2026-02-17 17:30:17
CUST-11959,44,70.3,Bronze,South,Apparel,Web,1,339.1,0.1,2.3,Express,4.6,2026-01-09 02:26:53
CUST-11960,40,68.5,Bronze,West,Electronics,Web,5,1260.58,0.2,5.7,Standard,2.9,2026-01-03 02:48:12
CUST-11961,44,83.3,Bronze,North,Health & Beauty,Web,1,327.86,0.0,6.3,Standard,2.8,2026-01-05 16:08:57
CUST-11962,48,94.2,Platinum,North,Home & Kitchen,Mobile App,1,595.16,0.05,3.2,Express,4.3,2026-01-28 17:01:45
CUST-11963,50,68.8,Bronze,East,Home & Kitchen,Web,1,873.04,0.2,7.6,Standard,2.9,2026-01-04 19:05:46
CUST-11964,48,48.3,Gold,South,Apparel,Web,1,294.66,0.0,7.0,Standard,3.8,2026-02-23 03:30:35
CUST-11965,42,70.9,Gold,North,Home & Kitchen,In-Store,8,683.1,0.2,2.6,Express,3.3,2026-01-01 12:24:18
CUST-11966,38,71.2,Platinum,South,Health & Beauty,Mobile App,3,293.22,0.05,7.3,Standard,4.1,2026-03-20 21:15:12
CUST-11967,38,70.5,Gold,West,Electronics,Web,3,1097.12,0.0,7.4,Standard,3.2,2026-03-19 02:44:40
CUST-11968,38,61.9,Silver,East,Apparel,Web,8,740.87,0.05,3.1,Express,3.5,2026-03-22 16:05:47
CUST-11969,56,88.5,Gold,West,Electronics,Web,1,1259.48,0.0,2.8,Express,4.8,2026-01-06 15:22:59
CUST-11970,49,101.6,Bronze,East,Books & Media,Mobile App,1,186.46,0.0,,Standard,3.3,2026-03-29 20:46:25
CUST-11971,18,50.5,Silver,South,Electronics,Web,3,632.94,0.05,5.2,Standard,3.4,2026-02-24 18:56:59
CUST-11972,50,74.4,Platinum,East,Electronics,Mobile App,2,1890.88,0.05,3.1,Express,4.5,2026-02-22 01:04:08
CUST-11973,43,64.8,Gold,North,Apparel,Mobile App,2,380.34,0.05,0.5,Same-Day,4.9,2026-03-19 06:16:33
CUST-11974,40,66.5,Platinum,West,Apparel,Mobile App,1,337.72,0.0,5.8,Standard,4.6,2026-03-26 08:08:52
CUST-11975,35,88.1,Gold,West,Apparel,Web,2,376.54,0.15,1.1,Same-Day,3.6,2026-01-25 04:25:30
CUST-11976,56,83.9,Gold,East,Electronics,Mobile App,1,1995.43,0.05,2.2,Express,4.7,2026-03-03 21:12:57
CUST-11977,54,84.1,Silver,North,Health & Beauty,In-Store,1,375.56,0.15,3.1,Express,4.2,2026-02-26 02:06:41
CUST-11978,30,50.8,Gold,North,Health & Beauty,Web,1,193.62,0.15,5.8,Standard,3.8,2026-03-28 04:47:06
CUST-11979,46,92.1,Silver,West,Apparel,Web,1,417.05,0.0,5.1,Standard,3.0,2026-01-25 00:39:08
CUST-11980,27,84.1,Gold,South,Books & Media,Mobile App,2,109.81,0.0,7.7,Standard,2.9,2026-03-17 15:17:39
CUST-11981,21,54.9,Gold,West,Home & Kitchen,Mobile App,1,296.36,0.2,5.8,Standard,4.5,2026-01-20 16:36:25
CUST-11982,32,61.4,Gold,West,Apparel,Web,9,508.48,0.1,1.3,Same-Day,4.1,2026-02-04 03:44:51
CUST-11983,53,83.9,Silver,North,Apparel,Mobile App,7,564.0,0.0,6.2,Standard,3.6,2026-01-15 17:23:50
CUST-11984,54,48.6,Bronze,East,Apparel,Mobile App,2,595.61,0.1,2.9,Express,3.8,2026-02-21 00:54:32
CUST-11985,48,89.0,Bronze,South,Apparel,In-Store,10,563.43,0.0,5.7,Standard,3.9,2026-01-04 21:31:32
CUST-11986,51,83.1,Platinum,West,Apparel,Web,11,666.8,0.0,2.7,Express,4.5,2026-02-22 19:06:56
CUST-11987,48,84.2,Silver,East,Books & Media,Mobile App,2,233.47,0.05,5.7,Standard,2.6,2026-01-15 03:19:51
CUST-11988,32,49.5,Bronze,West,Apparel,Web,2,284.53,0.0,7.6,Standard,2.8,2026-03-07 02:44:39
CUST-11989,47,70.9,Bronze,North,Home & Kitchen,Mobile App,8,765.22,0.2,5.2,Standard,2.7,2026-02-03 01:33:03
CUST-11990,52,76.0,Gold,West,Electronics,Mobile App,3,1348.13,0.15,2.5,Express,5.0,2026-02-19 20:57:27
CUST-11991,51,96.4,Gold,North,Home & Kitchen,Web,1,639.35,0.1,7.4,Standard,3.6,2026-03-04 17:18:53
CUST-11992,57,82.0,Gold,East,Apparel,In-Store,3,745.81,0.0,6.3,Standard,3.8,2026-02-19 23:45:03
CUST-11993,50,111.2,Silver,West,Home & Kitchen,Web,1,603.35,0.0,6.6,Standard,3.3,2026-03-16 03:13:46
CUST-11994,45,81.0,Bronze,South,Books & Media,Mobile App,1,98.65,0.05,0.8,Same-Day,3.8,2026-02-06 00:31:33
CUST-11995,55,66.4,Bronze,East,Books & Media,Web,1,229.82,0.05,2.3,Express,3.7,2026-03-20 06:08:48
CUST-11996,40,67.1,Bronze,South,Apparel,Mobile App,1,290.13,0.0,2.2,Express,3.8,2026-03-27 09:35:39
CUST-11997,28,46.0,Gold,East,Home & Kitchen,Web,1,521.92,0.05,3.1,Express,4.8,2026-03-13 07:48:47
CUST-11998,38,33.9,Bronze,South,Health & Beauty,In-Store,5,255.22,0.05,5.7,Standard,2.8,2026-02-20 02:25:05
CUST-11999,30,82.0,Silver,West,Home & Kitchen,In-Store,1,443.38,0.2,2.6,Express,3.5,2026-02-11 03:19:32
CUST-12000,31,69.6,Silver,North,Electronics,In-Store,1,872.5,0.2,6.8,Standard,2.8,2026-03-11 19:28:04
CUST-12001,38,74.8,Silver,East,Home & Kitchen,Web,1,742.24,0.05,5.6,Standard,3.0,2026-01-27 23:15:18
CUST-12002,29,59.4,Gold,East,Electronics,Mobile App,2,1290.69,0.1,2.9,Express,3.7,2026-01-31 03:30:17
CUST-12003,36,43.9,Bronze,East,Health & Beauty,Web,12,670.54,0.0,2.7,Express,2.8,2026-02-02 03:23:02
CUST-12004,18,37.5,Gold,East,Apparel,In-Store,1,274.57,0.0,7.3,Standard,2.7,2026-03-24 19:29:33
CUST-12005,43,84.9,Bronze,West,Apparel,Mobile App,1,412.31,0.2,5.8,Standard,3.5,2026-01-22 19:07:57
CUST-12006,41,54.3,Bronze,West,Electronics,Mobile App,2,1019.98,0.1,2.4,Express,3.8,2026-03-27 02:25:01
CUST-12007,29,22.0,Bronze,North,Apparel,Mobile App,2,297.93,0.0,3.0,Express,4.0,2026-03-11 05:14:00
CUST-12008,50,76.6,Bronze,South,Health & Beauty,Web,1,306.65,0.05,5.9,Standard,2.9,2026-01-21 21:57:34
CUST-12009,54,82.3,Gold,North,Electronics,Mobile App,1,1228.64,0.2,6.1,Standard,3.6,2026-02-25 20:49:50
CUST-12010,18,46.8,Silver,North,Apparel,Web,2,204.18,0.0,1.3,Same-Day,4.5,2026-03-26 04:09:03
CUST-12011,30,68.9,Bronze,West,Health & Beauty,In-Store,1,262.5,0.0,2.8,Express,4.2,2026-02-01 02:35:34
CUST-12012,30,67.6,Bronze,West,Apparel,In-Store,6,396.03,0.2,1.1,Same-Day,4.3,2026-02-28 20:38:07
CUST-12013,27,58.6,Silver,West,Apparel,Mobile App,1,287.54,0.05,5.7,Standard,3.2,2026-03-11 13:23:43
CUST-12014,52,100.1,Gold,South,Home & Kitchen,In-Store,1,547.17,0.05,7.1,Standard,3.6,2026-02-13 02:48:28
CUST-12015,38,44.0,Bronze,East,Apparel,Web,4,578.12,0.0,5.5,Standard,3.3,2026-03-29 20:07:35
CUST-12016,37,73.3,Silver,East,Electronics,In-Store,5,1834.87,0.15,,Express,3.6,2026-02-23 14:00:13
CUST-12017,18,54.2,Gold,North,Electronics,Web,1,618.42,0.15,5.4,Standard,3.6,2026-01-19 01:53:41
CUST-12018,49,60.3,Silver,East,Home & Kitchen,Mobile App,9,1195.42,0.05,7.2,Standard,3.3,2026-02-24 19:52:48
CUST-12019,23,27.8,Bronze,South,Health & Beauty,Mobile App,3,181.63,0.0,6.1,Standard,2.6,2026-01-29 19:09:29
CUST-12020,41,58.9,Silver,South,Electronics,Web,1,834.17,0.05,2.4,Express,4.3,2026-03-02 22:46:49
CUST-12021,44,63.5,Silver,East,Electronics,Web,2,1649.83,0.0,6.1,Standard,3.0,2026-02-21 02:22:06
CUST-12022,60,102.3,Silver,East,Apparel,Web,1,756.87,0.0,2.4,Express,3.3,2026-03-17 18:37:12
CUST-12023,22,40.0,Silver,West,Books & Media,In-Store,1,64.21,0.05,2.3,Express,3.6,2026-01-12 14:09:21
CUST-12024,18,32.0,Platinum,North,Apparel,Web,1,184.47,0.0,2.4,Express,4.4,2026-03-02 21:32:56
CUST-12025,43,63.1,Bronze,East,Health & Beauty,Mobile App,3,467.73,0.2,7.3,Standard,2.7,2026-03-12 13:30:44
CUST-12026,66,114.4,Platinum,North,Electronics,Mobile App,5,1794.24,0.0,0.6,Same-Day,4.8,2026-01-17 02:37:53
CUST-12027,58,89.0,Silver,North,Health & Beauty,Web,2,389.52,0.05,7.6,Standard,2.6,2026-01-13 06:12:01
CUST-12028,43,69.6,Silver,West,Home & Kitchen,Mobile App,1,503.86,0.0,5.0,Standard,3.2,2026-03-04 02:34:07
CUST-12029,34,60.7,Bronze,East,Home & Kitchen,Mobile App,2,678.91,0.1,0.8,Same-Day,4.0,2026-03-26 18:43:56
CUST-12030,52,101.6,Bronze,North,Apparel,Web,3,532.91,0.0,7.3,Standard,3.2,2026-03-09 17:46:20
CUST-12031,27,43.5,Gold,East,Books & Media,Mobile App,4,160.1,0.05,7.5,Standard,3.3,2026-03-01 17:31:53
CUST-12032,47,96.4,Silver,South,Electronics,Web,1,1048.93,0.1,5.4,Standard,3.3,2026-03-22 17:21:19
CUST-12033,48,81.0,Bronze,West,Electronics,Web,3,1249.49,0.2,6.9,Standard,3.0,2026-01-28 19:06:10
CUST-12034,55,83.1,Silver,North,Apparel,Mobile App,2,525.44,0.1,2.3,Express,4.0,2026-03-05 15:05:33
CUST-12035,75,145.0,Bronze,South,Books & Media,Web,3,274.58,0.0,6.0,Standard,3.1,2026-03-14 04:40:43
CUST-12036,46,59.8,Platinum,South,Books & Media,In-Store,1,93.8,0.0,2.9,Express,4.4,2026-02-20 04:15:04
CUST-12037,33,56.0,Gold,West,Apparel,In-Store,1,325.25,0.1,2.5,Express,3.9,2026-01-27 01:11:52
CUST-12038,40,50.5,Bronze,East,Home & Kitchen,Mobile App,2,735.59,0.0,5.8,Standard,3.2,2026-02-09 13:08:47
CUST-12039,18,59.1,Gold,North,Electronics,Web,6,995.59,0.05,5.3,Standard,4.2,2026-02-25 03:39:29
CUST-12040,31,84.4,Gold,West,Books & Media,Web,2,131.19,0.25,5.2,Standard,3.7,2026-01-31 13:04:32
CUST-12041,35,88.5,Bronze,East,Books & Media,Web,8,280.07,0.15,2.3,Express,3.5,2026-03-24 15:57:11
CUST-12042,33,79.7,Silver,South,Home & Kitchen,Mobile App,1,344.26,0.15,3.1,Express,3.6,2026-03-12 19:02:04
CUST-12043,43,69.3,Bronze,East,Apparel,Mobile App,2,571.67,0.15,2.2,Express,3.6,2026-01-05 21:35:00
CUST-12044,29,51.4,Silver,East,Health & Beauty,Web,2,354.25,0.1,6.9,Standard,2.7,2026-01-13 20:42:34
CUST-12045,56,61.5,Bronze,East,Health & Beauty,Web,3,577.03,0.1,7.1,Standard,2.4,2026-01-18 16:09:58
CUST-12046,41,100.6,Bronze,North,Home & Kitchen,Mobile App,4,634.77,0.05,6.5,Standard,2.9,2026-03-23 15:07:24
CUST-12047,40,76.0,Bronze,North,Apparel,Web,5,438.78,0.25,7.0,Standard,3.0,2026-02-20 04:08:03
CUST-12048,36,57.2,Bronze,West,Home & Kitchen,Mobile App,3,517.84,0.0,6.8,Standard,2.6,2026-03-25 20:12:08
CUST-12049,43,92.2,Gold,West,Home & Kitchen,Mobile App,3,593.88,0.05,0.7,Same-Day,4.3,2026-03-28 17:55:53
CUST-12050,52,67.6,Bronze,West,Apparel,Mobile App,7,558.14,0.0,6.0,Standard,2.8,2026-02-05 22:57:48
CUST-12051,28,61.9,Bronze,North,Apparel,Web,2,332.4,0.0,1.4,Same-Day,3.5,2026-02-21 12:18:43
CUST-12052,31,56.5,Gold,East,Apparel,In-Store,5,588.68,0.05,7.6,Standard,3.0,2026-02-03 01:22:50
CUST-12053,36,74.2,Silver,South,Home & Kitchen,Web,6,572.03,0.05,1.2,Same-Day,3.9,2026-03-05 18:42:02
CUST-12054,22,48.2,Silver,East,Apparel,In-Store,2,329.04,0.05,5.5,Standard,2.7,2026-03-13 01:23:29
CUST-12055,29,35.1,Platinum,South,Apparel,Web,4,256.17,0.05,1.1,Same-Day,4.9,2026-03-11 01:02:19
CUST-12056,34,63.5,Gold,East,Books & Media,In-Store,2,229.6,0.05,6.3,Standard,3.3,2026-03-15 03:32:09
CUST-12057,53,99.0,Bronze,North,Home & Kitchen,Mobile App,1,633.36,0.0,0.9,Same-Day,3.7,2026-01-30 17:22:19
CUST-12058,44,73.0,Silver,East,Electronics,Web,3,1841.69,0.05,6.8,Standard,3.1,2026-03-09 22:13:39
CUST-12059,43,83.9,Platinum,East,Apparel,In-Store,1,575.17,0.15,6.4,Standard,3.7,2026-03-31 06:18:02
CUST-12060,52,66.5,Bronze,South,Health & Beauty,Mobile App,2,297.99,0.0,6.8,Standard,2.8,2026-01-23 02:32:10
CUST-12061,39,67.5,Bronze,South,Books & Media,Web,5,148.12,0.05,5.1,Standard,3.7,2026-03-01 06:22:14
CUST-12062,46,66.2,Bronze,West,Apparel,Web,1,380.02,0.05,3.0,Express,3.3,2026-01-09 05:26:51
CUST-12063,39,79.1,Bronze,North,Health & Beauty,Mobile App,1,297.9,0.15,0.6,Same-Day,4.6,2026-03-08 01:11:27
CUST-12064,44,73.9,Silver,North,Electronics,Mobile App,3,1174.16,0.1,2.9,Express,3.6,2026-02-06 18:45:43
CUST-12065,32,70.6,Gold,South,Health & Beauty,Mobile App,1,190.75,0.0,2.3,Express,3.9,2026-02-26 03:46:34
CUST-12066,18,61.1,Platinum,West,Apparel,Mobile App,2,226.1,0.15,5.3,Standard,4.0,2026-03-03 02:06:06
CUST-12067,39,78.3,Gold,West,Electronics,Mobile App,2,1059.79,0.15,2.2,Express,4.3,2026-03-28 00:35:53
CUST-12068,60,95.1,Bronze,West,Apparel,Mobile App,1,487.92,0.1,7.5,Standard,3.3,2026-03-07 02:45:32
CUST-12069,53,68.3,Bronze,West,Apparel,Mobile App,1,442.98,0.05,0.8,Same-Day,4.3,2026-02-12 01:17:41
CUST-12070,54,84.4,Platinum,South,Home & Kitchen,Web,6,699.99,0.1,6.0,Standard,4.0,2026-02-18 23:15:48
CUST-12071,58,80.8,Bronze,East,Books & Media,In-Store,1,257.79,0.05,3.0,Express,4.1,2026-03-09 21:57:37
CUST-12072,42,66.0,Bronze,East,Books & Media,Web,2,205.91,0.1,6.7,Standard,2.3,2026-01-09 12:13:18
CUST-12073,43,66.7,Gold,North,Apparel,Web,9,526.76,0.15,6.7,Standard,3.6,2026-01-09 04:20:56
CUST-12074,32,45.5,Silver,North,Apparel,Mobile App,5,370.08,0.15,,Standard,3.2,2026-02-28 04:42:43
CUST-12075,36,35.2,Bronze,East,Electronics,Mobile App,1,1190.69,0.05,5.0,Standard,3.4,2026-03-28 00:26:28
CUST-12076,49,68.9,Gold,West,Electronics,Web,2,1198.22,0.15,5.7,Standard,3.1,2026-02-23 18:24:59
CUST-12077,57,90.6,Platinum,South,Home & Kitchen,Web,4,642.63,0.0,5.3,Standard,3.8,2026-03-26 11:37:01
CUST-12078,39,47.7,Bronze,East,Electronics,Mobile App,3,1486.9,0.0,2.9,Express,3.6,2026-02-17 08:14:43
CUST-12079,34,62.6,Gold,North,Books & Media,In-Store,4,138.0,0.05,5.7,Standard,4.1,2026-02-23 14:09:18
CUST-12080,41,98.6,Bronze,North,Home & Kitchen,Mobile App,2,602.59,0.1,0.7,Same-Day,4.7,2026-01-28 20:29:08
CUST-12081,49,94.2,Silver,West,Electronics,Mobile App,1,1213.8,0.0,6.0,Standard,2.9,2026-03-07 17:43:59
CUST-12082,20,71.7,Gold,South,Home & Kitchen,Web,2,338.95,0.05,5.4,Standard,3.3,2026-03-22 18:08:05
CUST-12083,18,50.7,Platinum,North,Electronics,Web,3,740.59,0.0,3.2,Express,4.8,2026-02-01 02:27:16
CUST-12084,33,78.8,Bronze,West,Apparel,Web,3,365.33,0.1,7.5,Standard,3.8,2026-01-14 06:48:01
CUST-12085,23,39.4,Bronze,North,Books & Media,Web,1,69.23,0.15,5.2,Standard,3.7,2026-02-28 17:17:38
CUST-12086,33,51.6,Bronze,North,Apparel,Mobile App,1,289.98,0.1,3.0,Express,3.4,2026-03-23 22:10:05
CUST-12087,38,25.7,Silver,North,Electronics,Web,8,1210.32,0.05,6.3,Standard,4.1,2026-03-30 07:37:13
CUST-12088,34,80.2,Bronze,South,Books & Media,Web,1,99.72,0.25,3.0,Express,3.9,2026-02-01 05:50:48
CUST-12089,61,115.2,Bronze,West,Electronics,Mobile App,1,1479.61,0.1,5.4,Standard,3.0,2026-02-02 20:01:25
CUST-12090,45,66.2,Bronze,West,Books & Media,In-Store,4,196.43,0.15,5.4,Standard,3.9,2026-02-22 19:21:17
CUST-12091,45,70.7,Bronze,East,Apparel,In-Store,2,605.18,0.1,3.1,Express,3.3,2026-02-05 17:22:05
CUST-12092,49,67.6,Bronze,East,Apparel,Mobile App,1,605.7,0.25,3.1,Express,3.4,2026-03-26 16:19:11
CUST-12093,25,58.2,Gold,East,Books & Media,Web,2,172.09,0.15,6.3,Standard,3.8,2026-03-10 22:44:37
CUST-12094,55,102.4,Bronze,South,Home & Kitchen,Mobile App,2,598.27,0.05,3.1,Express,3.6,2026-03-16 19:28:21
CUST-12095,39,41.8,Bronze,North,Electronics,Web,2,954.19,0.05,1.2,Same-Day,4.0,2026-02-04 02:25:13
CUST-12096,50,86.1,Gold,North,Apparel,Mobile App,6,592.25,0.1,5.5,Standard,3.7,2026-03-02 17:40:12
CUST-12097,25,48.3,Silver,North,Health & Beauty,Mobile App,1,192.44,0.05,5.9,Standard,3.5,2026-03-02 02:58:08
CUST-12098,19,47.6,Bronze,South,Electronics,Mobile App,3,620.26,0.1,0.6,Same-Day,3.3,2026-01-03 18:11:49
CUST-12099,52,89.1,Bronze,West,Home & Kitchen,In-Store,1,660.95,0.0,7.1,Standard,3.0,2026-01-07 00:47:41
CUST-12100,46,72.8,Silver,South,Books & Media,Mobile App,2,146.6,0.05,7.7,Standard,2.7,2026-01-21 01:28:31
CUST-12101,28,54.2,Bronze,West,Home & Kitchen,Mobile App,4,475.11,0.05,6.5,Standard,2.8,2026-01-05 02:18:09
CUST-12102,28,52.6,Gold,South,Books & Media,Web,1,116.83,0.15,2.9,Express,3.9,2026-02-22 16:33:26
CUST-12103,56,101.2,Bronze,North,Books & Media,In-Store,3,218.52,0.1,1.3,Same-Day,3.0,2026-03-12 18:47:13
CUST-12104,24,57.7,Bronze,East,Home & Kitchen,Web,1,524.34,0.0,2.4,Express,3.5,2026-03-03 18:26:08
CUST-12105,63,97.6,Silver,North,Books & Media,In-Store,1,185.77,0.0,1.1,Same-Day,4.5,2026-03-23 00:29:08
CUST-12106,28,36.7,Silver,West,Home & Kitchen,Web,2,383.53,0.0,6.1,Standard,3.4,2026-02-07 14:36:25
CUST-12107,49,73.2,Gold,East,Apparel,Web,3,687.15,0.0,6.6,Standard,3.4,2026-02-05 23:30:56
CUST-12108,36,78.1,Bronze,North,Apparel,In-Store,1,308.58,0.0,3.1,Express,3.1,2026-02-03 14:27:31
CUST-12109,49,79.5,Silver,West,Home & Kitchen,Web,6,722.81,0.15,1.0,Same-Day,4.3,2026-01-06 19:24:40
CUST-12110,33,71.2,Bronze,East,Health & Beauty,In-Store,1,352.0,0.2,6.3,Standard,3.5,2026-03-08 02:48:34
CUST-12111,38,93.3,Silver,South,Apparel,Web,1,343.69,0.05,7.0,Standard,3.3,2026-01-18 21:05:25
CUST-12112,41,85.7,Gold,North,Apparel,In-Store,1,351.14,0.05,5.2,Standard,3.4,2026-01-27 18:55:40
CUST-12113,26,55.0,Bronze,South,Health & Beauty,Mobile App,1,185.53,0.1,6.4,Standard,2.7,2026-02-09 01:06:44
CUST-12114,51,73.4,Platinum,North,Home & Kitchen,Mobile App,1,625.82,0.2,5.4,Standard,4.7,2026-02-21 02:05:41
CUST-12115,33,23.0,Silver,West,Electronics,Web,4,923.57,0.2,6.5,Standard,2.6,2026-01-19 18:34:56
CUST-12116,37,63.2,Platinum,West,Home & Kitchen,Web,2,444.34,0.0,1.3,Same-Day,5.0,2026-03-29 19:24:02
CUST-12117,27,49.8,Gold,North,Health & Beauty,In-Store,2,190.51,0.0,,Standard,3.1,2026-02-04 01:20:29
CUST-12118,18,50.7,Bronze,South,Books & Media,Web,7,89.2,0.0,3.0,Express,3.6,2026-03-31 06:46:28
CUST-12119,38,64.5,Bronze,East,Books & Media,Web,2,160.88,0.1,5.9,Standard,3.3,2026-01-24 17:59:19
CUST-12120,74,101.6,Bronze,South,Electronics,Mobile App,1,1378.41,0.1,5.5,Standard,3.2,2026-01-26 01:47:03
CUST-12121,51,54.4,Bronze,South,Health & Beauty,Mobile App,1,271.33,0.0,2.7,Express,3.9,2026-03-18 04:16:13
CUST-12122,40,54.9,Silver,North,Home & Kitchen,Web,1,478.72,0.15,1.3,Same-Day,3.5,2026-03-11 22:40:44
CUST-12123,37,72.8,Silver,South,Health & Beauty,Web,2,280.53,0.05,5.2,Standard,3.0,2026-01-30 19:25:51
CUST-12124,41,95.8,Platinum,West,Apparel,Web,1,384.04,0.25,2.5,Express,4.8,2026-03-21 02:40:38
CUST-12125,48,76.3,Bronze,South,Electronics,In-Store,2,1045.45,0.0,2.9,Express,3.9,2026-02-23 11:16:20
CUST-12126,24,56.3,Gold,North,Apparel,Web,3,305.14,0.0,6.0,Standard,3.7,2026-03-19 20:06:06
CUST-12127,56,100.9,Platinum,East,Apparel,In-Store,4,838.68,0.0,5.2,Standard,4.5,2026-01-25 18:24:05
CUST-12128,51,68.9,Gold,South,Home & Kitchen,Web,3,581.5,0.0,2.5,Express,3.7,2026-01-05 17:33:54
CUST-12129,51,86.6,Bronze,West,Health & Beauty,Web,1,358.04,0.15,7.2,Standard,2.7,2026-01-02 16:25:39
CUST-12130,47,65.6,Silver,West,Home & Kitchen,Mobile App,1,525.11,0.0,7.6,Standard,3.5,2026-03-22 02:05:05
CUST-12131,41,83.1,Bronze,North,Health & Beauty,Web,2,274.26,0.1,5.1,Standard,3.7,2026-03-05 06:09:24
CUST-12132,50,82.3,Bronze,East,Apparel,Mobile App,1,679.6,0.0,6.5,Standard,3.3,2026-02-23 20:16:03
CUST-12133,49,83.4,Bronze,West,Books & Media,In-Store,1,129.46,0.0,1.0,Same-Day,4.0,2026-02-07 13:13:59
CUST-12134,36,52.9,Gold,South,Books & Media,Web,2,110.44,0.15,6.8,Standard,3.8,2026-01-18 02:02:36
CUST-12135,32,70.8,Silver,East,Home & Kitchen,Mobile App,1,615.17,0.2,5.0,Standard,3.5,2026-01-31 23:58:56
CUST-12136,42,102.5,Silver,East,Apparel,Web,4,734.11,0.05,5.0,Standard,2.8,2026-01-02 02:47:24
CUST-12137,62,78.1,Platinum,East,Home & Kitchen,Web,1,1020.86,0.2,3.0,Express,4.9,2026-01-07 01:15:17
CUST-12138,23,45.2,Bronze,West,Home & Kitchen,Web,9,589.48,0.1,2.3,Express,3.5,2026-03-12 04:04:33
CUST-12139,20,50.5,Silver,North,Apparel,In-Store,4,366.09,0.05,1.1,Same-Day,4.3,2026-02-05 16:47:24
CUST-12140,43,84.1,Gold,South,Books & Media,Web,1,103.96,0.15,3.2,Express,3.6,2026-01-08 16:22:21
CUST-12141,41,61.7,Bronze,South,Health & Beauty,In-Store,2,280.12,0.0,3.2,Express,4.2,2026-03-14 19:26:55
CUST-12142,43,29.8,Silver,North,Apparel,Mobile App,2,344.38,0.0,5.4,Standard,3.1,2026-03-27 22:04:45
CUST-12143,44,93.8,Bronze,East,Home & Kitchen,Web,3,954.47,0.1,6.5,Standard,2.6,2026-01-11 05:55:55
CUST-12144,37,77.1,Gold,South,Books & Media,Mobile App,2,134.43,0.05,2.8,Express,4.0,2026-01-25 04:36:55
CUST-12145,61,66.0,Bronze,North,Home & Kitchen,Mobile App,2,666.77,0.0,2.7,Express,3.6,2026-03-05 04:37:13
CUST-12146,18,35.7,Bronze,North,Home & Kitchen,Mobile App,2,316.09,0.0,1.0,Same-Day,4.0,2026-02-09 17:17:36
CUST-12147,29,80.4,Silver,North,Health & Beauty,Mobile App,1,297.34,0.15,3.0,Express,4.1,2026-01-03 02:11:10
CUST-12148,39,89.6,Bronze,South,Apparel,In-Store,7,461.55,0.1,7.1,Standard,2.9,2026-01-20 20:20:26
CUST-12149,18,58.9,Bronze,North,Electronics,Web,1,611.63,0.05,5.7,Standard,2.4,2026-03-23 05:06:25
CUST-12150,38,64.2,Bronze,West,Books & Media,In-Store,1,142.8,0.15,6.2,Standard,2.7,2026-02-02 17:16:51
CUST-12151,64,96.6,Bronze,North,Home & Kitchen,In-Store,1,758.3,0.05,6.3,Standard,4.0,2026-01-14 16:41:34
CUST-12152,41,68.1,Silver,East,Books & Media,Mobile App,5,217.5,0.1,5.8,Standard,3.2,2026-02-24 04:08:15
CUST-12153,44,90.3,Silver,West,Electronics,Mobile App,3,1252.18,0.2,5.3,Standard,3.6,2026-02-25 02:40:51
CUST-12154,23,37.2,Silver,West,Electronics,Mobile App,4,818.81,0.15,5.3,Standard,3.1,2026-02-07 03:23:39
CUST-12155,32,48.1,Silver,East,Health & Beauty,Mobile App,4,421.75,0.05,2.4,Express,3.4,2026-03-29 16:10:19
CUST-12156,35,78.7,Bronze,East,Electronics,Mobile App,5,1827.71,0.1,5.5,Standard,3.0,2026-03-26 04:24:14
CUST-12157,36,63.9,Bronze,East,Books & Media,Web,2,197.62,0.05,2.4,Express,3.8,2026-01-07 02:45:13
CUST-12158,58,109.5,Gold,North,Books & Media,Mobile App,1,193.48,0.1,5.7,Standard,3.5,2026-02-03 01:36:45
CUST-12159,48,67.7,Gold,South,Home & Kitchen,Web,1,472.31,0.0,6.2,Standard,4.3,2026-02-20 00:06:07
CUST-12160,25,51.7,Bronze,South,Electronics,Mobile App,2,668.17,0.05,0.8,Same-Day,3.8,2026-03-17 03:16:23
CUST-12161,44,59.6,Bronze,West,Home & Kitchen,Web,2,519.27,0.0,5.8,Standard,2.8,2026-03-25 21:54:32
CUST-12162,47,76.8,Silver,North,Health & Beauty,Web,2,310.7,0.0,1.4,Same-Day,4.2,2026-03-11 16:40:15
CUST-12163,56,64.4,Silver,South,Apparel,Web,2,384.28,0.05,6.5,Standard,3.4,2026-03-13 23:18:26
CUST-12164,63,87.0,Silver,East,Apparel,In-Store,3,830.4,0.15,7.1,Standard,2.9,2026-03-25 03:56:58
CUST-12165,26,32.1,Bronze,North,Apparel,Web,1,185.47,0.0,7.5,Standard,2.6,2026-03-20 16:20:27
CUST-12166,29,67.3,Silver,North,Electronics,Mobile App,1,803.5,0.0,5.4,Standard,2.6,2026-03-27 17:44:43
CUST-12167,23,61.0,Bronze,East,Health & Beauty,Web,3,364.69,0.05,6.2,Standard,3.5,2026-02-21 02:08:13
CUST-12168,37,39.7,Silver,South,Health & Beauty,Mobile App,1,234.7,0.1,2.6,Express,4.0,2026-03-07 18:44:08
CUST-12169,47,96.7,Gold,South,Health & Beauty,Web,3,327.61,0.0,6.0,Standard,3.5,2026-03-02 16:45:45
CUST-12170,54,121.9,Silver,East,Home & Kitchen,Web,2,1089.56,0.0,2.2,Express,3.8,2026-01-29 04:07:12
CUST-12171,39,68.6,Bronze,East,Books & Media,Mobile App,10,293.05,0.05,7.2,Standard,2.8,2026-02-13 16:45:50
CUST-12172,36,55.0,Platinum,East,Electronics,Mobile App,5,1708.24,0.15,5.3,Standard,4.7,2026-03-23 20:44:21
CUST-12173,43,114.7,Gold,West,Home & Kitchen,Web,2,655.91,0.0,1.4,Same-Day,4.1,2026-01-12 21:26:29
CUST-12174,29,37.1,Gold,West,Home & Kitchen,Mobile App,3,402.38,0.0,3.0,Express,3.9,2026-03-24 22:22:31
CUST-12175,70,102.3,Bronze,West,Health & Beauty,In-Store,1,377.4,0.1,6.6,Standard,2.8,2026-02-26 20:09:15
CUST-12176,18,47.5,Bronze,East,Books & Media,Web,2,213.51,0.0,5.4,Standard,3.3,2026-01-27 05:53:50
CUST-12177,43,92.5,Platinum,South,Health & Beauty,Web,4,336.8,0.0,6.4,Standard,4.0,2026-01-26 02:01:24
CUST-12178,69,106.3,Silver,West,Health & Beauty,Mobile App,3,486.43,0.05,0.6,Same-Day,4.2,2026-01-15 20:43:48
CUST-12179,41,62.6,Gold,East,Health & Beauty,Web,2,411.51,0.2,5.7,Standard,3.4,2026-03-15 20:47:22
CUST-12180,38,52.5,Bronze,West,Electronics,In-Store,1,846.37,0.0,,Express,4.2,2026-03-18 23:06:36
CUST-12181,35,58.4,Bronze,West,Books & Media,Mobile App,4,130.91,0.05,6.0,Standard,3.0,2026-03-21 11:01:27
CUST-12182,38,51.7,Platinum,West,Home & Kitchen,Mobile App,1,448.21,0.05,0.7,Same-Day,5.0,2026-02-23 05:15:02
CUST-12183,60,91.7,Silver,East,Apparel,Mobile App,4,869.59,0.15,7.3,Standard,4.0,2026-03-06 17:53:59
CUST-12184,18,36.3,Bronze,East,Electronics,Mobile App,3,1006.31,0.0,5.2,Standard,3.0,2026-02-24 02:05:58
CUST-12185,62,70.8,Bronze,South,Home & Kitchen,Web,2,576.0,0.05,2.8,Express,3.8,2026-03-29 03:15:22
CUST-12186,21,66.9,Silver,South,Apparel,In-Store,1,156.11,0.15,1.2,Same-Day,3.9,2026-03-20 03:24:32
CUST-12187,37,58.2,Bronze,West,Apparel,Mobile App,1,316.19,0.25,0.7,Same-Day,4.8,2026-02-08 16:44:53
CUST-12188,34,43.4,Silver,West,Home & Kitchen,Web,6,547.91,0.1,3.0,Express,3.6,2026-02-20 23:09:38
CUST-12189,49,76.4,Bronze,North,Health & Beauty,Mobile App,4,352.76,0.05,3.1,Express,3.7,2026-01-20 14:58:24
CUST-12190,18,45.8,Gold,North,Books & Media,Web,35,8450.0,0.05,2.7,Express,4.3,2026-03-06 03:51:24
CUST-12191,47,50.5,Bronze,West,Apparel,Web,2,343.76,0.05,2.7,Express,3.7,2026-03-30 22:08:38
CUST-12192,69,105.9,Platinum,South,Apparel,Mobile App,3,547.52,0.1,2.7,Express,4.9,2026-01-11 16:31:20
CUST-12193,21,32.4,Bronze,North,Apparel,Mobile App,2,185.55,0.1,7.0,Standard,3.0,2026-04-01 02:31:54
CUST-12194,43,98.0,Silver,West,Apparel,Mobile App,3,460.95,0.15,2.9,Express,3.8,2026-02-21 19:01:58
CUST-12195,31,67.0,Bronze,North,Electronics,Web,1,865.31,0.05,5.6,Standard,3.3,2026-03-26 15:20:30
CUST-12196,46,69.6,Silver,South,Health & Beauty,Mobile App,5,328.49,0.1,2.3,Express,3.6,2026-02-23 22:47:48
CUST-12197,41,58.9,Platinum,South,Home & Kitchen,Web,3,520.94,0.2,1.4,Same-Day,4.8,2026-03-10 17:02:29
CUST-12198,32,58.6,Gold,East,Electronics,Mobile App,1,1296.23,0.2,5.7,Standard,3.9,2026-01-08 05:53:38
CUST-12199,47,85.9,Silver,West,Apparel,Mobile App,5,514.18,0.1,6.7,Standard,3.2,2026-01-12 20:33:44
CUST-12200,66,97.2,Silver,West,Home & Kitchen,Mobile App,2,786.33,0.1,7.2,Standard,3.3,2026-01-03 00:28:59
CUST-12201,38,63.5,Gold,West,Home & Kitchen,In-Store,1,491.11,0.05,5.8,Standard,4.3,2026-01-22 05:41:44
CUST-12202,51,82.0,Platinum,North,Electronics,In-Store,1,1209.77,0.0,6.7,Standard,3.7,2026-03-10 20:56:41
CUST-12203,22,40.1,Platinum,South,Health & Beauty,In-Store,3,195.06,0.0,1.0,Same-Day,5.0,2026-03-17 20:19:51
CUST-12204,27,49.6,Bronze,North,Apparel,In-Store,5,336.7,0.05,3.2,Express,3.6,2026-02-05 16:22:33
CUST-12205,47,45.4,Platinum,South,Electronics,Mobile App,4,1001.32,0.0,2.3,Express,4.3,2026-01-22 05:36:37
CUST-12206,61,106.7,Bronze,East,Electronics,In-Store,3,2366.7,0.05,6.2,Standard,3.3,2026-02-23 03:07:06
CUST-12207,45,79.0,Bronze,South,Home & Kitchen,In-Store,1,541.89,0.1,1.2,Same-Day,4.3,2026-01-19 17:43:26
CUST-12208,36,53.0,Bronze,North,Electronics,Mobile App,1,864.02,0.05,3.0,Express,3.3,2026-01-03 19:35:12
CUST-12209,40,97.5,Bronze,West,Electronics,Web,1,1094.96,0.0,5.3,Standard,3.1,2026-03-02 05:13:28
CUST-12210,23,51.6,Gold,North,Apparel,Web,5,363.58,0.0,2.6,Express,4.1,2026-03-22 23:22:22
CUST-12211,49,63.4,Gold,East,Home & Kitchen,In-Store,8,1166.35,0.0,1.0,Same-Day,4.0,2026-03-15 00:26:07
CUST-12212,53,96.2,Gold,South,Electronics,Mobile App,1,1145.31,0.0,5.8,Standard,3.6,2026-02-04 01:14:20
CUST-12213,34,68.4,Silver,West,Apparel,Mobile App,4,392.33,0.25,3.0,Express,3.3,2026-01-30 03:52:12
CUST-12214,34,68.3,Silver,West,Apparel,Web,2,353.75,0.0,0.9,Same-Day,4.1,2026-03-16 05:34:25
CUST-12215,44,67.0,Silver,North,Electronics,Web,1,1022.83,0.0,7.0,Standard,3.0,2026-02-27 03:55:42
CUST-12216,34,69.2,Bronze,North,Apparel,Mobile App,2,319.48,0.0,3.0,Express,3.8,2026-03-15 05:21:09
CUST-12217,40,65.1,Gold,East,Electronics,In-Store,4,1752.69,0.1,7.4,Standard,3.5,2026-02-10 03:46:28
CUST-12218,70,110.3,Silver,East,Electronics,Web,1,2399.73,0.1,6.7,Standard,3.5,2026-02-19 13:35:26
CUST-12219,37,37.1,Silver,West,Apparel,In-Store,6,406.98,0.0,2.5,Express,3.5,2026-03-16 15:14:55
CUST-12220,35,57.0,Silver,North,Apparel,Mobile App,1,267.6,0.2,6.2,Standard,2.8,2026-01-20 04:56:03
CUST-12221,31,84.9,Gold,South,Electronics,Web,1,775.9,0.15,3.2,Express,4.4,2026-01-22 11:31:41
CUST-12222,51,69.6,Bronze,South,Apparel,Web,1,362.96,0.0,7.4,Standard,2.8,2026-02-21 03:40:30
CUST-12223,38,57.7,Bronze,West,Health & Beauty,Web,5,332.13,0.05,6.3,Standard,3.5,2026-02-19 04:17:16
CUST-12224,31,52.4,Gold,North,Books & Media,Web,2,110.74,0.05,7.5,Standard,3.5,2026-02-21 21:57:59
CUST-12225,59,71.7,Silver,West,Books & Media,Mobile App,4,182.75,0.0,7.2,Standard,3.6,2026-01-22 20:44:07
CUST-12226,60,57.9,Gold,North,Health & Beauty,Web,2,432.45,0.15,7.4,Standard,3.3,2026-03-03 17:30:51
CUST-12227,32,56.7,Bronze,East,Health & Beauty,Web,2,385.54,0.0,2.9,Express,3.2,2026-03-01 13:40:36
CUST-12228,18,46.8,Bronze,West,Books & Media,In-Store,4,86.7,0.05,1.3,Same-Day,4.1,2026-03-22 02:35:19
CUST-12229,55,84.7,Gold,North,Home & Kitchen,Mobile App,2,669.0,0.05,3.1,Express,4.1,2026-03-22 14:24:46
CUST-12230,31,56.9,Silver,East,Apparel,Mobile App,4,568.97,0.05,5.2,Standard,3.5,2026-01-08 05:44:54
CUST-12231,52,82.8,Silver,North,Electronics,Web,1,1212.84,0.15,1.4,Same-Day,4.2,2026-02-22 18:09:09
CUST-12232,18,60.1,Bronze,South,Home & Kitchen,In-Store,3,350.68,0.0,1.1,Same-Day,3.8,2026-02-01 03:39:50
CUST-12233,53,80.4,Bronze,West,Health & Beauty,In-Store,3,396.46,0.0,6.2,Standard,2.7,2026-01-04 13:13:49
CUST-12234,24,42.8,Silver,West,Apparel,Mobile App,6,340.74,0.1,7.1,Standard,2.9,2026-01-07 23:47:57
CUST-12235,51,76.9,Bronze,South,Books & Media,In-Store,1,131.99,0.0,6.8,Standard,2.1,2026-01-03 20:25:43
CUST-12236,41,78.8,Gold,North,Apparel,In-Store,3,458.37,0.0,7.4,Standard,3.4,2026-01-25 11:18:33
CUST-12237,27,75.9,Gold,West,Apparel,Mobile App,2,323.33,0.05,0.7,Same-Day,4.4,2026-02-04 01:29:38
CUST-12238,35,54.1,Bronze,West,Apparel,Mobile App,2,301.5,0.0,2.6,Express,4.0,2026-02-03 05:57:10
CUST-12239,50,81.5,Silver,North,Apparel,Web,1,413.26,0.05,2.2,Express,3.1,2026-03-29 09:38:46
CUST-12240,42,76.3,Silver,North,Apparel,Web,1,318.99,0.0,6.2,Standard,3.1,2026-02-07 18:11:11
CUST-12241,49,64.0,Bronze,East,Books & Media,Web,5,261.88,0.0,7.0,Standard,3.5,2026-01-05 02:30:09
CUST-12242,68,100.1,Bronze,West,Health & Beauty,Web,4,524.6,0.05,5.8,Standard,3.4,2026-02-18 04:44:12
CUST-12243,19,23.9,Bronze,South,Health & Beauty,Web,2,105.61,0.0,1.1,Same-Day,4.3,2026-03-15 17:46:53
CUST-12244,63,67.8,Silver,North,Apparel,In-Store,5,568.04,0.2,5.6,Standard,3.3,2026-03-30 14:46:33
CUST-12245,42,76.7,Silver,South,Health & Beauty,Web,1,286.84,0.0,3.0,Express,3.1,2026-03-02 08:17:55
CUST-12246,28,50.0,Silver,North,Apparel,In-Store,3,334.88,0.1,5.2,Standard,3.3,2026-03-06 17:01:29
CUST-12247,22,52.2,Gold,South,Apparel,Mobile App,5,320.37,0.15,2.9,Express,4.3,2026-03-22 14:13:14
CUST-12248,38,66.5,Gold,East,Books & Media,Web,5,183.3,0.0,2.6,Express,3.9,2026-03-12 20:19:53
CUST-12249,53,68.7,Silver,North,Apparel,Mobile App,2,454.27,0.1,2.2,Express,3.8,2026-03-19 21:57:07
CUST-12250,39,67.2,Gold,East,Electronics,Web,4,1726.9,0.15,7.3,Standard,2.4,2026-03-02 22:38:37
CUST-12251,62,74.7,Bronze,North,Apparel,In-Store,2,472.49,0.0,6.3,Standard,2.9,2026-01-01 16:19:35
CUST-12252,20,67.9,Gold,West,Books & Media,In-Store,5,139.83,0.25,6.6,Standard,3.4,2026-01-06 22:33:39
CUST-12253,40,48.7,Silver,West,Apparel,Web,2,348.0,0.0,1.3,Same-Day,4.5,2026-03-15 09:59:51
CUST-12254,23,47.4,Gold,South,Home & Kitchen,In-Store,4,389.85,0.0,6.8,Standard,3.3,2026-01-21 17:33:21
CUST-12255,46,60.0,Silver,South,Home & Kitchen,Mobile App,1,430.39,0.15,7.0,Standard,2.8,2026-03-08 20:36:04
CUST-12256,53,91.9,Bronze,East,Books & Media,Web,3,303.08,0.0,,Standard,2.9,2026-03-24 15:02:31
CUST-12257,35,58.5,Silver,North,Health & Beauty,Mobile App,2,283.41,0.1,6.6,Standard,2.8,2026-01-29 03:34:19
CUST-12258,18,37.0,Bronze,West,Apparel,Mobile App,3,258.33,0.15,2.6,Express,4.0,2026-03-07 17:32:22
CUST-12259,43,85.1,Silver,West,Electronics,Web,3,1200.1,0.2,1.0,Same-Day,3.3,2026-01-28 03:18:39
CUST-12260,47,77.1,Silver,South,Apparel,Mobile App,6,486.05,0.05,7.4,Standard,3.3,2026-02-01 22:30:45
CUST-12261,46,83.3,Gold,West,Apparel,Web,4,467.25,0.25,1.4,Same-Day,4.4,2026-01-12 22:51:53
CUST-12262,58,74.1,Silver,South,Home & Kitchen,Mobile App,1,541.28,0.05,2.6,Express,4.2,2026-03-07 01:43:48
CUST-12263,26,32.5,Silver,East,Electronics,Web,5,1373.09,0.0,5.3,Standard,2.3,2026-02-15 12:21:54
CUST-12264,50,81.6,Bronze,North,Apparel,In-Store,1,435.98,0.05,1.0,Same-Day,3.2,2026-02-09 14:26:51
CUST-12265,57,82.9,Platinum,North,Books & Media,Mobile App,3,156.54,0.1,2.9,Express,4.5,2026-01-09 19:37:01
CUST-12266,18,54.2,Gold,East,Home & Kitchen,Web,5,710.87,0.05,5.5,Standard,3.9,2026-03-23 21:27:18
CUST-12267,45,73.3,Gold,West,Books & Media,Web,1,179.39,0.05,3.0,Express,4.0,2026-03-03 21:20:25
CUST-12268,33,64.4,Bronze,South,Books & Media,Web,5,139.31,0.05,7.5,Standard,3.1,2026-01-17 02:19:35
CUST-12269,39,43.5,Silver,North,Books & Media,Mobile App,4,143.43,0.05,7.6,Standard,3.2,2026-03-09 08:37:13
CUST-12270,45,102.8,Bronze,West,Home & Kitchen,Web,2,639.92,0.2,2.2,Express,4.0,2026-02-10 06:12:06
CUST-12271,34,59.9,Silver,West,Apparel,In-Store,1,266.9,0.05,3.2,Express,3.7,2026-02-04 16:28:56
CUST-12272,31,69.6,Bronze,East,Health & Beauty,In-Store,2,402.4,0.0,2.9,Express,3.7,2026-03-24 18:20:15
CUST-12273,41,57.6,Silver,East,Home & Kitchen,Mobile App,9,1131.61,0.1,5.2,Standard,3.0,2026-03-02 04:41:09
CUST-12274,25,57.1,Silver,West,Electronics,Web,1,698.62,0.0,1.1,Same-Day,4.0,2026-03-11 08:32:42
CUST-12275,25,33.0,Bronze,East,Apparel,Web,3,397.35,0.15,6.9,Standard,2.6,2026-01-04 07:31:21
CUST-12276,50,86.8,Silver,South,Home & Kitchen,Mobile App,1,469.24,0.0,7.6,Standard,2.6,2026-02-22 11:47:25
CUST-12277,24,46.1,Gold,North,Health & Beauty,Mobile App,1,158.93,0.0,5.4,Standard,3.9,2026-02-28 15:45:04
CUST-12278,50,80.4,Bronze,South,Electronics,Mobile App,4,1234.35,0.0,5.3,Standard,3.1,2026-02-05 17:27:56
CUST-12279,47,87.2,Gold,North,Electronics,Mobile App,1,1203.04,0.0,6.3,Standard,3.3,2026-03-07 21:49:11
CUST-12280,18,26.3,Bronze,South,Health & Beauty,Web,10,249.6,0.1,3.2,Express,3.8,2026-02-06 23:13:23
CUST-12281,31,48.8,Bronze,North,Health & Beauty,In-Store,2,242.49,0.05,1.4,Same-Day,4.1,2026-03-20 15:56:55
CUST-12282,57,94.6,Bronze,North,Apparel,Web,2,528.76,0.15,1.0,Same-Day,3.9,2026-03-28 14:41:23
CUST-12283,27,86.2,Gold,South,Apparel,Mobile App,1,258.65,0.05,2.5,Express,4.2,2026-02-13 11:51:14
CUST-12284,34,60.3,Bronze,North,Home & Kitchen,Mobile App,8,680.86,0.0,7.5,Standard,3.0,2026-03-05 18:21:23
CUST-12285,47,85.6,Gold,East,Apparel,Web,1,625.09,0.1,,Express,4.5,2026-02-21 05:36:23
CUST-12286,51,79.5,Silver,North,Health & Beauty,Mobile App,2,387.72,0.1,3.2,Express,3.7,2026-01-06 20:33:41
CUST-12287,37,94.8,Bronze,South,Electronics,Mobile App,2,947.63,0.15,7.4,Standard,2.5,2026-03-11 03:16:25
CUST-12288,32,34.0,Silver,South,Electronics,Mobile App,2,663.29,0.1,2.4,Express,3.7,2026-01-21 17:32:54
CUST-12289,60,92.4,Bronze,North,Electronics,Web,3,1512.27,0.0,7.1,Standard,2.8,2026-02-26 14:32:33
CUST-12290,65,72.1,Gold,North,Apparel,Web,3,535.56,0.1,5.1,Standard,3.4,2026-01-29 00:37:17
CUST-12291,54,46.8,Bronze,South,Electronics,Web,1,959.55,0.05,7.2,Standard,3.1,2026-03-27 03:25:42
CUST-12292,42,75.7,Bronze,East,Electronics,Web,2,1695.3,0.05,2.8,Express,3.9,2026-01-25 04:38:36
CUST-12293,29,59.0,Gold,North,Books & Media,In-Store,4,99.34,0.2,3.2,Express,4.4,2026-03-17 00:06:05
CUST-12294,29,52.6,Platinum,West,Electronics,Mobile App,2,785.32,0.05,7.6,Standard,3.4,2026-03-04 18:24:44
CUST-12295,48,76.2,Bronze,North,Health & Beauty,Web,1,309.82,0.1,2.3,Express,3.8,2026-01-22 15:47:24
CUST-12296,46,122.1,Gold,North,Apparel,In-Store,1,451.64,0.05,1.0,Same-Day,4.5,2026-02-04 02:50:16
CUST-12297,60,87.1,Bronze,East,Home & Kitchen,Mobile App,1,1017.86,0.0,0.7,Same-Day,4.2,2026-02-06 18:29:58
CUST-12298,50,87.7,Gold,East,Apparel,Web,1,686.16,0.05,7.4,Standard,3.4,2026-02-11 04:40:15
CUST-12299,19,36.2,Silver,North,Apparel,Web,2,235.36,0.05,7.2,Standard,2.9,2026-03-23 01:32:54
CUST-12300,55,89.9,Bronze,East,Home & Kitchen,Web,2,1042.96,0.05,3.2,Express,3.6,2026-03-21 04:49:54
CUST-12301,27,51.1,Bronze,East,Home & Kitchen,In-Store,1,550.42,0.05,6.7,Standard,3.4,2026-02-13 00:38:55
CUST-12302,35,57.3,Bronze,South,Books & Media,Mobile App,3,98.47,0.15,5.7,Standard,2.9,2026-01-23 03:27:28
CUST-12303,44,100.7,Bronze,West,Books & Media,In-Store,12,217.65,0.0,5.1,Standard,3.2,2026-01-15 18:17:00
CUST-12304,68,117.5,Bronze,West,Home & Kitchen,Web,8,1001.66,0.0,2.4,Express,4.1,2026-01-21 23:09:59
CUST-12305,75,109.6,Silver,South,Apparel,In-Store,5,589.31,0.15,2.9,Express,3.4,2026-02-21 10:58:44
CUST-12306,49,44.3,Platinum,East,Health & Beauty,Web,1,436.99,0.2,7.5,Standard,3.5,2026-01-05 01:51:41
CUST-12307,38,61.4,Bronze,West,Home & Kitchen,In-Store,1,431.31,0.05,5.9,Standard,3.4,2026-02-16 23:01:44
CUST-12308,48,118.3,Silver,North,Health & Beauty,In-Store,5,453.88,0.15,3.1,Express,3.1,2026-01-19 03:42:19
CUST-12309,53,79.8,Silver,North,Books & Media,Web,1,147.14,0.0,6.1,Standard,3.3,2026-03-13 02:49:25
CUST-12310,36,81.1,Gold,South,Electronics,Mobile App,1,847.17,0.0,5.8,Standard,3.5,2026-03-22 01:42:20
CUST-12311,66,119.2,Silver,South,Apparel,Mobile App,2,543.84,0.15,6.4,Standard,3.2,2026-02-04 13:13:49
CUST-12312,44,76.7,Silver,North,Home & Kitchen,In-Store,1,474.47,0.2,6.2,Standard,2.7,2026-03-18 04:12:49
CUST-12313,47,64.1,Silver,East,Books & Media,Web,5,243.4,0.0,7.5,Standard,3.3,2026-01-07 10:00:26
CUST-12314,50,43.5,Bronze,East,Home & Kitchen,Mobile App,4,869.53,0.0,2.7,Express,3.3,2026-02-11 03:31:35
CUST-12315,46,85.9,Bronze,West,Books & Media,In-Store,4,173.63,0.0,2.5,Express,4.0,2026-01-10 22:24:34
CUST-12316,52,70.0,Bronze,East,Apparel,Mobile App,4,758.38,0.0,7.3,Standard,2.5,2026-03-04 03:09:15
CUST-12317,32,62.8,Bronze,North,Electronics,Web,1,805.1,0.1,7.7,Standard,3.4,2026-03-06 22:14:28
CUST-12318,33,42.6,Silver,North,Electronics,In-Store,4,939.62,0.05,6.8,Standard,3.0,2026-01-13 01:50:06
CUST-12319,25,48.5,Bronze,East,Home & Kitchen,Web,2,523.06,0.05,2.5,Express,4.4,2026-01-28 20:28:06
CUST-12320,47,77.2,Silver,South,Home & Kitchen,Mobile App,3,552.54,0.05,5.6,Standard,2.9,2026-02-28 02:16:33
CUST-12321,51,85.1,Bronze,East,Apparel,Web,1,647.89,0.15,5.2,Standard,3.1,2026-02-25 18:41:47
CUST-12322,47,60.0,Platinum,West,Home & Kitchen,Web,3,582.99,0.0,2.3,Express,5.0,2026-01-19 02:53:04
CUST-12323,64,113.4,Gold,North,Electronics,Mobile App,9,2045.72,0.1,3.1,Express,3.6,2026-03-06 17:39:52
CUST-12324,40,60.0,Bronze,West,Electronics,Mobile App,1,919.26,0.2,5.3,Standard,3.0,2026-02-27 02:22:07
CUST-12325,50,54.9,Bronze,West,Home & Kitchen,Mobile App,1,562.19,0.0,6.3,Standard,3.2,2026-02-19 18:06:07
CUST-12326,25,50.9,Silver,East,Apparel,Mobile App,1,379.74,0.15,0.8,Same-Day,3.7,2026-03-28 18:49:42
CUST-12327,35,64.0,Bronze,West,Home & Kitchen,Web,2,447.78,0.1,1.3,Same-Day,4.1,2026-03-23 03:58:28
CUST-12328,50,82.4,Bronze,North,Books & Media,Web,1,130.4,0.0,5.5,Standard,3.3,2026-02-15 03:35:51
CUST-12329,52,102.6,Bronze,South,Books & Media,Mobile App,4,143.07,0.0,2.6,Express,3.2,2026-03-04 02:05:09
CUST-12330,36,61.1,Gold,West,Electronics,Web,2,992.33,0.1,2.5,Express,4.6,2026-03-07 05:01:00
CUST-12331,39,66.1,Gold,West,Apparel,Mobile App,2,382.73,0.05,0.6,Same-Day,4.2,2026-02-24 16:44:37
CUST-12332,19,29.4,Silver,North,Books & Media,Mobile App,3,77.3,0.05,5.8,Standard,3.4,2026-02-07 18:31:27
CUST-12333,36,76.9,Silver,South,Books & Media,In-Store,2,155.27,0.0,2.8,Express,3.7,2026-01-04 18:52:06
CUST-12334,53,86.1,Platinum,East,Books & Media,Mobile App,2,285.14,0.1,2.2,Express,4.5,2026-01-15 19:43:16
CUST-12335,49,72.6,Platinum,West,Apparel,Web,4,468.93,0.0,6.1,Standard,3.6,2026-01-21 19:04:55
CUST-12336,48,49.2,Platinum,South,Electronics,In-Store,4,1060.1,0.05,2.4,Express,4.8,2026-01-22 02:18:47
CUST-12337,41,91.8,Bronze,North,Home & Kitchen,In-Store,1,536.8,0.05,7.6,Standard,2.5,2026-02-20 18:01:45
CUST-12338,41,51.7,Bronze,East,Books & Media,Mobile App,1,151.61,0.1,6.6,Standard,3.4,2026-03-27 18:42:56
CUST-12339,31,50.2,Silver,North,Apparel,In-Store,1,318.85,0.0,7.3,Standard,3.3,2026-03-20 00:22:23
CUST-12340,50,85.4,Silver,East,Electronics,Mobile App,2,1894.72,0.0,0.6,Same-Day,4.7,2026-02-04 17:39:34
CUST-12341,46,57.7,Bronze,West,Home & Kitchen,Mobile App,1,532.36,0.0,7.2,Standard,3.0,2026-01-04 20:03:08
CUST-12342,47,54.3,Bronze,West,Apparel,Web,3,430.11,0.0,2.6,Express,3.6,2026-02-01 13:03:41
CUST-12343,33,29.4,Gold,South,Electronics,Mobile App,5,856.5,0.0,2.4,Express,4.2,2026-01-13 05:10:02
CUST-12344,18,55.6,Gold,West,Electronics,Web,1,650.05,0.1,7.1,Standard,3.3,2026-02-23 19:45:43
CUST-12345,56,78.4,Bronze,East,Apparel,Web,2,678.16,0.1,7.1,Standard,3.0,2026-01-31 04:40:03
CUST-12346,34,106.3,Gold,East,Home & Kitchen,Web,2,847.61,0.1,3.2,Express,4.3,2026-01-09 23:19:31
CUST-12347,28,40.9,Silver,South,Apparel,Web,2,225.33,0.05,1.3,Same-Day,4.4,2026-01-19 17:57:43
CUST-12348,50,66.2,Gold,East,Electronics,Web,3,1923.47,0.0,5.4,Standard,3.7,2026-03-21 17:13:53
CUST-12349,35,55.0,Bronze,West,Electronics,Mobile App,6,1194.64,0.2,5.9,Standard,2.6,2026-01-31 02:59:54
CUST-12350,55,89.1,Bronze,East,Apparel,Web,1,653.97,0.0,6.2,Standard,2.9,2026-03-07 06:34:12
CUST-12351,49,71.8,Bronze,North,Home & Kitchen,In-Store,1,593.09,0.1,5.3,Standard,3.8,2026-02-14 17:58:23
CUST-12352,50,89.2,Silver,West,Electronics,Web,3,1358.38,0.2,7.1,Standard,2.4,2026-01-23 15:44:06
CUST-12353,21,33.4,Silver,West,Home & Kitchen,Mobile App,2,285.33,0.1,6.4,Standard,3.3,2026-03-17 20:13:18
CUST-12354,57,67.0,Bronze,West,Electronics,Web,1,1211.78,0.0,7.6,Standard,2.7,2026-01-05 20:48:58
CUST-12355,44,46.4,Platinum,South,Electronics,Web,1,798.86,0.0,6.6,Standard,3.6,2026-03-26 03:02:26
CUST-12356,35,30.1,Bronze,North,Electronics,Web,2,808.15,0.0,2.7,Express,3.9,2026-03-08 22:14:49
CUST-12357,43,64.5,Bronze,North,Electronics,Mobile App,1,1009.93,0.1,0.5,Same-Day,4.7,2026-03-07 13:20:26
CUST-12358,18,40.3,Silver,South,Home & Kitchen,Mobile App,12,554.72,0.1,5.4,Standard,3.3,2026-02-13 05:01:17
CUST-12359,46,66.1,Silver,South,Apparel,Web,2,341.93,0.1,3.0,Express,3.6,2026-03-25 20:20:29
CUST-12360,26,72.3,Bronze,West,Books & Media,Web,1,58.61,0.0,7.7,Standard,2.4,2026-01-03 02:56:27
CUST-12361,22,67.6,Gold,South,Electronics,Web,3,754.53,0.15,1.1,Same-Day,4.5,2026-02-18 02:09:28
CUST-12362,19,40.9,Silver,East,Electronics,In-Store,1,799.47,0.1,3.0,Express,3.2,2026-02-27 13:26:08
CUST-12363,56,59.7,Silver,West,Apparel,Mobile App,2,444.53,0.0,2.8,Express,3.6,2026-02-09 08:53:38
CUST-12364,32,51.7,Silver,South,Books & Media,Web,2,49.56,0.0,7.6,Standard,2.8,2026-02-22 14:46:38
CUST-12365,62,84.2,Bronze,East,Apparel,Web,2,779.05,0.1,2.4,Express,2.9,2026-03-01 06:18:20
CUST-12366,33,51.4,Silver,East,Apparel,In-Store,4,546.59,0.05,6.5,Standard,3.5,2026-03-10 03:52:44
CUST-12367,18,34.3,Gold,West,Apparel,Web,1,194.13,0.0,6.1,Standard,3.2,2026-03-04 16:11:37
CUST-12368,25,42.7,Bronze,North,Electronics,Mobile App,6,1010.1,0.0,6.5,Standard,3.0,2026-02-06 01:48:06
CUST-12369,58,83.0,Bronze,West,Health & Beauty,Web,4,455.87,0.15,2.5,Express,3.9,2026-02-10 01:15:44
CUST-12370,38,57.3,Gold,North,Home & Kitchen,Mobile App,1,411.32,0.0,2.7,Express,4.7,2026-01-06 08:07:24
CUST-12371,33,64.4,Bronze,South,Books & Media,In-Store,1,93.16,0.0,6.7,Standard,2.7,2026-01-14 21:56:25
CUST-12372,43,77.7,Silver,North,Home & Kitchen,In-Store,1,581.08,0.15,2.3,Express,2.9,2026-03-21 02:36:51
CUST-12373,48,64.1,Platinum,East,Apparel,Mobile App,1,587.8,0.1,7.0,Standard,4.2,2026-02-02 17:24:05
CUST-12374,56,105.7,Bronze,South,Electronics,Web,2,1242.63,0.1,6.9,Standard,2.5,2026-01-20 04:23:48
CUST-12375,61,77.4,Bronze,East,Home & Kitchen,Mobile App,1,1003.06,0.05,3.1,Express,3.8,2026-03-18 02:46:54
CUST-12376,35,39.2,Gold,East,Electronics,Web,6,1691.96,0.05,6.1,Standard,3.7,2026-02-12 08:39:19
CUST-12377,22,54.9,Gold,East,Apparel,In-Store,1,328.93,0.1,5.2,Standard,2.6,2026-02-24 04:17:17
CUST-12378,35,51.2,Silver,North,Home & Kitchen,Mobile App,1,438.65,0.2,6.2,Standard,2.5,2026-03-14 10:20:19
CUST-12379,44,78.2,Silver,East,Books & Media,Mobile App,1,219.48,0.0,2.3,Express,3.6,2026-03-25 04:59:39
CUST-12380,27,22.0,Gold,East,Home & Kitchen,Web,1,418.62,0.0,6.7,Standard,2.6,2026-03-02 19:07:17
CUST-12381,27,75.6,Silver,West,Home & Kitchen,Mobile App,5,541.99,0.0,0.5,Same-Day,3.6,2026-01-14 02:18:46
CUST-12382,45,84.6,Bronze,West,Electronics,In-Store,3,1239.96,0.1,6.0,Standard,3.2,2026-02-12 03:48:00
CUST-12383,40,46.5,Bronze,North,Apparel,Mobile App,1,276.71,0.05,2.3,Express,3.8,2026-01-18 18:29:32
CUST-12384,41,47.9,Silver,South,Electronics,Web,5,999.63,0.0,5.0,Standard,3.4,2026-03-13 20:26:38
CUST-12385,30,83.1,Gold,North,Home & Kitchen,Web,4,516.66,0.05,7.6,Standard,3.5,2026-03-27 23:35:47
CUST-12386,37,54.6,Gold,East,Health & Beauty,Web,4,467.06,0.0,3.2,Express,3.5,2026-03-07 00:35:22
CUST-12387,28,43.3,Platinum,East,Apparel,In-Store,5,513.79,0.0,6.5,Standard,3.5,2026-02-17 18:25:51
CUST-12388,53,49.3,Gold,South,Electronics,In-Store,3,1051.68,0.2,5.6,Standard,4.0,2026-03-26 07:19:13
CUST-12389,55,80.2,Silver,East,Apparel,In-Store,2,703.54,0.1,7.5,Standard,3.4,2026-02-06 02:51:27
CUST-12390,18,41.4,Bronze,South,Books & Media,Mobile App,2,86.05,0.0,7.5,Standard,2.5,2026-03-28 18:40:20
CUST-12391,27,65.4,Gold,East,Home & Kitchen,Mobile App,1,599.44,0.0,7.3,Standard,3.5,2026-03-23 01:58:43
CUST-12392,20,26.0,Silver,South,Electronics,Mobile App,2,532.63,0.0,2.7,Express,4.0,2026-02-14 21:13:36
CUST-12393,31,36.3,Silver,West,Health & Beauty,Mobile App,6,294.01,0.1,2.3,Express,3.9,2026-01-11 04:32:06
CUST-12394,39,74.7,Bronze,West,Books & Media,Mobile App,3,180.71,0.05,5.2,Standard,3.2,2026-01-09 19:08:11
CUST-12395,20,62.1,Gold,North,Electronics,Web,6,1005.92,0.25,7.4,Standard,3.1,2026-02-15 17:22:50
CUST-12396,28,32.2,Silver,North,Health & Beauty,Mobile App,2,193.3,0.1,7.4,Standard,3.6,2026-01-17 13:44:36
CUST-12397,26,69.8,Bronze,West,Apparel,Web,3,329.22,0.05,,Standard,3.1,2026-03-09 07:29:38
CUST-12398,43,72.9,Silver,North,Apparel,Web,3,388.75,0.15,2.5,Express,3.9,2026-02-02 20:52:27
CUST-12399,41,86.5,Silver,North,Apparel,In-Store,3,422.3,0.1,2.8,Express,3.8,2026-03-06 17:49:58
CUST-12400,30,56.9,Bronze,East,Books & Media,In-Store,3,185.43,0.0,7.2,Standard,2.6,2026-01-20 22:41:06
CUST-12401,43,34.5,Gold,East,Home & Kitchen,Mobile App,1,684.23,0.05,7.0,Standard,3.5,2026-03-07 18:27:44
CUST-12402,33,59.0,Bronze,West,Electronics,Web,1,827.23,0.05,2.8,Express,3.6,2026-01-16 17:57:56
CUST-12403,37,81.6,Bronze,East,Health & Beauty,In-Store,9,732.04,0.05,5.6,Standard,3.1,2026-03-15 01:30:51
CUST-12404,64,82.0,Bronze,North,Electronics,Mobile App,1,1381.13,0.0,5.7,Standard,3.3,2026-01-14 14:25:16
CUST-12405,59,84.1,Silver,East,Books & Media,Web,2,221.89,0.0,2.9,Express,3.4,2026-01-01 23:35:36
CUST-12406,22,46.6,Platinum,West,Home & Kitchen,Mobile App,2,376.55,0.0,3.0,Express,4.1,2026-02-04 20:58:13
CUST-12407,52,38.7,Gold,East,Electronics,Mobile App,2,1681.19,0.0,5.3,Standard,3.9,2026-03-23 23:46:42
CUST-12408,52,107.3,Platinum,North,Electronics,Mobile App,4,1524.37,0.2,0.6,Same-Day,4.8,2026-01-01 19:35:51
CUST-12409,24,37.9,Bronze,East,Health & Beauty,In-Store,4,344.24,0.1,6.8,Standard,2.9,2026-02-13 00:51:50
CUST-12410,52,89.8,Bronze,East,Apparel,Web,6,867.27,0.1,2.6,Express,3.1,2026-03-10 14:10:54
CUST-12411,62,91.9,Silver,East,Home & Kitchen,Web,2,1153.95,0.05,6.5,Standard,3.4,2026-03-16 20:11:56
CUST-12412,25,71.4,Bronze,South,Apparel,Web,2,269.13,0.1,2.8,Express,3.9,2026-03-29 17:44:03
CUST-12413,28,61.9,Gold,East,Books & Media,Web,6,174.69,0.25,3.0,Express,4.4,2026-02-24 21:01:21
CUST-12414,55,82.0,Silver,North,Apparel,Web,12,625.67,0.05,7.2,Standard,3.0,2026-01-16 21:39:48
CUST-12415,44,60.0,Platinum,East,Apparel,Web,9,845.31,0.1,2.5,Express,4.1,2026-03-09 01:03:16
CUST-12416,48,89.8,Bronze,East,Apparel,Web,3,691.73,0.05,2.7,Express,3.8,2026-03-05 01:31:34
CUST-12417,45,46.4,Silver,West,Books & Media,Web,1,117.42,0.15,5.3,Standard,3.0,2026-03-13 21:40:45
CUST-12418,46,85.3,Silver,West,Apparel,Web,1,385.92,0.15,3.0,Express,3.3,2026-01-22 17:33:52
CUST-12419,22,32.7,Bronze,South,Electronics,Web,5,713.36,0.2,1.3,Same-Day,4.1,2026-02-26 00:54:31
CUST-12420,55,104.3,Silver,South,Health & Beauty,Mobile App,5,387.39,0.0,2.5,Express,4.3,2026-02-22 06:04:37
CUST-12421,57,90.1,Bronze,North,Books & Media,Mobile App,4,173.02,0.0,5.4,Standard,3.8,2026-03-22 17:04:56
CUST-12422,37,75.4,Bronze,North,Electronics,Web,1,984.01,0.0,5.2,Standard,3.5,2026-01-27 14:54:30
CUST-12423,40,70.2,Bronze,West,Health & Beauty,Mobile App,3,334.58,0.05,6.6,Standard,3.0,2026-03-05 18:03:24
CUST-12424,19,22.0,Bronze,West,Home & Kitchen,In-Store,1,208.92,0.05,5.2,Standard,3.2,2026-02-14 21:50:09
CUST-12425,48,64.9,Silver,South,Electronics,In-Store,2,983.32,0.0,6.8,Standard,2.7,2026-03-08 19:40:58
CUST-12426,49,89.0,Bronze,North,Apparel,Web,2,460.78,0.1,6.8,Standard,2.9,2026-01-27 03:11:48
CUST-12427,40,71.5,Bronze,North,Home & Kitchen,Mobile App,6,690.26,0.0,6.7,Standard,3.3,2026-01-13 22:34:01
CUST-12428,56,104.3,Bronze,East,Books & Media,Web,1,284.83,0.15,7.4,Standard,3.5,2026-03-22 18:36:26
CUST-12429,36,70.6,Bronze,East,Apparel,Web,3,552.68,0.0,6.0,Standard,2.8,2026-01-31 05:33:11
CUST-12430,48,63.3,Bronze,South,Apparel,Web,2,383.38,0.05,3.1,Express,2.9,2026-03-19 15:54:55
CUST-12431,26,41.7,Bronze,West,Apparel,Web,3,240.34,0.1,2.2,Express,3.6,2026-01-30 15:44:52
CUST-12432,40,70.5,Silver,West,Home & Kitchen,Mobile App,2,522.38,0.1,5.3,Standard,3.6,2026-02-13 18:27:15
CUST-12433,38,32.1,Silver,East,Electronics,Mobile App,6,1734.79,0.0,6.1,Standard,3.8,2026-02-17 14:58:15
CUST-12434,44,98.5,Silver,South,Electronics,Mobile App,1,971.95,0.15,6.6,Standard,3.5,2026-01-10 03:06:02
CUST-12435,35,70.1,Gold,East,Home & Kitchen,Web,1,746.37,0.05,5.1,Standard,4.2,2026-02-17 19:59:24
CUST-12436,39,86.3,Silver,South,Books & Media,Web,4,169.69,0.15,6.5,Standard,2.7,2026-02-26 02:52:17
CUST-12437,52,58.5,Silver,East,Apparel,Web,2,656.32,0.15,2.5,Express,3.5,2026-03-10 03:39:38
CUST-12438,34,81.1,Gold,South,Apparel,Web,1,272.83,0.05,7.4,Standard,2.9,2026-01-06 17:56:41
CUST-12439,18,78.3,Bronze,North,Apparel,In-Store,2,272.35,0.2,1.2,Same-Day,3.8,2026-03-06 23:51:39
CUST-12440,65,76.7,Silver,East,Apparel,Mobile App,3,840.64,0.15,6.6,Standard,3.3,2026-03-30 23:10:31
CUST-12441,60,102.6,Bronze,North,Health & Beauty,In-Store,1,375.85,0.2,7.6,Standard,3.4,2026-03-09 04:43:59
CUST-12442,22,49.2,Bronze,West,Books & Media,Mobile App,1,75.01,0.15,3.0,Express,3.8,2026-01-21 10:31:49
CUST-12443,50,56.8,Gold,East,Electronics,Web,4,1964.35,0.15,,Express,4.1,2026-03-19 19:49:48
CUST-12444,33,68.7,Bronze,South,Apparel,Web,2,259.77,0.05,2.7,Express,3.3,2026-01-31 04:49:02
CUST-12445,44,85.9,Bronze,West,Home & Kitchen,Mobile App,1,563.62,0.0,0.8,Same-Day,4.0,2026-02-26 17:31:07
CUST-12446,45,65.5,Bronze,West,Home & Kitchen,Web,1,475.88,0.2,5.5,Standard,3.3,2026-02-24 16:58:51
CUST-12447,37,83.2,Bronze,East,Apparel,In-Store,3,590.79,0.1,2.3,Express,3.3,2026-01-03 00:30:04
CUST-12448,30,33.0,Bronze,West,Books & Media,Mobile App,1,72.96,0.0,5.8,Standard,3.5,2026-02-17 19:47:56
CUST-12449,31,36.7,Silver,South,Books & Media,Web,5,121.02,0.0,3.0,Express,3.5,2026-01-22 22:19:19
CUST-12450,28,57.8,Gold,West,Apparel,Mobile App,3,301.78,0.1,5.7,Standard,4.0,2026-01-14 03:53:43
CUST-12451,29,57.3,Gold,South,Books & Media,In-Store,2,95.46,0.05,5.4,Standard,3.7,2026-03-30 23:05:24
CUST-12452,40,58.3,Bronze,South,Books & Media,Mobile App,6,122.79,0.0,2.4,Express,3.9,2026-02-12 23:49:05
CUST-12453,30,70.1,Platinum,East,Books & Media,Mobile App,2,159.18,0.0,6.8,Standard,3.6,2026-03-16 18:48:27
CUST-12454,50,88.0,Silver,East,Health & Beauty,Web,1,555.36,0.1,6.7,Standard,2.9,2026-03-16 03:17:22
CUST-12455,61,105.0,Bronze,South,Apparel,Mobile App,3,465.54,0.0,6.9,Standard,3.2,2026-02-19 02:55:23
CUST-12456,32,58.4,Gold,West,Apparel,Web,2,335.98,0.05,2.5,Express,4.2,2026-02-06 17:20:09
CUST-12457,44,82.4,Silver,East,Health & Beauty,Web,1,475.92,0.1,1.4,Same-Day,3.6,2026-03-30 19:02:09
CUST-12458,47,70.0,Silver,East,Books & Media,Mobile App,1,192.24,0.1,2.7,Express,3.8,2026-02-05 03:40:32
CUST-12459,47,107.5,Bronze,North,Health & Beauty,Web,2,344.48,0.0,2.7,Express,3.8,2026-01-19 20:27:08
CUST-12460,42,59.0,Silver,South,Electronics,Mobile App,1,823.64,0.0,7.6,Standard,3.3,2026-01-28 21:27:17
CUST-12461,51,112.7,Gold,East,Home & Kitchen,In-Store,3,1090.75,0.05,7.6,Standard,3.7,2026-02-26 20:31:02
CUST-12462,47,77.2,Silver,East,Electronics,Web,3,1899.53,0.1,6.8,Standard,3.0,2026-03-02 16:38:32
CUST-12463,23,29.7,Silver,South,Apparel,Mobile App,2,214.98,0.0,3.1,Express,3.5,2026-02-12 19:23:09
CUST-12464,53,103.8,Silver,North,Electronics,Mobile App,2,1376.53,0.05,6.5,Standard,3.0,2026-03-02 03:53:26
CUST-12465,53,85.2,Gold,North,Electronics,Web,2,1300.09,0.15,5.8,Standard,3.5,2026-01-10 22:06:34
CUST-12466,30,70.8,Bronze,North,Electronics,Mobile App,1,841.26,0.2,5.9,Standard,3.3,2026-03-20 22:18:17
CUST-12467,41,88.5,Silver,West,Home & Kitchen,Mobile App,1,550.85,0.05,2.8,Express,4.1,2026-03-08 16:00:06
CUST-12468,50,85.1,Bronze,North,Apparel,Mobile App,1,442.77,0.0,6.6,Standard,3.4,2026-01-24 16:32:06
CUST-12469,38,57.9,Silver,West,Electronics,In-Store,1,870.99,0.0,2.6,Express,3.6,2026-03-15 12:32:21
CUST-12470,56,101.2,Silver,East,Apparel,Mobile App,2,762.07,0.0,3.1,Express,3.5,2026-02-13 09:10:09
CUST-12471,74,106.4,Bronze,North,Electronics,In-Store,4,1865.81,0.0,2.6,Express,3.6,2026-01-30 22:58:59
CUST-12472,29,67.2,Silver,West,Health & Beauty,Mobile App,2,218.78,0.05,0.6,Same-Day,3.4,2026-02-14 21:59:26
CUST-12473,21,22.0,Bronze,South,Apparel,Web,7,288.03,0.05,5.0,Standard,2.9,2026-03-30 18:22:44
CUST-12474,45,81.2,Bronze,West,Apparel,Mobile App,5,486.53,0.0,3.2,Express,3.6,2026-03-02 07:49:03
CUST-12475,51,71.5,Bronze,South,Books & Media,Web,10,179.09,0.15,3.0,Express,3.8,2026-02-22 21:44:11
CUST-12476,37,90.5,Bronze,South,Home & Kitchen,Mobile App,5,610.37,0.1,2.8,Express,3.9,2026-01-26 03:27:02
CUST-12477,61,101.4,Bronze,East,Home & Kitchen,Mobile App,3,1184.73,0.05,,Express,3.4,2026-03-17 17:53:54
CUST-12478,22,52.8,Bronze,South,Home & Kitchen,Mobile App,3,383.48,0.25,7.2,Standard,2.7,2026-01-04 18:46:47
CUST-12479,50,87.3,Silver,West,Health & Beauty,Web,1,344.1,0.1,3.1,Express,3.5,2026-03-26 00:16:42
CUST-12480,32,45.2,Gold,South,Electronics,Mobile App,3,802.94,0.2,6.0,Standard,3.5,2026-03-15 08:09:02
CUST-12481,65,120.8,Silver,West,Health & Beauty,Web,3,470.53,0.0,1.2,Same-Day,4.2,2026-01-31 09:07:24
CUST-12482,68,129.7,Bronze,North,Books & Media,Mobile App,2,199.75,0.0,,Express,3.3,2026-01-19 16:52:25
CUST-12483,30,63.9,Platinum,West,Home & Kitchen,Mobile App,3,484.62,0.05,3.2,Express,4.1,2026-01-02 17:08:39
CUST-12484,33,85.2,Silver,East,Home & Kitchen,In-Store,2,781.88,0.05,3.2,Express,3.5,2026-01-04 23:18:06
CUST-12485,53,74.8,Bronze,East,Home & Kitchen,Web,2,974.25,0.0,7.1,Standard,2.4,2026-03-21 02:49:45
CUST-12486,35,51.5,Gold,West,Electronics,Mobile App,2,911.72,0.1,6.2,Standard,2.9,2026-02-07 19:07:33
CUST-12487,40,69.6,Bronze,North,Electronics,Mobile App,3,1084.91,0.0,2.7,Express,3.2,2026-02-02 17:58:09
CUST-12488,41,76.6,Silver,North,Health & Beauty,In-Store,5,350.32,0.1,6.2,Standard,3.0,2026-01-19 03:04:02
CUST-12489,18,38.9,Silver,North,Home & Kitchen,Mobile App,5,422.98,0.05,5.8,Standard,3.4,2026-02-01 16:13:55
CUST-12490,40,77.1,Bronze,West,Apparel,Web,4,385.69,0.1,2.7,Express,3.9,2026-03-19 02:44:27
CUST-12491,31,63.7,Gold,West,Books & Media,Mobile App,1,110.83,0.05,5.1,Standard,4.3,2026-03-22 05:32:10
CUST-12492,34,47.4,Bronze,East,Home & Kitchen,Mobile App,6,863.09,0.25,3.2,Express,3.7,2026-02-02 17:42:50
CUST-12493,61,99.9,Bronze,South,Electronics,Mobile App,1,1268.15,0.0,6.1,Standard,3.2,2026-02-03 14:43:31
CUST-12494,23,63.3,Platinum,South,Books & Media,In-Store,6,125.47,0.25,3.1,Express,4.5,2026-02-21 06:37:07
CUST-12495,52,84.8,Gold,West,Books & Media,Web,1,136.21,0.0,2.9,Express,4.1,2026-03-04 18:11:19
CUST-12496,37,83.0,Silver,East,Electronics,In-Store,2,1599.12,0.1,5.8,Standard,3.9,2026-03-19 18:02:04
CUST-12497,37,47.4,Silver,East,Health & Beauty,Web,4,442.32,0.05,5.6,Standard,3.3,2026-02-16 22:39:40
CUST-12498,52,89.2,Bronze,North,Apparel,In-Store,3,505.7,0.15,7.7,Standard,2.9,2026-03-07 17:28:12
CUST-12499,45,56.9,Gold,North,Apparel,In-Store,2,324.79,0.15,1.3,Same-Day,4.1,2026-01-14 07:21:10
CUST-12500,48,61.1,Bronze,South,Electronics,Mobile App,3,1059.14,0.15,5.7,Standard,3.3,2026-02-21 12:33:57
CUST-12501,54,74.9,Bronze,East,Home & Kitchen,Mobile App,2,948.61,0.0,5.2,Standard,3.5,2026-02-21 22:05:33
CUST-12502,36,50.5,Silver,North,Apparel,Web,1,306.72,0.15,2.9,Express,4.1,2026-02-13 00:34:43
CUST-12503,32,52.0,Bronze,North,Apparel,Web,3,340.01,0.0,5.8,Standard,3.4,2026-03-02 22:38:02
CUST-12504,25,49.3,Bronze,West,Books & Media,Web,1,43.47,0.0,1.0,Same-Day,4.0,2026-03-22 23:15:14
CUST-12505,29,69.5,Bronze,North,Electronics,Web,3,952.07,0.0,1.3,Same-Day,3.9,2026-01-04 07:30:59
CUST-12506,75,102.7,Bronze,East,Books & Media,Mobile App,1,314.07,0.05,6.8,Standard,3.0,2026-03-10 04:48:59
CUST-12507,58,65.0,Bronze,West,Home & Kitchen,Web,2,649.14,0.1,2.7,Express,3.8,2026-02-28 19:43:32
CUST-12508,22,66.3,Bronze,South,Health & Beauty,In-Store,2,191.85,0.0,7.5,Standard,3.3,2026-02-24 00:14:55
CUST-12509,22,36.6,Bronze,West,Home & Kitchen,Mobile App,1,261.1,0.0,2.9,Express,4.1,2026-03-10 08:45:59
CUST-12510,47,75.8,Silver,South,Electronics,Mobile App,2,1010.87,0.1,3.1,Express,3.9,2026-01-02 21:00:42
CUST-12511,48,84.5,Gold,North,Electronics,Mobile App,3,1262.93,0.25,5.5,Standard,4.4,2026-03-09 16:57:56
CUST-12512,48,80.8,Silver,East,Health & Beauty,Web,8,716.46,0.1,5.8,Standard,2.2,2026-02-14 02:43:09
CUST-12513,37,82.1,Silver,North,Books & Media,Web,5,154.8,0.1,1.0,Same-Day,3.9,2026-02-07 17:19:56
CUST-12514,39,75.1,Bronze,West,Apparel,Web,3,401.16,0.05,5.8,Standard,3.2,2026-03-02 03:22:02
CUST-12515,45,61.6,Bronze,West,Home & Kitchen,Mobile App,2,502.52,0.15,3.2,Express,3.4,2026-01-27 19:19:45
CUST-12516,42,103.9,Bronze,East,Apparel,Mobile App,2,663.78,0.25,7.6,Standard,2.5,2026-01-16 05:31:52
CUST-12517,18,47.7,Silver,West,Health & Beauty,Web,1,179.16,0.05,7.1,Standard,2.3,2026-02-08 21:45:47
CUST-12518,37,63.5,Silver,East,Health & Beauty,Mobile App,2,380.34,0.05,2.7,Express,3.6,2026-02-08 04:47:40
CUST-12519,29,71.4,Silver,East,Health & Beauty,Web,5,464.38,0.15,7.1,Standard,3.2,2026-02-24 01:24:13
CUST-12520,43,76.0,Bronze,West,Health & Beauty,Mobile App,2,281.22,0.2,2.8,Express,4.0,2026-03-05 06:46:52
CUST-12521,75,113.5,Bronze,West,Health & Beauty,Mobile App,2,488.09,0.0,5.0,Standard,3.0,2026-02-28 02:07:32
CUST-12522,46,113.0,Gold,South,Electronics,Mobile App,1,1080.61,0.05,6.4,Standard,3.6,2026-03-04 02:52:32
CUST-12523,36,60.5,Bronze,West,Books & Media,In-Store,1,120.46,0.15,1.2,Same-Day,4.5,2026-03-19 18:32:35
CUST-12524,53,78.5,Silver,North,Home & Kitchen,Mobile App,1,609.52,0.05,2.5,Express,3.2,2026-01-18 23:44:22
CUST-12525,47,78.4,Silver,West,Health & Beauty,Mobile App,3,391.49,0.05,0.6,Same-Day,4.0,2026-01-29 18:29:54
CUST-12526,46,91.7,Silver,North,Home & Kitchen,Web,2,614.3,0.1,1.0,Same-Day,4.1,2026-03-12 10:02:54
CUST-12527,49,56.3,Gold,East,Electronics,Mobile App,3,1822.58,0.0,0.8,Same-Day,4.6,2026-02-27 02:23:53
CUST-12528,69,71.4,Gold,South,Home & Kitchen,Mobile App,2,637.66,0.0,0.6,Same-Day,4.9,2026-01-24 17:11:00
CUST-12529,25,43.7,Silver,West,Home & Kitchen,Web,4,401.59,0.25,6.9,Standard,2.4,2026-02-07 21:30:26
CUST-12530,47,52.2,Silver,South,Apparel,Mobile App,4,402.53,0.1,0.7,Same-Day,3.7,2026-01-06 18:06:50
CUST-12531,28,49.4,Bronze,West,Apparel,Web,4,361.78,0.15,6.0,Standard,3.4,2026-01-20 17:39:31
CUST-12532,48,85.3,Platinum,East,Home & Kitchen,Web,2,955.13,0.15,7.2,Standard,3.2,2026-02-11 14:16:20
CUST-12533,28,42.4,Silver,North,Apparel,In-Store,2,275.48,0.1,6.4,Standard,3.3,2026-03-15 19:49:43
CUST-12534,35,42.1,Bronze,East,Apparel,Mobile App,7,626.44,0.15,6.0,Standard,3.3,2026-01-22 14:09:19
CUST-12535,36,65.6,Bronze,West,Electronics,Web,1,937.42,0.0,3.1,Express,3.9,2026-02-02 23:14:26
CUST-12536,54,97.3,Bronze,East,Health & Beauty,Mobile App,1,580.84,0.1,6.0,Standard,3.0,2026-03-28 10:54:35
CUST-12537,53,57.9,Silver,North,Books & Media,In-Store,2,199.53,0.05,7.3,Standard,3.1,2026-02-16 05:20:40
CUST-12538,23,62.6,Silver,South,Electronics,Web,3,711.57,0.1,6.4,Standard,2.6,2026-02-24 06:20:31
CUST-12539,41,82.4,Bronze,West,Books & Media,Mobile App,1,153.09,0.0,5.6,Standard,3.0,2026-02-11 19:59:38
CUST-12540,31,73.4,Bronze,South,Books & Media,Mobile App,3,124.08,0.0,2.8,Express,3.7,2026-02-20 18:28:56
CUST-12541,23,68.6,Platinum,West,Electronics,Web,2,790.85,0.0,5.8,Standard,3.7,2026-03-09 15:41:28
CUST-12542,37,98.7,Gold,West,Apparel,Mobile App,2,437.55,0.1,5.4,Standard,3.8,2026-03-27 04:40:45
CUST-12543,36,59.3,Gold,South,Home & Kitchen,Web,2,427.89,0.25,5.2,Standard,3.4,2026-02-26 00:00:22
CUST-12544,74,108.0,Bronze,South,Apparel,Mobile App,2,513.2,0.2,5.7,Standard,3.3,2026-03-19 01:20:57
CUST-12545,47,70.5,Gold,South,Books & Media,In-Store,1,116.9,0.0,2.9,Express,4.8,2026-02-12 04:54:34
CUST-12546,21,48.1,Silver,West,Apparel,Web,1,196.63,0.0,7.3,Standard,2.4,2026-01-14 05:04:14
CUST-12547,33,84.3,Bronze,North,Electronics,Mobile App,1,932.03,0.0,7.3,Standard,2.9,2026-02-24 03:14:42
CUST-12548,55,65.3,Bronze,East,Health & Beauty,Mobile App,3,590.27,0.05,5.7,Standard,2.6,2026-01-13 03:45:09
CUST-12549,70,89.1,Bronze,West,Apparel,Web,3,609.38,0.15,6.8,Standard,2.7,2026-03-30 04:25:51
CUST-12550,18,65.5,Bronze,West,Home & Kitchen,Mobile App,2,362.32,0.2,0.6,Same-Day,4.3,2026-02-05 04:10:14
CUST-12551,18,60.1,Platinum,South,Electronics,Web,2,589.24,0.0,6.7,Standard,3.7,2026-03-24 20:54:24
CUST-12552,67,93.3,Bronze,South,Apparel,In-Store,2,494.73,0.0,3.1,Express,3.9,2026-01-10 06:48:16
CUST-12553,46,88.4,Bronze,West,Apparel,Mobile App,1,428.88,0.0,2.2,Express,3.9,2026-01-14 02:20:50
CUST-12554,28,60.9,Silver,East,Electronics,Mobile App,1,1125.14,0.05,,Standard,2.8,2026-01-22 20:45:30
CUST-12555,48,100.3,Bronze,South,Apparel,Mobile App,6,494.88,0.15,0.9,Same-Day,3.7,2026-02-09 21:05:10
CUST-12556,18,45.9,Silver,East,Electronics,Mobile App,3,1056.9,0.1,3.0,Express,3.9,2026-02-06 02:53:19
CUST-12557,41,85.5,Bronze,North,Home & Kitchen,In-Store,3,623.67,0.15,2.9,Express,3.8,2026-02-10 20:03:30
CUST-12558,45,114.1,Gold,East,Home & Kitchen,Mobile App,2,1005.87,0.05,7.1,Standard,2.9,2026-01-08 03:44:15
CUST-12559,53,92.3,Bronze,West,Electronics,In-Store,4,1482.25,0.0,3.2,Express,3.3,2026-02-24 16:20:35
CUST-12560,26,54.3,Silver,South,Health & Beauty,Mobile App,3,201.72,0.0,7.1,Standard,2.0,2026-03-17 04:55:38
CUST-12561,42,82.0,Silver,East,Electronics,Web,1,1619.02,0.0,5.9,Standard,2.7,2026-03-20 19:53:10
CUST-12562,28,50.3,Gold,West,Apparel,In-Store,6,403.64,0.15,2.8,Express,4.1,2026-01-13 16:16:19
CUST-12563,44,109.2,Gold,West,Home & Kitchen,Mobile App,1,602.62,0.15,0.7,Same-Day,4.2,2026-01-21 04:52:25
CUST-12564,28,58.5,Silver,South,Apparel,Mobile App,1,244.03,0.1,7.6,Standard,2.5,2026-02-27 17:30:55
CUST-12565,35,59.4,Bronze,South,Apparel,In-Store,1,234.49,0.0,3.1,Express,4.1,2026-01-24 04:43:48
CUST-12566,27,42.2,Silver,East,Electronics,Web,3,1235.51,0.1,2.8,Express,4.1,2026-02-22 18:22:50
CUST-12567,50,96.5,Gold,East,Books & Media,Mobile App,3,211.31,0.0,7.1,Standard,3.2,2026-02-07 05:31:25
CUST-12568,53,96.3,Gold,North,Home & Kitchen,Web,3,696.97,0.0,7.5,Standard,3.6,2026-01-20 17:43:41
CUST-12569,37,58.2,Bronze,West,Electronics,Mobile App,6,1229.95,0.05,5.7,Standard,3.6,2026-01-19 14:55:46
CUST-12570,41,78.7,Bronze,North,Apparel,Mobile App,1,389.43,0.05,2.8,Express,3.9,2026-01-19 05:35:05
CUST-12571,20,24.4,Gold,East,Books & Media,In-Store,2,83.34,0.15,2.7,Express,4.3,2026-03-09 16:33:44
CUST-12572,36,67.4,Bronze,East,Home & Kitchen,Mobile App,3,807.98,0.1,7.1,Standard,3.3,2026-03-03 05:51:34
CUST-12573,40,75.8,Bronze,North,Electronics,Mobile App,10,1651.47,0.0,2.6,Express,4.0,2026-03-14 03:05:07
CUST-12574,75,133.1,Bronze,East,Apparel,In-Store,1,939.53,0.0,2.9,Express,3.3,2026-02-15 14:37:06
CUST-12575,25,40.9,Silver,South,Apparel,Mobile App,8,311.87,0.0,2.6,Express,3.7,2026-02-17 21:21:36
CUST-12576,61,72.9,Platinum,East,Apparel,Web,1,714.88,0.0,5.3,Standard,4.0,2026-01-20 14:32:49
CUST-12577,54,71.0,Silver,East,Books & Media,Mobile App,4,235.3,0.0,5.3,Standard,3.6,2026-03-13 19:10:58
CUST-12578,44,53.4,Bronze,South,Apparel,In-Store,3,327.92,0.1,2.3,Express,3.6,2026-03-10 20:54:52
CUST-12579,65,116.5,Bronze,West,Apparel,In-Store,4,646.83,0.0,5.1,Standard,3.0,2026-02-04 01:22:15
CUST-12580,46,98.8,Bronze,North,Health & Beauty,Mobile App,1,388.04,0.15,6.4,Standard,3.4,2026-01-08 06:52:08
CUST-12581,46,80.4,Silver,East,Home & Kitchen,In-Store,1,823.63,0.05,2.9,Express,3.8,2026-02-19 16:43:10
CUST-12582,40,87.3,Silver,North,Home & Kitchen,Web,1,510.69,0.0,5.3,Standard,4.0,2026-02-22 19:35:20
CUST-12583,58,90.8,Bronze,North,Apparel,Web,3,513.8,0.05,2.8,Express,3.4,2026-03-28 00:27:59
CUST-12584,56,85.2,Silver,West,Home & Kitchen,In-Store,3,694.7,0.1,6.6,Standard,2.8,2026-03-14 16:47:50
CUST-12585,32,55.2,Silver,South,Home & Kitchen,Web,6,551.23,0.05,5.4,Standard,3.6,2026-01-12 02:58:45
CUST-12586,22,44.5,Bronze,North,Apparel,Web,2,230.89,0.0,6.1,Standard,2.7,2026-03-17 21:18:06
CUST-12587,38,43.6,Bronze,West,Health & Beauty,Mobile App,1,231.91,0.2,7.0,Standard,3.4,2026-01-09 05:58:11
CUST-12588,29,60.9,Platinum,North,Health & Beauty,Mobile App,1,265.32,0.0,5.0,Standard,3.8,2026-02-02 01:42:50
CUST-12589,40,68.4,Bronze,North,Books & Media,Mobile App,1,136.78,0.2,2.3,Express,4.0,2026-03-04 20:42:39
CUST-12590,58,100.0,Gold,East,Home & Kitchen,Web,4,1221.86,0.0,7.7,Standard,2.7,2026-02-25 02:12:20
CUST-12591,34,63.8,Silver,West,Apparel,In-Store,4,360.85,0.1,1.3,Same-Day,4.0,2026-03-01 04:12:04
CUST-12592,40,66.6,Gold,West,Electronics,In-Store,12,1697.27,0.05,6.3,Standard,3.1,2026-03-05 03:07:05
CUST-12593,41,57.0,Gold,West,Apparel,Web,2,335.71,0.05,6.7,Standard,4.2,2026-01-17 18:42:42
CUST-12594,52,83.3,Silver,North,Books & Media,Mobile App,1,172.05,0.0,7.3,Standard,2.5,2026-01-26 21:47:25
CUST-12595,18,55.9,Gold,West,Apparel,Mobile App,1,247.08,0.0,3.0,Express,3.9,2026-02-20 22:12:28
CUST-12596,32,43.0,Platinum,South,Health & Beauty,Mobile App,3,208.81,0.1,5.9,Standard,4.2,2026-02-02 20:55:53
CUST-12597,43,73.6,Silver,West,Electronics,Web,8,1505.69,0.15,6.3,Standard,2.9,2026-01-26 19:34:02
CUST-12598,57,91.2,Bronze,West,Apparel,Web,1,464.19,0.05,1.2,Same-Day,4.2,2026-01-23 03:26:10
CUST-12599,34,51.6,Bronze,South,Home & Kitchen,Web,1,322.54,0.05,5.2,Standard,3.0,2026-03-08 09:10:22
CUST-12600,18,36.0,Gold,North,Apparel,Web,3,217.75,0.0,7.6,Standard,3.1,2026-03-19 18:20:24
CUST-12601,49,82.4,Silver,North,Health & Beauty,Mobile App,3,391.65,0.1,6.2,Standard,3.1,2026-03-23 16:07:11
CUST-12602,32,43.2,Bronze,East,Health & Beauty,Mobile App,1,306.68,0.0,2.6,Express,3.3,2026-03-04 16:41:00
CUST-12603,24,56.6,Bronze,West,Electronics,Mobile App,4,900.28,0.0,7.4,Standard,3.0,2026-01-17 18:25:03
CUST-12604,32,46.8,Silver,East,Electronics,Mobile App,1,1140.25,0.1,2.3,Express,4.1,2026-02-11 03:29:51
CUST-12605,38,82.7,Bronze,South,Electronics,Web,7,1239.86,0.05,2.2,Express,4.0,2026-03-18 06:21:00
CUST-12606,32,95.3,Silver,West,Home & Kitchen,Mobile App,1,473.61,0.0,2.9,Express,3.9,2026-02-08 23:49:05
CUST-12607,18,31.9,Silver,South,Apparel,Web,1,128.25,0.0,6.0,Standard,2.4,2026-02-02 19:48:33
CUST-12608,53,91.3,Silver,North,Books & Media,Mobile App,1,177.8,0.1,0.9,Same-Day,3.9,2026-02-02 03:38:26
CUST-12609,58,77.9,Bronze,West,Apparel,Mobile App,1,478.62,0.0,5.2,Standard,3.2,2026-01-21 14:49:44
CUST-12610,50,95.6,Bronze,North,Home & Kitchen,Mobile App,2,628.72,0.15,2.6,Express,4.2,2026-02-22 15:09:15
CUST-12611,25,33.5,Bronze,South,Books & Media,Mobile App,3,76.91,0.0,5.6,Standard,3.0,2026-03-05 20:25:10
CUST-12612,38,74.0,Bronze,South,Home & Kitchen,Mobile App,2,458.92,0.0,2.9,Express,2.9,2026-03-19 21:51:13
CUST-12613,40,55.9,Silver,East,Home & Kitchen,In-Store,3,760.82,0.1,5.6,Standard,2.8,2026-03-08 03:26:37
CUST-12614,49,75.8,Silver,West,Electronics,Mobile App,2,1173.27,0.05,6.2,Standard,2.9,2026-02-19 05:21:47
CUST-12615,50,64.5,Bronze,West,Apparel,Mobile App,1,427.91,0.0,3.0,Express,2.9,2026-03-12 23:12:48
CUST-12616,30,70.3,Bronze,East,Home & Kitchen,In-Store,9,1021.31,0.05,7.5,Standard,3.2,2026-03-20 23:38:09
CUST-12617,42,58.6,Bronze,North,Apparel,Mobile App,4,448.75,0.0,7.0,Standard,2.4,2026-01-31 17:54:52
CUST-12618,47,85.0,Platinum,South,Health & Beauty,Mobile App,1,255.64,0.1,2.6,Express,4.8,2026-02-10 22:06:53
CUST-12619,61,86.9,Silver,West,Health & Beauty,Web,2,424.91,0.05,2.8,Express,3.3,2026-03-14 05:51:57
CUST-12620,50,78.3,Gold,North,Books & Media,Web,3,154.77,0.1,6.9,Standard,4.0,2026-03-12 20:42:12
CUST-12621,52,84.4,Gold,North,Apparel,Mobile App,1,431.73,0.1,7.4,Standard,3.3,2026-02-05 17:41:44
CUST-12622,42,59.8,Silver,West,Home & Kitchen,Mobile App,3,599.54,0.1,0.9,Same-Day,3.9,2026-03-15 19:57:33
CUST-12623,60,94.2,Silver,East,Apparel,Mobile App,2,753.42,0.15,3.1,Express,3.8,2026-02-08 23:11:32
CUST-12624,46,98.6,Bronze,North,Apparel,In-Store,1,440.97,0.1,7.2,Standard,2.6,2026-02-11 01:12:54
CUST-12625,28,44.1,Silver,South,Apparel,Web,1,234.5,0.05,2.3,Express,4.0,2026-02-10 21:11:32
CUST-12626,60,108.6,Bronze,North,Electronics,Mobile App,4,1724.38,0.05,7.0,Standard,2.8,2026-01-06 03:11:38
CUST-12627,50,102.5,Gold,East,Apparel,Web,1,661.25,0.0,7.2,Standard,3.2,2026-03-27 00:37:12
CUST-12628,34,50.2,Bronze,East,Apparel,Mobile App,1,426.82,0.1,7.4,Standard,2.8,2026-01-07 02:02:16
CUST-12629,34,40.6,Gold,East,Health & Beauty,Mobile App,4,444.42,0.1,7.5,Standard,3.0,2026-03-04 04:07:08
CUST-12630,45,79.0,Bronze,North,Apparel,Web,4,458.49,0.0,2.7,Express,3.6,2026-01-17 04:48:12
CUST-12631,47,68.5,Gold,North,Health & Beauty,Web,1,297.34,0.15,6.8,Standard,3.6,2026-03-21 17:30:15
CUST-12632,43,100.3,Bronze,East,Apparel,Mobile App,5,797.69,0.05,5.0,Standard,2.5,2026-03-30 01:12:36
CUST-12633,45,75.0,Silver,South,Electronics,Mobile App,3,1061.48,0.05,0.8,Same-Day,4.4,2026-01-20 02:07:53
CUST-12634,64,83.4,Silver,North,Apparel,Mobile App,1,474.6,0.0,6.3,Standard,3.4,2026-03-24 16:36:29
CUST-12635,56,69.4,Bronze,North,Home & Kitchen,In-Store,2,659.78,0.05,3.2,Express,3.0,2026-02-07 04:23:38
CUST-12636,43,88.6,Silver,South,Electronics,Web,4,1161.3,0.1,7.4,Standard,2.2,2026-03-05 17:27:32
CUST-12637,54,75.8,Platinum,East,Apparel,Mobile App,1,651.1,0.0,3.0,Express,4.9,2026-03-01 03:03:39
CUST-12638,26,54.3,Bronze,South,Apparel,Mobile App,2,237.08,0.05,5.2,Standard,3.5,2026-03-10 16:15:05
CUST-12639,46,89.9,Gold,East,Apparel,In-Store,3,677.92,0.25,6.1,Standard,3.8,2026-03-15 02:17:11
CUST-12640,66,90.3,Silver,West,Home & Kitchen,In-Store,2,776.44,0.1,2.9,Express,3.2,2026-03-26 16:03:01
CUST-12641,37,65.0,Gold,South,Apparel,Mobile App,3,322.67,0.05,2.2,Express,4.9,2026-01-07 20:42:32
CUST-12642,29,56.7,Bronze,South,Electronics,Mobile App,2,717.12,0.05,2.4,Express,3.5,2026-02-11 16:39:14
CUST-12643,31,69.3,Silver,West,Health & Beauty,Web,1,211.18,0.0,3.1,Express,3.7,2026-01-25 18:57:16
CUST-12644,25,61.4,Gold,North,Apparel,Web,2,294.9,0.2,5.4,Standard,3.8,2026-02-26 07:32:51
CUST-12645,30,54.7,Bronze,North,Books & Media,Mobile App,2,92.65,0.2,5.1,Standard,3.8,2026-02-16 15:58:34
CUST-12646,35,64.5,Silver,South,Books & Media,Mobile App,4,69.73,0.1,2.8,Express,3.7,2026-03-26 21:44:30
CUST-12647,21,42.5,Bronze,East,Health & Beauty,Mobile App,3,286.02,0.0,3.1,Express,3.8,2026-03-19 02:52:29
CUST-12648,41,47.9,Bronze,South,Apparel,Mobile App,2,300.44,0.0,,Express,3.6,2026-02-19 15:26:58
CUST-12649,53,87.2,Silver,West,Home & Kitchen,Mobile App,9,887.22,0.0,3.2,Express,3.2,2026-03-26 15:53:37
CUST-12650,28,84.2,Silver,West,Apparel,Mobile App,1,304.81,0.05,7.0,Standard,2.1,2026-03-15 16:35:15
CUST-12651,62,79.9,Silver,West,Home & Kitchen,Web,1,664.18,0.0,6.2,Standard,3.1,2026-03-30 01:03:41
CUST-12652,48,66.2,Bronze,West,Apparel,Web,1,351.0,0.1,7.6,Standard,2.3,2026-02-03 04:35:44
CUST-12653,55,72.4,Bronze,South,Apparel,Web,1,359.7,0.05,1.1,Same-Day,4.1,2026-01-27 03:12:39
CUST-12654,31,70.0,Bronze,North,Books & Media,In-Store,3,153.21,0.0,2.6,Express,3.8,2026-01-18 07:50:16
CUST-12655,52,88.9,Silver,South,Electronics,Web,1,1116.84,0.1,2.6,Express,3.8,2026-01-22 00:47:59
CUST-12656,25,50.1,Gold,East,Health & Beauty,Mobile App,1,311.34,0.0,7.2,Standard,3.0,2026-01-03 06:59:06
CUST-12657,53,69.5,Gold,North,Books & Media,Web,1,158.84,0.15,7.5,Standard,3.7,2026-03-20 19:13:55
CUST-12658,43,73.7,Bronze,South,Apparel,Mobile App,3,393.23,0.05,0.7,Same-Day,4.2,2026-02-13 21:41:04
CUST-12659,48,54.3,Gold,North,Apparel,In-Store,5,438.03,0.0,1.1,Same-Day,4.1,2026-03-07 20:36:39
CUST-12660,24,53.6,Silver,North,Apparel,Mobile App,4,317.02,0.0,7.4,Standard,3.6,2026-03-12 13:46:26
CUST-12661,28,68.9,Silver,North,Health & Beauty,Web,1,202.35,0.25,2.2,Express,3.7,2026-02-06 03:05:00
CUST-12662,49,60.1,Bronze,South,Electronics,Web,2,977.62,0.1,7.1,Standard,2.5,2026-02-15 10:50:01
CUST-12663,27,31.7,Silver,South,Home & Kitchen,In-Store,1,288.8,0.05,6.2,Standard,2.8,2026-02-20 02:13:03
CUST-12664,47,100.4,Bronze,East,Home & Kitchen,Mobile App,1,947.22,0.0,2.6,Express,3.2,2026-03-08 21:58:00
CUST-12665,21,38.9,Bronze,South,Health & Beauty,Mobile App,4,191.25,0.1,2.6,Express,4.2,2026-01-03 08:42:28
CUST-12666,52,99.2,Bronze,West,Books & Media,Mobile App,2,210.0,0.0,2.6,Express,4.1,2026-02-02 18:02:20
CUST-12667,23,48.0,Bronze,East,Home & Kitchen,Web,1,496.01,0.25,7.0,Standard,3.2,2026-02-14 20:24:41
CUST-12668,48,75.4,Bronze,South,Electronics,Web,2,1029.51,0.2,7.5,Standard,3.0,2026-01-26 06:33:34
CUST-12669,49,85.5,Bronze,West,Apparel,Mobile App,1,394.88,0.1,6.3,Standard,3.5,2026-02-07 02:05:33
CUST-12670,31,45.8,Bronze,South,Electronics,Mobile App,2,747.16,0.25,7.2,Standard,2.8,2026-02-06 00:55:38
CUST-12671,49,80.9,Silver,East,Health & Beauty,Web,2,537.22,0.0,7.0,Standard,3.1,2026-02-04 16:39:01
CUST-12672,44,67.7,Bronze,East,Books & Media,Mobile App,1,213.4,0.0,5.9,Standard,2.9,2026-01-19 20:00:24
CUST-12673,33,41.5,Silver,West,Books & Media,In-Store,7,79.45,0.0,6.6,Standard,3.0,2026-02-14 11:59:05
CUST-12674,26,58.7,Bronze,East,Home & Kitchen,In-Store,2,615.26,0.0,6.8,Standard,3.1,2026-03-25 03:45:07
CUST-12675,18,40.9,Platinum,North,Apparel,Web,5,277.16,0.25,2.2,Express,3.6,2026-01-18 16:47:34
CUST-12676,45,72.1,Platinum,East,Electronics,Web,4,1893.76,0.0,2.6,Express,4.4,2026-01-28 00:48:52
CUST-12677,19,27.7,Bronze,West,Apparel,In-Store,3,225.78,0.15,3.2,Express,3.7,2026-02-01 02:07:18
CUST-12678,42,95.1,Silver,East,Electronics,Web,2,1832.05,0.1,6.7,Standard,3.0,2026-02-08 20:16:08
CUST-12679,37,78.9,Bronze,West,Books & Media,Web,1,179.07,0.05,5.9,Standard,3.0,2026-03-09 01:12:32
CUST-12680,50,94.5,Platinum,South,Electronics,In-Store,3,1210.33,0.0,5.7,Standard,4.3,2026-01-23 03:18:07
CUST-12681,36,60.0,Silver,East,Home & Kitchen,Web,2,706.22,0.0,5.6,Standard,2.9,2026-02-21 17:40:37
CUST-12682,36,38.7,Bronze,North,Home & Kitchen,Web,1,378.71,0.0,6.1,Standard,2.7,2026-01-11 01:34:31
CUST-12683,51,110.4,Bronze,South,Apparel,Mobile App,2,458.62,0.05,5.5,Standard,3.6,2026-01-09 02:49:22
CUST-12684,45,73.6,Bronze,North,Electronics,In-Store,4,1250.2,0.05,2.3,Express,4.2,2026-02-03 20:32:33
CUST-12685,45,63.3,Bronze,South,Apparel,Web,8,487.2,0.05,1.1,Same-Day,3.8,2026-02-22 16:44:22
CUST-12686,47,83.0,Silver,East,Apparel,In-Store,2,663.83,0.1,6.6,Standard,3.0,2026-01-18 18:44:45
CUST-12687,19,63.4,Silver,East,Home & Kitchen,Mobile App,2,551.26,0.05,2.3,Express,4.1,2026-01-13 05:43:31
CUST-12688,51,80.8,Bronze,South,Electronics,Mobile App,5,1245.53,0.0,5.1,Standard,3.3,2026-03-05 20:32:00
CUST-12689,49,98.1,Bronze,North,Books & Media,Web,1,145.41,0.15,2.2,Express,4.0,2026-02-26 15:41:06
CUST-12690,26,69.8,Bronze,North,Books & Media,Web,1,61.16,0.0,2.5,Express,3.9,2026-01-02 14:50:42
CUST-12691,37,49.6,Bronze,North,Electronics,Mobile App,1,841.53,0.0,0.6,Same-Day,4.0,2026-01-17 17:53:47
CUST-12692,40,58.9,Gold,West,Home & Kitchen,Mobile App,6,660.42,0.1,6.5,Standard,3.7,2026-02-21 16:38:23
CUST-12693,39,82.3,Bronze,East,Home & Kitchen,In-Store,1,808.03,0.2,6.2,Standard,2.7,2026-03-17 22:45:01
CUST-12694,45,33.8,Silver,South,Books & Media,Mobile App,1,105.05,0.2,5.9,Standard,3.3,2026-03-12 20:37:57
CUST-12695,61,89.9,Bronze,North,Electronics,Mobile App,2,1427.88,0.0,7.3,Standard,2.9,2026-03-21 04:37:17
CUST-12696,56,65.1,Bronze,West,Electronics,Web,5,1506.48,0.05,1.2,Same-Day,3.9,2026-01-03 04:08:18
CUST-12697,22,42.1,Silver,South,Apparel,Mobile App,7,302.69,0.0,2.3,Express,3.3,2026-01-27 22:51:41
CUST-12698,49,74.4,Silver,West,Apparel,Mobile App,2,401.01,0.2,2.5,Express,3.8,2026-01-27 04:47:35
CUST-12699,59,84.5,Bronze,West,Books & Media,Web,7,233.2,0.0,7.6,Standard,2.8,2026-01-25 22:36:55
CUST-12700,46,67.3,Silver,South,Books & Media,In-Store,1,128.22,0.0,1.4,Same-Day,3.7,2026-01-13 01:46:27
CUST-12701,56,70.1,Silver,South,Health & Beauty,Mobile App,1,292.92,0.15,5.7,Standard,2.6,2026-01-17 16:00:34
CUST-12702,69,135.3,Bronze,West,Electronics,Mobile App,7,2087.81,0.2,5.5,Standard,2.6,2026-03-06 13:35:31
CUST-12703,55,113.5,Silver,East,Electronics,Mobile App,2,2220.98,0.1,2.7,Express,3.6,2026-02-09 16:41:12
CUST-12704,44,56.0,Silver,East,Home & Kitchen,Mobile App,1,753.72,0.0,6.3,Standard,3.2,2026-01-05 18:37:05
CUST-12705,55,109.2,Bronze,North,Apparel,Web,2,524.27,0.05,6.1,Standard,3.7,2026-01-29 03:54:28
CUST-12706,43,66.3,Silver,West,Apparel,Web,4,421.41,0.15,6.4,Standard,3.0,2026-03-13 16:58:09
CUST-12707,41,72.0,Bronze,South,Home & Kitchen,Mobile App,5,575.19,0.05,2.4,Express,3.2,2026-02-21 16:01:58
CUST-12708,36,63.7,Bronze,South,Electronics,Web,5,1029.77,0.0,2.3,Express,3.7,2026-01-15 05:09:39
CUST-12709,62,83.3,Silver,South,Home & Kitchen,Mobile App,2,616.96,0.0,6.5,Standard,3.5,2026-01-07 02:53:09
CUST-12710,29,71.7,Gold,West,Apparel,Web,5,387.2,0.15,3.1,Express,3.9,2026-01-18 22:50:33
CUST-12711,62,95.1,Gold,South,Home & Kitchen,Web,2,648.11,0.05,2.3,Express,4.7,2026-02-06 15:22:19
CUST-12712,47,69.6,Bronze,West,Books & Media,Web,3,116.4,0.1,,Same-Day,4.0,2026-03-16 04:08:46
CUST-12713,21,28.5,Bronze,East,Electronics,Mobile App,4,1103.2,0.05,2.6,Express,4.0,2026-03-05 15:10:32
CUST-12714,46,62.2,Silver,East,Health & Beauty,Mobile App,2,482.55,0.05,2.5,Express,4.4,2026-02-05 01:35:10
CUST-12715,18,22.0,Bronze,West,Home & Kitchen,Web,1,198.07,0.25,3.1,Express,3.0,2026-01-18 02:55:23
CUST-12716,49,79.1,Gold,South,Health & Beauty,Web,2,291.76,0.0,6.2,Standard,3.9,2026-03-29 21:41:32
CUST-12717,53,65.4,Silver,East,Electronics,In-Store,3,2020.36,0.1,6.6,Standard,3.0,2026-01-11 05:37:59
CUST-12718,32,56.2,Gold,East,Home & Kitchen,Mobile App,1,588.25,0.0,6.2,Standard,3.3,2026-02-20 13:34:56
CUST-12719,42,91.8,Bronze,South,Apparel,Mobile App,1,338.09,0.0,5.2,Standard,3.2,2026-03-23 03:12:21
CUST-12720,68,117.8,Bronze,East,Books & Media,In-Store,1,282.02,0.15,6.6,Standard,3.6,2026-02-22 00:18:47
CUST-12721,33,60.8,Gold,South,Home & Kitchen,In-Store,1,368.9,0.15,6.1,Standard,4.1,2026-03-06 01:34:11
CUST-12722,26,52.3,Silver,West,Apparel,In-Store,4,304.28,0.1,5.2,Standard,2.6,2026-02-03 07:51:29
CUST-12723,61,120.3,Gold,East,Health & Beauty,Web,1,646.49,0.0,6.6,Standard,3.2,2026-01-18 00:29:31
CUST-12724,68,107.6,Bronze,South,Apparel,In-Store,1,469.56,0.0,5.0,Standard,3.6,2026-03-24 03:17:43
CUST-12725,41,65.2,Silver,East,Electronics,Mobile App,3,1720.27,0.2,2.4,Express,3.8,2026-02-18 16:11:18
CUST-12726,55,64.1,Silver,North,Home & Kitchen,In-Store,5,726.05,0.0,3.0,Express,3.7,2026-01-08 03:11:44
CUST-12727,59,95.8,Bronze,East,Home & Kitchen,Web,1,1016.58,0.15,5.1,Standard,2.7,2026-04-01 03:20:39
CUST-12728,30,70.4,Silver,East,Apparel,In-Store,1,477.93,0.0,6.7,Standard,2.7,2026-03-07 06:11:01
CUST-12729,34,52.9,Silver,East,Apparel,Mobile App,7,643.55,0.2,7.6,Standard,2.4,2026-03-04 05:55:58
CUST-12730,58,93.2,Bronze,East,Health & Beauty,Mobile App,2,574.25,0.2,5.5,Standard,2.6,2026-03-16 17:27:50
CUST-12731,64,89.9,Bronze,East,Books & Media,Web,7,346.07,0.0,6.1,Standard,2.7,2026-01-10 22:28:13
CUST-12732,48,75.0,Silver,North,Electronics,Web,1,1170.76,0.1,2.8,Express,3.4,2026-02-01 05:38:54
CUST-12733,28,22.0,Silver,West,Electronics,In-Store,1,563.59,0.0,6.2,Standard,2.8,2026-01-26 01:40:58
CUST-12734,68,96.5,Gold,West,Health & Beauty,Mobile App,1,396.61,0.0,2.8,Express,3.9,2026-02-26 22:43:32
CUST-12735,33,75.8,Bronze,West,Books & Media,Web,1,132.32,0.05,2.6,Express,4.1,2026-03-06 15:50:31
CUST-12736,36,55.1,Bronze,South,Health & Beauty,In-Store,6,285.85,0.05,5.4,Standard,2.9,2026-02-12 20:03:56
CUST-12737,45,75.3,Platinum,South,Apparel,Web,10,545.01,0.0,5.2,Standard,4.7,2026-01-04 02:30:57
CUST-12738,62,81.9,Gold,North,Books & Media,Web,8,207.35,0.05,7.0,Standard,3.3,2026-02-25 03:23:40
CUST-12739,52,87.6,Bronze,South,Home & Kitchen,Web,5,664.89,0.0,5.6,Standard,3.3,2026-02-17 21:41:18
CUST-12740,46,72.4,Gold,West,Apparel,Web,5,526.41,0.0,7.3,Standard,3.6,2026-03-06 13:58:13
CUST-12741,47,62.6,Bronze,West,Home & Kitchen,Web,3,565.56,0.05,1.3,Same-Day,3.7,2026-03-13 01:50:03
CUST-12742,41,90.1,Bronze,North,Home & Kitchen,Web,5,702.28,0.05,2.2,Express,3.7,2026-03-02 05:48:01
CUST-12743,48,91.7,Bronze,North,Apparel,Web,1,443.14,0.1,1.0,Same-Day,3.8,2026-01-14 23:17:09
CUST-12744,18,35.7,Bronze,West,Books & Media,Mobile App,2,36.32,0.1,5.8,Standard,3.3,2026-03-29 05:41:58
CUST-12745,36,72.1,Gold,West,Books & Media,In-Store,3,147.8,0.15,6.6,Standard,3.5,2026-03-22 20:25:28
CUST-12746,44,81.5,Silver,South,Books & Media,Mobile App,5,151.52,0.05,7.2,Standard,2.6,2026-01-15 04:55:14
CUST-12747,24,61.0,Platinum,South,Books & Media,Web,3,95.69,0.0,5.2,Standard,4.2,2026-01-10 03:43:30
CUST-12748,46,50.2,Silver,West,Apparel,Web,5,457.91,0.1,5.7,Standard,3.3,2026-03-27 06:54:32
CUST-12749,38,81.9,Bronze,North,Apparel,In-Store,2,374.69,0.1,,Express,4.4,2026-02-15 03:19:28
CUST-12750,65,88.0,Silver,East,Books & Media,In-Store,3,298.08,0.05,5.5,Standard,3.2,2026-01-02 19:07:10
CUST-12751,63,88.9,Platinum,East,Apparel,Web,10,1094.28,0.1,1.2,Same-Day,4.9,2026-02-02 04:50:47
CUST-12752,34,102.0,Silver,West,Apparel,Web,1,387.45,0.0,1.1,Same-Day,4.2,2026-01-09 02:32:44
CUST-12753,38,71.3,Gold,West,Apparel,Mobile App,7,449.37,0.0,5.9,Standard,3.3,2026-02-05 16:03:39
CUST-12754,39,62.1,Platinum,East,Electronics,Mobile App,2,1559.96,0.1,2.7,Express,4.0,2026-03-31 13:37:58
CUST-12755,34,29.3,Bronze,South,Home & Kitchen,Mobile App,3,350.27,0.0,6.0,Standard,3.0,2026-02-06 20:21:08
CUST-12756,43,93.1,Silver,West,Apparel,Mobile App,5,517.29,0.05,5.9,Standard,3.5,2026-01-16 03:35:46
CUST-12757,30,37.8,Gold,North,Apparel,Mobile App,2,277.69,0.05,2.5,Express,4.7,2026-02-04 01:47:56
CUST-12758,25,37.4,Platinum,East,Health & Beauty,In-Store,2,270.88,0.05,6.5,Standard,3.3,2026-01-21 23:30:57
CUST-12759,49,73.9,Bronze,East,Books & Media,Web,2,241.25,0.05,1.1,Same-Day,4.2,2026-03-28 08:07:28
CUST-12760,49,100.1,Silver,South,Books & Media,In-Store,1,113.1,0.0,2.4,Express,3.0,2026-01-09 21:08:36
CUST-12761,29,68.5,Silver,North,Home & Kitchen,Web,2,469.89,0.25,2.2,Express,4.0,2026-02-09 16:46:20
CUST-12762,53,80.9,Bronze,South,Books & Media,Mobile App,1,116.5,0.1,0.6,Same-Day,4.2,2026-01-26 22:17:30
CUST-12763,32,64.8,Silver,South,Books & Media,Mobile App,7,100.18,0.05,5.1,Standard,2.7,2026-01-23 07:34:52
CUST-12764,44,64.4,Bronze,West,Home & Kitchen,Mobile App,1,548.51,0.0,6.2,Standard,3.4,2026-01-14 04:59:21
CUST-12765,52,84.3,Bronze,West,Health & Beauty,Mobile App,2,372.41,0.0,5.6,Standard,3.8,2026-01-25 19:23:51
CUST-12766,40,70.1,Bronze,South,Electronics,Web,7,1244.19,0.1,6.1,Standard,3.1,2026-03-13 00:16:17
CUST-12767,47,91.2,Silver,South,Health & Beauty,Web,6,359.01,0.0,5.9,Standard,3.2,2026-01-15 23:00:01
CUST-12768,33,75.8,Bronze,North,Apparel,Mobile App,3,325.0,0.0,2.7,Express,4.2,2026-03-17 16:38:59
CUST-12769,38,74.2,Silver,South,Home & Kitchen,Mobile App,3,529.63,0.05,7.0,Standard,2.5,2026-02-15 07:41:21
CUST-12770,38,61.4,Bronze,South,Electronics,Web,1,809.76,0.05,1.1,Same-Day,3.6,2026-01-21 21:14:36
CUST-12771,30,69.1,Bronze,West,Home & Kitchen,In-Store,2,463.99,0.1,2.3,Express,3.5,2026-03-30 23:54:19
CUST-12772,38,65.4,Bronze,North,Home & Kitchen,Web,1,484.99,0.1,5.0,Standard,3.3,2026-02-10 01:12:47
CUST-12773,19,29.7,Bronze,South,Health & Beauty,Web,4,170.68,0.15,5.6,Standard,3.2,2026-02-16 17:22:47
CUST-12774,34,56.4,Silver,North,Health & Beauty,Web,1,245.98,0.0,6.1,Standard,2.9,2026-03-27 17:28:53
CUST-12775,37,67.0,Gold,East,Health & Beauty,Mobile App,3,501.81,0.1,5.1,Standard,3.7,2026-03-02 17:30:03
CUST-12776,37,79.4,Bronze,West,Apparel,Web,2,373.69,0.0,5.9,Standard,2.9,2026-01-14 20:36:25
CUST-12777,37,62.9,Bronze,East,Health & Beauty,Mobile App,2,448.85,0.05,7.4,Standard,2.7,2026-03-13 17:27:19
CUST-12778,40,50.9,Silver,East,Apparel,Web,2,478.19,0.05,2.3,Express,3.5,2026-03-30 05:31:21
CUST-12779,47,77.6,Bronze,South,Books & Media,Web,4,173.41,0.0,7.6,Standard,2.6,2026-03-09 02:06:42
CUST-12780,53,85.0,Platinum,East,Electronics,Mobile App,1,1843.53,0.05,3.1,Express,3.8,2026-03-18 04:13:19
CUST-12781,31,61.9,Silver,East,Apparel,Mobile App,2,507.15,0.15,3.0,Express,3.6,2026-02-17 04:13:28
CUST-12782,24,65.2,Bronze,West,Health & Beauty,Web,1,219.05,0.0,7.3,Standard,2.2,2026-03-28 02:31:47
CUST-12783,26,68.9,Bronze,North,Health & Beauty,Web,1,219.64,0.05,5.2,Standard,3.5,2026-01-16 17:08:56
CUST-12784,34,53.5,Silver,West,Home & Kitchen,In-Store,3,479.18,0.2,2.4,Express,3.6,2026-03-13 01:53:30
CUST-12785,36,55.4,Bronze,East,Books & Media,Web,1,158.23,0.05,1.0,Same-Day,4.0,2026-01-18 17:05:22
CUST-12786,30,42.4,Bronze,East,Electronics,In-Store,1,1080.08,0.1,5.3,Standard,3.1,2026-02-14 16:50:43
CUST-12787,22,59.7,Bronze,East,Books & Media,Mobile App,6,187.94,0.15,5.9,Standard,3.1,2026-01-24 01:14:37
CUST-12788,34,84.1,Gold,West,Home & Kitchen,Web,2,567.53,0.0,7.2,Standard,3.8,2026-01-27 01:29:15
CUST-12789,43,67.6,Silver,East,Electronics,Mobile App,1,1581.74,0.0,5.7,Standard,2.7,2026-03-07 16:29:18
CUST-12790,49,75.3,Bronze,South,Electronics,In-Store,1,980.46,0.1,5.7,Standard,2.6,2026-01-02 20:15:10
CUST-12791,33,83.3,Silver,West,Electronics,Web,1,946.23,0.1,6.8,Standard,3.0,2026-01-22 14:22:11
CUST-12792,35,71.1,Bronze,East,Books & Media,Web,2,189.48,0.0,2.3,Express,3.6,2026-02-08 02:30:35
CUST-12793,28,62.3,Silver,North,Electronics,Mobile App,3,909.38,0.0,6.0,Standard,3.2,2026-02-12 07:53:12
CUST-12794,40,51.1,Bronze,West,Apparel,In-Store,3,346.58,0.05,5.8,Standard,3.4,2026-01-29 02:11:01
CUST-12795,29,67.1,Silver,North,Apparel,Mobile App,1,301.6,0.15,7.3,Standard,2.5,2026-03-05 04:20:50
CUST-12796,49,65.0,Platinum,East,Home & Kitchen,Web,3,955.98,0.05,2.7,Express,4.8,2026-01-17 22:02:10
CUST-12797,18,27.8,Bronze,North,Home & Kitchen,Web,2,256.77,0.2,6.7,Standard,2.6,2026-03-23 15:02:00
CUST-12798,35,58.3,Bronze,North,Home & Kitchen,Web,2,514.32,0.25,1.0,Same-Day,4.0,2026-03-01 02:37:40
CUST-12799,45,65.7,Bronze,South,Apparel,Web,4,428.37,0.15,7.5,Standard,2.4,2026-01-02 18:21:09
CUST-12800,43,69.0,Bronze,East,Apparel,Web,1,570.18,0.1,5.9,Standard,3.2,2026-03-20 20:20:02
CUST-12801,75,85.9,Bronze,West,Apparel,Mobile App,1,527.06,0.05,6.9,Standard,3.0,2026-03-21 02:50:07
CUST-12802,45,88.9,Gold,West,Health & Beauty,Web,5,411.92,0.0,3.2,Express,3.7,2026-02-20 04:43:15
CUST-12803,26,70.5,Gold,South,Apparel,Web,1,253.41,0.05,6.4,Standard,3.1,2026-01-15 22:15:35
CUST-12804,39,38.7,Bronze,South,Apparel,Mobile App,1,276.7,0.05,2.7,Express,4.0,2026-01-19 06:17:42
CUST-12805,18,59.5,Silver,East,Books & Media,Web,3,183.32,0.05,2.3,Express,3.6,2026-03-18 23:03:39
CUST-12806,39,55.7,Silver,East,Apparel,Web,3,563.09,0.1,2.6,Express,4.1,2026-02-07 15:19:38
CUST-12807,29,69.8,Silver,West,Books & Media,Web,4,179.47,0.05,7.3,Standard,2.7,2026-01-08 23:57:19
CUST-12808,53,82.3,Bronze,East,Apparel,Web,1,676.0,0.1,2.3,Express,4.2,2026-03-22 04:44:46
CUST-12809,33,61.7,Bronze,West,Home & Kitchen,In-Store,2,450.75,0.05,7.5,Standard,2.5,2026-01-20 23:12:54
CUST-12810,39,65.1,Silver,East,Electronics,Mobile App,1,1504.68,0.0,6.8,Standard,3.5,2026-03-02 03:30:59
CUST-12811,32,78.4,Bronze,North,Apparel,Web,2,367.75,0.05,6.1,Standard,3.2,2026-01-27 00:01:07
CUST-12812,65,77.9,Gold,South,Apparel,Web,1,423.22,0.2,2.7,Express,4.4,2026-02-05 00:29:09
CUST-12813,36,73.7,Gold,South,Books & Media,Web,3,120.61,0.15,5.4,Standard,3.4,2026-03-22 18:30:50
CUST-12814,66,114.1,Bronze,West,Health & Beauty,Mobile App,1,458.56,0.0,5.6,Standard,3.4,2026-01-26 17:27:36
CUST-12815,52,92.9,Bronze,North,Apparel,Mobile App,1,444.98,0.05,5.8,Standard,3.4,2026-01-18 18:08:31
CUST-12816,47,111.6,Gold,South,Books & Media,Mobile App,2,149.59,0.2,6.0,Standard,3.5,2026-02-13 21:58:26
CUST-12817,46,67.7,Silver,East,Home & Kitchen,Web,8,1145.18,0.0,7.5,Standard,2.1,2026-01-08 03:10:30
CUST-12818,46,90.0,Gold,North,Health & Beauty,Web,6,384.43,0.0,6.0,Standard,3.2,2026-02-05 03:34:02
CUST-12819,18,43.2,Bronze,West,Books & Media,Mobile App,12,164.15,0.0,6.4,Standard,2.7,2026-01-12 16:48:38
CUST-12820,37,84.2,Silver,East,Electronics,In-Store,2,1628.02,0.05,5.4,Standard,3.4,2026-02-14 00:43:05
CUST-12821,52,82.1,Silver,West,Home & Kitchen,In-Store,1,618.75,0.05,1.3,Same-Day,3.8,2026-02-10 21:36:16
CUST-12822,40,63.2,Gold,East,Home & Kitchen,Web,1,712.95,0.0,6.5,Standard,3.4,2026-02-24 00:45:09
CUST-12823,21,67.7,Bronze,North,Electronics,Mobile App,3,800.19,0.1,6.2,Standard,2.9,2026-01-02 01:57:20
CUST-12824,40,61.6,Bronze,East,Apparel,Mobile App,1,491.75,0.0,7.6,Standard,3.3,2026-01-25 18:50:28
CUST-12825,64,74.2,Bronze,West,Health & Beauty,In-Store,1,412.87,0.1,3.1,Express,3.7,2026-03-22 05:53:28
CUST-12826,58,81.0,Gold,East,Health & Beauty,Web,1,545.25,0.05,6.8,Standard,3.5,2026-01-16 05:16:19
CUST-12827,40,78.3,Platinum,South,Books & Media,Mobile App,2,108.59,0.05,7.5,Standard,3.5,2026-03-16 15:25:14
CUST-12828,54,105.3,Platinum,West,Health & Beauty,Web,1,374.39,0.0,6.5,Standard,3.9,2026-01-04 02:03:01
CUST-12829,35,65.2,Platinum,North,Books & Media,Mobile App,1,96.1,0.1,0.9,Same-Day,4.6,2026-02-14 11:32:32
CUST-12830,18,64.6,Bronze,North,Electronics,Web,2,692.47,0.05,2.6,Express,3.9,2026-02-14 13:16:11
CUST-12831,28,35.4,Bronze,West,Apparel,Mobile App,2,239.92,0.05,5.2,Standard,2.9,2026-02-21 06:41:12
CUST-12832,62,86.6,Bronze,East,Electronics,In-Store,2,2228.13,0.05,7.7,Standard,3.1,2026-02-12 02:07:43
CUST-12833,37,61.4,Bronze,North,Electronics,Web,4,1124.4,0.1,5.4,Standard,3.0,2026-02-08 19:25:43
CUST-12834,37,64.0,Gold,East,Electronics,Mobile App,1,1424.61,0.0,5.7,Standard,4.0,2026-01-21 02:42:38
CUST-12835,36,65.9,Gold,East,Apparel,Web,4,639.75,0.0,2.4,Express,4.9,2026-03-29 04:19:38
CUST-12836,67,109.1,Bronze,North,Books & Media,Web,1,134.12,0.0,5.9,Standard,3.1,2026-03-21 04:41:37
CUST-12837,63,87.6,Silver,East,Health & Beauty,Web,2,643.34,0.1,2.5,Express,4.2,2026-01-18 10:50:44
CUST-12838,72,106.3,Gold,West,Home & Kitchen,Web,3,854.54,0.05,6.6,Standard,3.8,2026-02-09 03:37:20
CUST-12839,38,66.1,Silver,West,Health & Beauty,In-Store,8,430.92,0.1,3.2,Express,3.1,2026-01-30 04:42:40
CUST-12840,45,60.6,Bronze,West,Apparel,Web,2,369.36,0.1,5.1,Standard,3.3,2026-01-21 01:47:15
CUST-12841,19,44.2,Silver,North,Health & Beauty,Mobile App,1,136.93,0.15,7.1,Standard,3.1,2026-02-11 22:41:33
CUST-12842,61,89.9,Bronze,North,Apparel,In-Store,2,479.2,0.05,2.3,Express,4.0,2026-03-20 15:56:26
CUST-12843,24,48.9,Silver,North,Apparel,In-Store,2,253.58,0.0,5.1,Standard,3.3,2026-01-12 17:53:42
CUST-12844,44,73.9,Bronze,North,Health & Beauty,Mobile App,2,344.99,0.15,2.8,Express,3.8,2026-02-25 22:32:02
CUST-12845,25,53.6,Bronze,West,Apparel,Web,1,255.8,0.0,3.1,Express,3.6,2026-01-13 04:39:08
CUST-12846,32,53.7,Platinum,West,Apparel,Mobile App,2,279.88,0.05,5.5,Standard,4.2,2026-03-31 03:16:43
CUST-12847,29,76.0,Silver,West,Apparel,Web,1,357.62,0.0,1.1,Same-Day,3.6,2026-02-22 23:50:33
CUST-12848,32,42.7,Silver,West,Home & Kitchen,In-Store,4,494.27,0.2,5.5,Standard,3.1,2026-01-09 03:08:18
CUST-12849,33,50.5,Platinum,South,Health & Beauty,Mobile App,3,254.82,0.05,7.4,Standard,3.3,2026-02-28 03:19:37
CUST-12850,33,103.0,Bronze,South,Electronics,Mobile App,1,931.73,0.0,2.5,Express,3.6,2026-01-25 00:07:25
CUST-12851,52,66.6,Bronze,East,Health & Beauty,Web,6,602.62,0.1,2.6,Express,3.5,2026-03-02 17:40:22
CUST-12852,25,32.2,Gold,East,Electronics,Mobile App,3,1106.33,0.0,7.4,Standard,3.1,2026-01-01 20:47:17
CUST-12853,44,84.4,Bronze,East,Apparel,In-Store,1,620.06,0.2,2.8,Express,3.3,2026-03-30 16:45:44
CUST-12854,58,57.6,Gold,East,Electronics,In-Store,1,1797.04,0.05,1.4,Same-Day,4.5,2026-03-19 08:55:45
CUST-12855,33,57.8,Bronze,East,Books & Media,Web,3,176.82,0.1,7.5,Standard,2.7,2026-03-11 14:05:39
CUST-12856,30,90.2,Bronze,West,Electronics,In-Store,2,990.1,0.0,1.1,Same-Day,3.9,2026-02-15 03:08:40
CUST-12857,37,42.5,Silver,South,Home & Kitchen,Web,6,479.53,0.15,2.8,Express,3.2,2026-01-09 11:10:44
CUST-12858,57,58.0,Bronze,North,Apparel,Mobile App,1,413.38,0.15,0.6,Same-Day,4.0,2026-01-01 21:53:48
CUST-12859,43,49.8,Gold,East,Electronics,Mobile App,1,1458.41,0.15,7.7,Standard,3.7,2026-03-15 07:46:37
CUST-12860,33,74.8,Silver,West,Books & Media,Web,7,181.62,0.15,2.5,Express,4.2,2026-01-25 03:46:51
CUST-12861,47,93.6,Gold,West,Electronics,Web,8,1684.87,0.0,7.1,Standard,3.6,2026-03-02 03:04:09
CUST-12862,25,44.8,Gold,South,Apparel,Mobile App,1,233.1,0.2,0.7,Same-Day,4.5,2026-03-23 18:07:42
CUST-12863,50,90.2,Bronze,South,Apparel,Web,3,434.57,0.1,2.5,Express,3.9,2026-02-18 01:51:09
CUST-12864,46,96.5,Gold,South,Home & Kitchen,Web,1,529.24,0.15,5.3,Standard,3.5,2026-02-08 23:34:20
CUST-12865,36,91.4,Silver,West,Home & Kitchen,Mobile App,3,582.15,0.1,6.5,Standard,2.9,2026-01-19 01:51:37
CUST-12866,29,53.2,Silver,North,Electronics,In-Store,5,1008.0,0.0,2.4,Express,3.5,2026-02-21 21:59:37
CUST-12867,28,22.0,Gold,East,Apparel,Mobile App,1,305.0,0.1,2.3,Express,4.6,2026-01-02 23:24:46
CUST-12868,48,65.5,Silver,North,Apparel,Web,1,369.61,0.0,5.6,Standard,3.5,2026-02-06 07:35:06
CUST-12869,58,82.4,Silver,East,Apparel,Web,1,697.43,0.1,5.7,Standard,3.2,2026-02-17 19:38:56
CUST-12870,32,56.3,Silver,West,Health & Beauty,Mobile App,1,215.48,0.05,2.7,Express,4.3,2026-03-29 17:48:11
CUST-12871,47,73.9,Bronze,North,Books & Media,Mobile App,1,148.33,0.0,6.0,Standard,3.3,2026-02-04 21:43:51
CUST-12872,18,61.6,Bronze,East,Home & Kitchen,Mobile App,4,637.06,0.25,5.2,Standard,3.4,2026-03-11 23:05:40
CUST-12873,32,79.3,Silver,East,Apparel,Mobile App,1,500.75,0.2,0.8,Same-Day,4.1,2026-03-22 14:23:32
CUST-12874,40,66.4,Bronze,East,Home & Kitchen,Mobile App,2,797.42,0.15,7.1,Standard,2.5,2026-03-14 03:54:24
CUST-12875,28,72.3,Bronze,East,Books & Media,Web,4,224.1,0.15,6.6,Standard,2.7,2026-02-11 21:20:27
CUST-12876,27,60.1,Bronze,East,Home & Kitchen,In-Store,2,624.46,0.1,7.6,Standard,2.8,2026-03-15 21:35:23
CUST-12877,31,60.1,Silver,East,Books & Media,Mobile App,2,192.44,0.1,0.5,Same-Day,4.1,2026-03-22 02:17:47
CUST-12878,45,88.1,Bronze,East,Books & Media,Mobile App,1,228.45,0.0,7.2,Standard,3.1,2026-02-08 03:47:30
CUST-12879,38,67.9,Gold,East,Home & Kitchen,In-Store,2,799.53,0.2,2.7,Express,4.0,2026-01-27 07:00:17
CUST-12880,18,75.7,Bronze,South,Apparel,In-Store,1,256.98,0.15,1.2,Same-Day,4.0,2026-01-31 16:28:22
CUST-12881,18,23.2,Silver,West,Books & Media,Mobile App,4,98.21,0.1,6.4,Standard,3.1,2026-02-21 20:16:06
CUST-12882,32,52.5,Bronze,East,Electronics,Web,1,1211.94,0.2,2.5,Express,3.8,2026-03-01 16:04:49
CUST-12883,47,74.8,Silver,North,Books & Media,In-Store,3,157.69,0.05,5.9,Standard,3.1,2026-01-09 04:56:07
CUST-12884,18,51.4,Bronze,South,Books & Media,Mobile App,3,67.62,0.05,2.8,Express,3.2,2026-03-03 00:54:53
CUST-12885,34,81.4,Platinum,North,Books & Media,Web,3,122.47,0.2,5.1,Standard,3.4,2026-02-05 04:49:14
CUST-12886,33,60.9,Platinum,West,Apparel,Mobile App,1,324.5,0.05,2.8,Express,4.3,2026-02-04 07:05:37
CUST-12887,60,69.7,Gold,North,Electronics,Web,1,1251.45,0.1,7.0,Standard,3.3,2026-01-11 00:57:27
CUST-12888,35,76.1,Gold,North,Electronics,In-Store,5,1247.59,0.05,6.0,Standard,3.2,2026-02-09 15:54:26
CUST-12889,46,86.9,Bronze,North,Books & Media,Mobile App,1,139.2,0.1,0.6,Same-Day,4.1,2026-02-21 20:44:20
CUST-12890,42,42.1,Silver,North,Health & Beauty,In-Store,1,327.99,0.1,,Standard,3.6,2026-01-12 12:07:43
CUST-12891,18,44.7,Silver,South,Home & Kitchen,In-Store,3,287.78,0.1,2.3,Express,4.0,2026-01-28 04:58:26
CUST-12892,51,57.2,Silver,South,Electronics,In-Store,4,1144.62,0.05,5.2,Standard,3.4,2026-01-19 09:24:46
CUST-12893,44,63.4,Gold,North,Health & Beauty,Mobile App,2,300.72,0.0,5.5,Standard,4.1,2026-02-27 00:18:55
CUST-12894,48,64.3,Silver,West,Health & Beauty,In-Store,3,326.61,0.1,2.2,Express,3.5,2026-03-31 15:59:46
CUST-12895,75,119.6,Platinum,North,Apparel,Web,2,659.0,0.2,5.7,Standard,3.9,2026-02-23 08:47:41
CUST-12896,18,46.6,Bronze,South,Home & Kitchen,Web,1,221.84,0.0,2.5,Express,4.0,2026-01-15 18:49:40
CUST-12897,65,77.2,Gold,East,Books & Media,In-Store,3,270.8,0.0,,Standard,3.1,2026-02-07 00:38:13
CUST-12898,36,77.8,Silver,South,Books & Media,Mobile App,4,142.45,0.0,7.7,Standard,2.7,2026-03-02 14:55:20
CUST-12899,45,53.0,Silver,East,Health & Beauty,Web,12,768.29,0.2,2.4,Express,4.4,2026-01-19 01:08:13
CUST-12900,40,74.0,Bronze,West,Electronics,Web,1,967.6,0.1,5.6,Standard,3.2,2026-02-14 02:57:48
CUST-12901,35,51.3,Gold,South,Home & Kitchen,Web,3,440.75,0.2,6.3,Standard,4.2,2026-03-26 06:27:42
CUST-12902,33,55.8,Gold,East,Home & Kitchen,Mobile App,2,680.56,0.05,2.3,Express,3.6,2026-01-22 04:52:05
CUST-12903,45,82.1,Bronze,West,Health & Beauty,Mobile App,1,293.98,0.05,6.4,Standard,2.8,2026-01-30 00:56:11
CUST-12904,19,53.7,Silver,East,Health & Beauty,Web,3,304.16,0.15,6.1,Standard,3.2,2026-01-16 03:30:27
CUST-12905,51,101.2,Bronze,West,Health & Beauty,In-Store,1,313.96,0.0,2.5,Express,3.8,2026-03-27 20:00:48
CUST-12906,35,62.3,Platinum,East,Apparel,Web,2,557.38,0.05,3.0,Express,3.8,2026-03-29 00:40:28
CUST-12907,25,57.1,Silver,West,Books & Media,Mobile App,1,114.51,0.05,7.2,Standard,2.8,2026-03-09 21:09:36
CUST-12908,34,55.8,Bronze,West,Apparel,Mobile App,2,291.27,0.0,7.7,Standard,3.7,2026-03-29 19:52:37
CUST-12909,58,91.5,Bronze,South,Apparel,Mobile App,2,461.6,0.05,2.4,Express,3.9,2026-03-06 02:49:02
CUST-12910,33,67.9,Silver,South,Apparel,Web,2,281.73,0.0,7.4,Standard,3.1,2026-01-14 18:21:59
CUST-12911,46,74.1,Bronze,East,Books & Media,Web,2,242.77,0.0,6.5,Standard,2.8,2026-02-06 20:00:32
CUST-12912,30,30.9,Silver,North,Health & Beauty,In-Store,1,180.68,0.0,1.2,Same-Day,4.1,2026-02-23 20:12:49
CUST-12913,51,86.1,Platinum,East,Apparel,Web,3,722.57,0.15,7.4,Standard,3.8,2026-03-01 04:13:45
CUST-12914,50,85.5,Gold,East,Electronics,In-Store,5,2219.74,0.0,3.1,Express,4.5,2026-02-28 16:22:11
CUST-12915,66,87.4,Bronze,East,Books & Media,Mobile App,1,256.64,0.0,0.9,Same-Day,4.4,2026-03-26 20:38:11
CUST-12916,38,47.5,Platinum,South,Home & Kitchen,Mobile App,2,443.82,0.0,2.5,Express,4.8,2026-02-25 04:27:10
CUST-12917,50,102.1,Silver,South,Health & Beauty,Mobile App,3,374.57,0.05,0.7,Same-Day,4.1,2026-02-12 09:28:27
CUST-12918,42,78.6,Bronze,East,Apparel,Web,2,609.68,0.1,6.7,Standard,2.4,2026-02-22 05:57:50
CUST-12919,59,86.5,Bronze,East,Electronics,Mobile App,2,2151.7,0.15,7.2,Standard,2.3,2026-02-09 04:39:34
CUST-12920,30,40.9,Bronze,East,Apparel,In-Store,3,421.94,0.15,2.9,Express,3.7,2026-03-18 21:32:33
CUST-12921,51,68.8,Gold,West,Electronics,Web,1,1110.01,0.0,6.0,Standard,3.9,2026-01-20 01:01:21
CUST-12922,38,86.3,Bronze,North,Apparel,Mobile App,2,401.91,0.0,,Express,4.2,2026-02-26 07:42:38
CUST-12923,40,71.1,Bronze,East,Electronics,Mobile App,2,1625.67,0.0,5.1,Standard,3.0,2026-04-01 00:32:52
CUST-12924,42,62.9,Gold,North,Apparel,Mobile App,1,358.74,0.2,3.1,Express,3.6,2026-02-05 15:23:22
CUST-12925,44,81.0,Silver,West,Electronics,Web,2,1110.17,0.1,5.2,Standard,3.6,2026-02-22 04:11:11
CUST-12926,39,55.7,Gold,South,Health & Beauty,Mobile App,3,236.28,0.0,6.6,Standard,3.2,2026-02-13 16:39:18
CUST-12927,44,95.9,Silver,North,Apparel,In-Store,4,494.06,0.0,7.4,Standard,2.3,2026-02-15 18:27:30
CUST-12928,63,114.6,Bronze,West,Apparel,Web,1,599.16,0.05,2.6,Express,3.6,2026-02-10 04:34:58
CUST-12929,54,77.4,Gold,South,Health & Beauty,Mobile App,11,506.28,0.0,7.2,Standard,3.2,2026-03-21 18:09:52
CUST-12930,53,73.9,Bronze,South,Home & Kitchen,Mobile App,3,622.72,0.15,3.0,Express,4.1,2026-02-23 02:46:12
CUST-12931,34,23.1,Silver,West,Home & Kitchen,Mobile App,2,392.72,0.05,5.2,Standard,3.6,2026-02-26 21:43:18
CUST-12932,28,33.6,Silver,West,Home & Kitchen,Mobile App,1,337.31,0.1,6.1,Standard,2.8,2026-01-20 03:33:35
CUST-12933,54,64.3,Bronze,South,Books & Media,Mobile App,2,109.76,0.05,2.9,Express,4.2,2026-03-19 17:56:21
CUST-12934,53,85.3,Platinum,East,Health & Beauty,Web,5,678.67,0.0,6.1,Standard,4.0,2026-02-13 21:04:43
CUST-12935,61,87.2,Silver,East,Home & Kitchen,In-Store,2,1085.58,0.05,6.5,Standard,3.4,2026-01-20 19:40:29
CUST-12936,32,40.0,Bronze,West,Health & Beauty,In-Store,3,268.04,0.1,6.6,Standard,3.5,2026-02-13 18:17:03
CUST-12937,37,61.5,Platinum,South,Home & Kitchen,Web,2,429.07,0.05,2.4,Express,4.6,2026-02-12 19:05:12
CUST-12938,18,52.4,Silver,North,Apparel,Web,2,242.18,0.05,1.1,Same-Day,4.2,2026-01-07 19:10:19
CUST-12939,35,71.4,Silver,South,Health & Beauty,Mobile App,1,228.79,0.15,5.1,Standard,3.1,2026-02-12 06:45:38
CUST-12940,54,55.9,Silver,West,Home & Kitchen,In-Store,3,637.93,0.0,5.4,Standard,3.6,2026-03-03 23:00:05
CUST-12941,34,60.5,Gold,East,Health & Beauty,In-Store,2,426.95,0.05,6.4,Standard,3.6,2026-01-02 22:22:43
CUST-12942,49,58.1,Bronze,North,Electronics,In-Store,1,1035.0,0.0,2.8,Express,4.0,2026-03-27 23:03:11
CUST-12943,38,80.3,Bronze,North,Apparel,Web,2,343.73,0.1,5.4,Standard,3.8,2026-03-19 07:06:15
CUST-12944,45,86.3,Silver,East,Health & Beauty,In-Store,5,616.76,0.0,3.0,Express,3.9,2026-02-16 01:40:44
CUST-12945,24,37.9,Bronze,East,Apparel,In-Store,4,480.84,0.1,6.0,Standard,3.1,2026-02-08 02:48:16
CUST-12946,42,59.7,Silver,East,Health & Beauty,Web,1,464.21,0.0,3.1,Express,3.6,2026-01-01 19:16:07
CUST-12947,18,37.9,Bronze,North,Health & Beauty,Web,6,216.95,0.0,6.0,Standard,2.1,2026-02-16 22:10:32
CUST-12948,38,33.0,Bronze,South,Health & Beauty,Mobile App,1,191.34,0.1,0.6,Same-Day,3.8,2026-01-13 17:54:43
CUST-12949,18,49.8,Bronze,North,Home & Kitchen,Mobile App,1,253.24,0.1,7.0,Standard,3.3,2026-03-02 02:57:56
CUST-12950,57,83.6,Silver,South,Home & Kitchen,Web,1,553.94,0.15,6.5,Standard,3.4,2026-03-22 20:26:51
CUST-12951,51,95.7,Gold,East,Health & Beauty,Web,1,572.54,0.05,2.6,Express,4.0,2026-03-06 03:11:38
CUST-12952,47,60.2,Bronze,South,Books & Media,Web,1,114.78,0.05,2.6,Express,3.8,2026-03-09 17:46:52
CUST-12953,62,83.9,Silver,South,Home & Kitchen,Mobile App,3,650.08,0.1,5.4,Standard,3.2,2026-02-24 21:33:11
CUST-12954,27,32.1,Bronze,West,Health & Beauty,Web,3,234.07,0.0,1.1,Same-Day,4.2,2026-01-31 22:07:25
CUST-12955,65,81.4,Silver,South,Home & Kitchen,Mobile App,3,654.15,0.0,5.1,Standard,4.1,2026-01-14 16:51:18
CUST-12956,54,66.7,Bronze,West,Health & Beauty,Web,3,414.1,0.0,6.4,Standard,3.3,2026-03-26 14:22:12
CUST-12957,37,80.6,Silver,South,Electronics,In-Store,4,1045.66,0.0,7.4,Standard,2.6,2026-03-27 19:25:55
CUST-12958,56,76.1,Silver,South,Electronics,In-Store,1,1084.83,0.0,7.1,Standard,2.9,2026-01-06 00:33:09
CUST-12959,25,54.4,Gold,North,Apparel,In-Store,3,313.27,0.2,2.2,Express,4.8,2026-02-24 01:55:33
CUST-12960,29,51.2,Bronze,North,Apparel,Mobile App,3,338.08,0.15,7.4,Standard,2.4,2026-02-22 21:31:30
CUST-12961,32,41.2,Gold,East,Books & Media,Web,7,258.66,0.2,6.2,Standard,3.4,2026-02-06 23:05:26
CUST-12962,33,58.8,Silver,West,Electronics,Mobile App,1,831.39,0.25,5.5,Standard,3.5,2026-02-27 00:00:57
CUST-12963,26,62.6,Gold,West,Health & Beauty,Web,1,241.63,0.05,7.0,Standard,3.9,2026-01-03 23:56:02
CUST-12964,58,70.7,Bronze,South,Apparel,In-Store,3,437.82,0.0,1.1,Same-Day,4.2,2026-03-18 15:58:43
CUST-12965,37,77.8,Bronze,North,Apparel,Web,4,404.82,0.05,2.5,Express,3.5,2026-01-11 21:49:04
CUST-12966,45,61.8,Gold,South,Apparel,Mobile App,1,302.4,0.15,5.4,Standard,3.9,2026-02-11 17:03:04
CUST-12967,33,54.1,Bronze,East,Home & Kitchen,Mobile App,2,644.49,0.05,6.3,Standard,3.2,2026-02-24 23:24:36
CUST-12968,18,52.8,Bronze,South,Electronics,In-Store,1,503.33,0.05,0.9,Same-Day,4.2,2026-02-08 03:07:06
CUST-12969,44,63.4,Bronze,South,Electronics,Mobile App,8,1336.03,0.0,7.1,Standard,2.9,2026-01-25 00:39:39
CUST-12970,18,45.4,Gold,South,Books & Media,Mobile App,1,79.48,0.05,6.3,Standard,3.6,2026-01-09 17:45:55
CUST-12971,40,64.3,Bronze,East,Electronics,Mobile App,1,1430.69,0.05,6.2,Standard,2.8,2026-01-13 17:19:58
CUST-12972,21,50.0,Gold,East,Apparel,Mobile App,1,295.6,0.05,5.0,Standard,4.7,2026-03-27 12:13:50
CUST-12973,68,64.1,Silver,East,Books & Media,Web,2,244.98,0.15,3.0,Express,3.7,2026-01-18 21:32:55
CUST-12974,53,55.9,Bronze,North,Electronics,In-Store,1,1096.24,0.0,2.7,Express,3.9,2026-01-10 21:57:47
CUST-12975,42,80.4,Bronze,North,Apparel,Mobile App,4,442.42,0.25,0.7,Same-Day,4.0,2026-01-12 17:51:41
CUST-12976,58,104.4,Bronze,South,Electronics,Web,6,1550.1,0.0,7.1,Standard,3.2,2026-02-17 03:02:12
CUST-12977,29,43.2,Silver,West,Apparel,In-Store,1,240.91,0.2,5.2,Standard,2.8,2026-03-24 20:14:33
CUST-12978,48,74.1,Silver,West,Home & Kitchen,Mobile App,3,668.86,0.05,0.7,Same-Day,3.5,2026-03-25 02:26:35
CUST-12979,43,76.7,Silver,North,Electronics,In-Store,1,1015.42,0.1,2.8,Express,3.7,2026-01-11 01:18:33
CUST-12980,44,83.8,Bronze,South,Health & Beauty,In-Store,2,285.2,0.0,2.7,Express,4.4,2026-01-02 01:00:52
CUST-12981,58,58.4,Silver,South,Health & Beauty,Mobile App,1,321.09,0.1,5.5,Standard,3.6,2026-02-27 04:56:02
CUST-12982,51,67.8,Gold,South,Electronics,Web,1,1021.32,0.15,2.5,Express,4.0,2026-03-12 09:34:09
CUST-12983,45,69.5,Silver,West,Health & Beauty,Web,3,331.81,0.0,5.8,Standard,3.3,2026-01-11 14:51:57
CUST-12984,18,55.3,Gold,North,Apparel,In-Store,1,240.59,0.0,7.7,Standard,3.1,2026-02-23 02:32:42
CUST-12985,27,92.2,Bronze,South,Electronics,In-Store,5,1039.66,0.0,2.5,Express,3.9,2026-01-04 20:50:34
CUST-12986,39,64.5,Gold,West,Electronics,Mobile App,3,1065.29,0.0,2.4,Express,4.4,2026-03-03 07:16:36
CUST-12987,42,50.1,Bronze,East,Apparel,Mobile App,3,586.31,0.0,3.0,Express,4.0,2026-03-26 17:12:51
CUST-12988,25,58.5,Bronze,East,Home & Kitchen,Web,7,870.39,0.1,2.6,Express,3.2,2026-03-27 17:51:05
CUST-12989,74,126.2,Gold,East,Apparel,In-Store,7,1135.53,0.0,6.2,Standard,3.1,2026-01-11 00:47:20
CUST-12990,62,94.8,Platinum,North,Books & Media,Web,2,227.02,0.1,6.5,Standard,3.9,2026-03-28 18:57:57
CUST-12991,49,65.3,Silver,East,Home & Kitchen,Web,2,863.83,0.15,2.8,Express,3.3,2026-01-05 19:11:44
CUST-12992,42,85.6,Bronze,East,Apparel,Mobile App,1,590.02,0.1,6.6,Standard,2.6,2026-03-03 05:38:04
CUST-12993,38,76.8,Bronze,West,Books & Media,Web,3,108.69,0.0,5.1,Standard,3.4,2026-03-17 10:25:02
CUST-12994,27,39.3,Silver,North,Health & Beauty,In-Store,2,212.46,0.05,7.2,Standard,2.6,2026-01-30 23:26:19
CUST-12995,42,76.9,Gold,West,Electronics,Web,7,1420.22,0.05,5.5,Standard,4.5,2026-02-26 19:23:29
CUST-12996,44,88.4,Bronze,North,Apparel,Web,1,393.05,0.0,1.0,Same-Day,3.8,2026-02-02 20:55:11
CUST-12997,23,68.0,Gold,East,Apparel,Mobile App,1,356.45,0.0,5.5,Standard,3.6,2026-02-06 18:16:34
CUST-12998,45,73.5,Bronze,East,Apparel,Mobile App,1,602.54,0.2,7.1,Standard,3.0,2026-03-23 16:10:31
CUST-12999,38,61.4,Gold,West,Home & Kitchen,Web,4,569.89,0.1,2.8,Express,3.7,2026-03-09 11:21:18
CUST-13000,18,63.2,Gold,West,Apparel,Mobile App,1,254.59,0.0,7.0,Standard,3.6,2026-01-24 07:07:14
CUST-13001,28,37.6,Bronze,West,Home & Kitchen,Web,2,362.3,0.05,1.2,Same-Day,4.1,2026-03-12 02:41:09
CUST-13002,35,70.1,Bronze,East,Home & Kitchen,In-Store,2,773.47,0.0,5.3,Standard,3.1,2026-01-08 03:47:56
CUST-13003,67,78.1,Gold,South,Home & Kitchen,Web,1,622.59,0.25,2.5,Express,4.3,2026-01-19 14:31:25
CUST-13004,48,93.8,Silver,North,Electronics,In-Store,2,1272.07,0.25,6.4,Standard,3.2,2026-01-15 09:28:05
CUST-13005,22,45.3,Silver,East,Apparel,Mobile App,2,425.78,0.0,5.8,Standard,3.7,2026-03-28 01:41:47
CUST-13006,47,95.7,Silver,East,Apparel,Web,1,636.85,0.05,5.6,Standard,4.1,2026-02-02 02:31:46
CUST-13007,19,53.3,Bronze,South,Apparel,Web,2,243.43,0.05,7.3,Standard,2.5,2026-03-20 20:55:25
CUST-13008,56,68.3,Gold,North,Health & Beauty,Mobile App,8,492.51,0.05,2.9,Express,3.7,2026-02-28 20:56:01
CUST-13009,34,83.8,Bronze,West,Apparel,Web,9,519.2,0.0,5.9,Standard,3.2,2026-03-11 20:39:48
CUST-13010,39,91.2,Platinum,North,Electronics,Web,2,1094.39,0.1,3.0,Express,3.8,2026-03-11 16:04:47
CUST-13011,59,103.1,Bronze,North,Apparel,Web,2,498.62,0.0,6.7,Standard,3.2,2026-01-07 03:48:31
CUST-13012,22,37.8,Silver,North,Books & Media,Mobile App,1,101.8,0.1,2.2,Express,3.8,2026-03-17 17:12:02
CUST-13013,21,43.5,Bronze,West,Books & Media,Mobile App,12,210.47,0.05,2.6,Express,3.9,2026-03-07 19:24:18
CUST-13014,32,62.4,Bronze,West,Apparel,Web,1,301.29,0.1,5.8,Standard,3.0,2026-03-31 02:41:35
CUST-13015,55,74.9,Bronze,East,Apparel,Mobile App,2,704.85,0.1,5.6,Standard,3.3,2026-01-04 08:09:19
CUST-13016,19,71.3,Silver,South,Apparel,Mobile App,1,234.79,0.05,2.5,Express,3.9,2026-03-12 03:25:29
CUST-13017,18,47.0,Silver,North,Home & Kitchen,Web,1,286.17,0.1,7.5,Standard,2.9,2026-02-27 04:25:36
CUST-13018,34,22.0,Gold,East,Health & Beauty,In-Store,1,330.03,0.05,6.3,Standard,3.1,2026-03-02 13:20:44
CUST-13019,48,82.9,Bronze,South,Home & Kitchen,Mobile App,4,604.75,0.0,3.0,Express,3.7,2026-02-26 00:22:19
CUST-13020,57,82.5,Silver,South,Home & Kitchen,In-Store,2,598.63,0.0,1.0,Same-Day,4.7,2026-01-14 21:43:59
CUST-13021,34,61.3,Gold,South,Apparel,Web,2,274.46,0.0,1.0,Same-Day,4.6,2026-03-24 14:11:33
CUST-13022,35,58.0,Bronze,South,Apparel,In-Store,1,247.41,0.0,3.1,Express,3.7,2026-01-08 02:38:58
CUST-13023,57,99.8,Bronze,South,Books & Media,Mobile App,4,92.61,0.1,,Standard,3.6,2026-02-24 01:42:43
CUST-13024,18,61.6,Silver,East,Apparel,Mobile App,1,372.85,0.05,0.9,Same-Day,3.8,2026-03-24 01:51:16
CUST-13025,35,67.7,Bronze,South,Health & Beauty,Mobile App,1,223.41,0.0,5.2,Standard,3.6,2026-02-28 03:55:41
CUST-13026,43,67.2,Bronze,South,Apparel,Web,3,352.02,0.15,7.5,Standard,2.7,2026-03-02 18:58:22
CUST-13027,47,76.1,Silver,East,Electronics,In-Store,6,2153.9,0.1,1.1,Same-Day,4.4,2026-03-14 02:57:40
CUST-13028,33,61.6,Bronze,East,Home & Kitchen,Mobile App,1,628.78,0.05,5.4,Standard,3.5,2026-01-29 02:24:08
CUST-13029,41,58.1,Silver,South,Electronics,Web,2,876.0,0.0,6.8,Standard,2.8,2026-03-26 16:11:26
CUST-13030,18,53.5,Platinum,West,Apparel,Web,2,216.98,0.0,3.0,Express,4.5,2026-02-25 06:35:16
CUST-13031,31,66.0,Silver,South,Apparel,Web,5,356.1,0.05,5.1,Standard,3.6,2026-03-15 19:31:40
CUST-13032,47,99.8,Silver,East,Books & Media,Mobile App,1,233.47,0.15,7.7,Standard,2.2,2026-02-23 02:17:45
CUST-13033,27,73.5,Bronze,East,Apparel,Mobile App,2,442.72,0.0,6.9,Standard,2.8,2026-03-25 03:41:16
CUST-13034,41,59.8,Gold,West,Electronics,Mobile App,1,924.87,0.05,5.9,Standard,3.9,2026-02-13 23:19:48
CUST-13035,47,89.0,Bronze,East,Home & Kitchen,Web,1,854.67,0.2,1.0,Same-Day,3.9,2026-01-28 16:01:01
CUST-13036,36,50.3,Silver,North,Apparel,Mobile App,1,346.91,0.1,6.1,Standard,3.1,2026-02-15 18:59:57
CUST-13037,43,82.7,Platinum,North,Health & Beauty,Mobile App,9,500.24,0.05,5.6,Standard,3.4,2026-02-18 17:32:58
CUST-13038,27,47.0,Silver,East,Apparel,Web,1,358.54,0.1,6.3,Standard,2.8,2026-03-08 23:45:14
CUST-13039,38,51.5,Silver,East,Home & Kitchen,Web,7,924.89,0.15,3.0,Express,3.9,2026-01-27 18:16:10
CUST-13040,49,83.1,Bronze,West,Electronics,Web,1,1174.86,0.05,2.9,Express,3.4,2026-03-23 00:58:53
CUST-13041,43,32.2,Bronze,East,Books & Media,In-Store,7,243.18,0.15,6.2,Standard,2.6,2026-03-20 18:35:56
CUST-13042,32,33.9,Gold,South,Books & Media,Mobile App,3,101.63,0.05,5.3,Standard,4.1,2026-02-08 08:29:36
CUST-13043,44,70.7,Bronze,West,Health & Beauty,In-Store,1,317.61,0.15,3.2,Express,3.8,2026-03-27 20:56:40
CUST-13044,51,82.3,Silver,East,Electronics,Web,3,2035.66,0.2,5.7,Standard,2.8,2026-03-26 01:08:08
CUST-13045,18,39.3,Bronze,West,Apparel,In-Store,1,163.64,0.05,5.8,Standard,3.2,2026-01-28 03:30:13
CUST-13046,57,64.0,Gold,East,Home & Kitchen,Mobile App,2,976.44,0.1,6.7,Standard,3.1,2026-02-04 11:38:07
CUST-13047,36,52.3,Bronze,East,Electronics,Mobile App,2,1420.08,0.1,7.1,Standard,2.9,2026-02-16 18:20:42
CUST-13048,46,81.5,Silver,East,Apparel,Web,2,627.06,0.15,1.4,Same-Day,4.0,2026-02-22 07:21:11
CUST-13049,57,96.4,Silver,South,Health & Beauty,Mobile App,3,379.21,0.15,3.2,Express,3.3,2026-03-10 18:16:06
CUST-13050,21,47.9,Silver,South,Apparel,In-Store,4,243.18,0.0,3.1,Express,3.9,2026-03-08 03:02:02
CUST-13051,31,76.5,Bronze,South,Health & Beauty,Web,1,271.63,0.1,1.1,Same-Day,4.3,2026-02-10 23:31:25
CUST-13052,36,70.6,Silver,West,Electronics,Web,6,1232.71,0.15,2.4,Express,3.9,2026-02-19 15:32:02
CUST-13053,30,46.8,Bronze,East,Home & Kitchen,Mobile App,7,899.68,0.1,0.8,Same-Day,4.2,2026-02-15 01:09:45
CUST-13054,65,92.3,Bronze,North,Home & Kitchen,In-Store,1,679.86,0.1,5.0,Standard,2.8,2026-01-21 06:04:03
CUST-13055,29,35.9,Bronze,North,Apparel,Mobile App,1,288.48,0.0,5.5,Standard,3.7,2026-03-13 04:03:56
CUST-13056,33,59.7,Silver,South,Health & Beauty,Web,2,199.66,0.05,2.2,Express,3.8,2026-02-06 02:50:59
CUST-13057,43,89.0,Bronze,East,Electronics,Web,3,1894.83,0.15,2.4,Express,3.4,2026-03-13 23:37:31
CUST-13058,24,61.7,Platinum,East,Health & Beauty,Web,1,270.99,0.2,6.3,Standard,4.0,2026-03-11 19:31:45
CUST-13059,35,84.5,Silver,North,Home & Kitchen,In-Store,1,453.1,0.0,6.1,Standard,3.4,2026-01-24 20:37:13
CUST-13060,45,70.0,Bronze,South,Apparel,Mobile App,3,397.32,0.05,6.0,Standard,3.3,2026-02-05 20:40:02
CUST-13061,36,84.8,Silver,South,Health & Beauty,Mobile App,3,308.29,0.15,7.2,Standard,2.5,2026-01-06 05:19:12
CUST-13062,39,65.0,Gold,North,Apparel,Web,1,345.28,0.1,6.8,Standard,3.7,2026-03-25 17:08:07
CUST-13063,33,83.4,Bronze,South,Books & Media,In-Store,6,158.88,0.1,7.5,Standard,2.8,2026-01-20 20:14:55
CUST-13064,19,45.6,Silver,West,Apparel,Mobile App,3,280.32,0.0,2.6,Express,3.9,2026-02-22 21:51:37
CUST-13065,45,85.1,Silver,South,Books & Media,In-Store,2,113.69,0.1,,Express,3.5,2026-02-09 21:07:01
CUST-13066,65,118.6,Bronze,South,Home & Kitchen,Mobile App,3,707.8,0.1,2.3,Express,4.2,2026-02-19 08:55:37
CUST-13067,41,67.2,Gold,South,Electronics,In-Store,1,869.45,0.1,1.2,Same-Day,4.5,2026-03-15 18:33:51
CUST-13068,44,76.7,Bronze,West,Home & Kitchen,Mobile App,2,555.16,0.1,7.3,Standard,3.3,2026-03-08 23:29:45
CUST-13069,50,99.3,Bronze,East,Electronics,Web,1,1916.19,0.05,5.5,Standard,2.7,2026-02-05 03:09:30
CUST-13070,23,48.3,Gold,North,Apparel,In-Store,1,244.75,0.25,7.4,Standard,2.9,2026-03-06 00:13:38
CUST-13071,64,75.6,Silver,West,Electronics,Web,1,1341.52,0.1,1.2,Same-Day,3.9,2026-02-06 20:59:26
CUST-13072,43,104.4,Gold,South,Electronics,Mobile App,1,1050.51,0.05,5.4,Standard,4.2,2026-02-15 02:55:16
CUST-13073,63,87.3,Silver,East,Electronics,In-Store,3,2338.21,0.2,2.8,Express,4.4,2026-02-08 02:33:34
CUST-13074,30,60.4,Silver,East,Home & Kitchen,Web,3,727.98,0.2,6.4,Standard,2.7,2026-03-28 18:58:45
CUST-13075,66,114.9,Gold,North,Apparel,Mobile App,1,544.36,0.15,0.5,Same-Day,4.6,2026-03-26 15:55:23
CUST-13076,51,72.0,Bronze,East,Apparel,Mobile App,1,646.04,0.05,6.1,Standard,3.2,2026-01-28 03:21:00
CUST-13077,48,62.7,Gold,West,Apparel,Mobile App,4,467.65,0.05,3.0,Express,4.4,2026-03-06 23:12:28
CUST-13078,44,77.2,Silver,West,Home & Kitchen,In-Store,1,553.04,0.0,6.5,Standard,3.3,2026-03-14 16:50:25
CUST-13079,37,38.8,Bronze,North,Home & Kitchen,Mobile App,1,447.38,0.0,5.8,Standard,2.8,2026-01-03 18:59:43
CUST-13080,57,83.4,Silver,East,Apparel,Mobile App,2,744.63,0.05,3.1,Express,3.7,2026-03-01 03:58:34
CUST-13081,42,74.9,Bronze,South,Health & Beauty,Web,4,295.82,0.05,1.0,Same-Day,3.3,2026-01-31 01:28:50
CUST-13082,18,40.8,Silver,West,Home & Kitchen,Web,5,377.96,0.0,,Standard,3.5,2026-01-17 05:28:43
CUST-13083,25,29.3,Silver,South,Home & Kitchen,Mobile App,3,349.69,0.2,0.7,Same-Day,4.0,2026-01-29 22:06:23
CUST-13084,38,90.7,Platinum,West,Apparel,Mobile App,1,381.58,0.05,3.1,Express,4.1,2026-03-11 13:43:45
CUST-13085,45,76.1,Bronze,East,Electronics,Web,3,1893.75,0.05,2.7,Express,3.8,2026-03-20 02:05:32
CUST-13086,40,90.5,Silver,East,Health & Beauty,Mobile App,1,414.69,0.05,6.8,Standard,2.8,2026-03-15 18:34:25
CUST-13087,58,84.9,Bronze,East,Books & Media,Web,1,271.72,0.0,7.6,Standard,3.3,2026-03-29 19:36:36
CUST-13088,18,31.6,Silver,West,Electronics,Mobile App,2,564.67,0.15,,Standard,2.6,2026-01-24 17:03:38
CUST-13089,43,76.3,Silver,East,Apparel,Web,3,637.24,0.0,1.0,Same-Day,4.8,2026-01-07 19:13:51
CUST-13090,18,41.6,Silver,West,Home & Kitchen,Mobile App,1,253.88,0.1,0.9,Same-Day,4.3,2026-02-19 03:05:57
CUST-13091,51,63.4,Gold,North,Home & Kitchen,Mobile App,1,581.51,0.1,2.9,Express,4.6,2026-03-05 00:16:50
CUST-13092,39,89.9,Gold,East,Health & Beauty,In-Store,4,560.9,0.05,5.6,Standard,3.3,2026-02-15 15:48:25
CUST-13093,46,66.3,Bronze,East,Electronics,Mobile App,5,1987.29,0.05,5.9,Standard,3.8,2026-02-18 00:23:37
CUST-13094,28,28.2,Bronze,North,Apparel,Mobile App,3,279.02,0.0,0.9,Same-Day,3.6,2026-01-26 01:12:52
CUST-13095,58,108.7,Silver,South,Electronics,In-Store,2,1317.78,0.0,5.6,Standard,3.1,2026-02-13 04:55:49
CUST-13096,55,77.9,Silver,East,Apparel,Mobile App,5,821.98,0.05,2.4,Express,4.2,2026-02-25 04:11:37
CUST-13097,49,69.8,Bronze,East,Electronics,Web,4,2030.14,0.15,6.9,Standard,3.1,2026-02-03 13:56:10
CUST-13098,39,41.4,Silver,South,Health & Beauty,In-Store,3,240.49,0.05,7.4,Standard,2.4,2026-03-07 04:28:28
CUST-13099,49,105.0,Bronze,East,Home & Kitchen,Mobile App,1,904.01,0.0,2.3,Express,4.2,2026-01-28 13:23:28
CUST-13100,31,39.8,Bronze,South,Books & Media,Mobile App,1,84.72,0.0,6.2,Standard,3.2,2026-02-10 16:33:02
CUST-13101,52,83.1,Gold,East,Electronics,Mobile App,2,1953.98,0.1,6.6,Standard,3.4,2026-01-29 15:13:08
CUST-13102,64,109.1,Bronze,South,Apparel,In-Store,1,478.98,0.05,1.2,Same-Day,3.4,2026-02-01 17:26:34
CUST-13103,55,91.8,Bronze,West,Apparel,In-Store,1,490.37,0.0,3.2,Express,3.8,2026-03-11 03:04:56
CUST-13104,30,57.1,Bronze,South,Apparel,In-Store,2,219.28,0.1,2.9,Express,3.6,2026-02-04 02:39:05
CUST-13105,46,50.1,Gold,West,Books & Media,Web,1,117.71,0.0,2.8,Express,4.3,2026-03-01 02:46:55
CUST-13106,22,37.1,Platinum,North,Apparel,Mobile App,4,257.98,0.05,7.7,Standard,3.2,2026-03-03 05:08:08
CUST-13107,49,81.7,Silver,East,Electronics,Web,1,1741.78,0.0,5.2,Standard,3.1,2026-02-21 20:15:07
CUST-13108,47,64.9,Bronze,East,Electronics,Web,2,1720.81,0.2,5.2,Standard,3.4,2026-03-04 08:12:26
CUST-13109,18,47.9,Platinum,North,Electronics,In-Store,4,791.61,0.0,6.5,Standard,4.6,2026-01-27 01:53:33
CUST-13110,24,61.6,Silver,West,Books & Media,Web,2,105.59,0.05,6.0,Standard,3.0,2026-03-19 04:14:50
CUST-13111,37,80.1,Gold,South,Apparel,Mobile App,2,313.3,0.2,2.3,Express,4.8,2026-01-13 06:35:23
CUST-13112,36,46.2,Gold,West,Books & Media,Mobile App,2,108.19,0.0,5.8,Standard,3.9,2026-01-22 20:24:47
CUST-13113,24,84.3,Bronze,South,Home & Kitchen,Mobile App,5,499.11,0.1,2.9,Express,3.8,2026-03-15 03:15:04
CUST-13114,46,87.1,Silver,West,Electronics,Web,11,1833.86,0.0,7.4,Standard,2.5,2026-02-26 04:43:09
CUST-13115,44,73.4,Bronze,South,Electronics,Web,3,1035.6,0.0,5.3,Standard,2.9,2026-01-06 16:51:19
CUST-13116,38,83.1,Bronze,South,Books & Media,Mobile App,4,118.0,0.1,6.5,Standard,3.2,2026-02-06 01:53:21
CUST-13117,30,93.5,Gold,West,Books & Media,Web,1,74.43,0.2,2.5,Express,4.1,2026-03-15 16:43:11
CUST-13118,55,63.9,Gold,South,Apparel,In-Store,5,444.09,0.05,6.8,Standard,3.3,2026-02-28 21:30:43
CUST-13119,64,92.0,Silver,South,Electronics,In-Store,8,1626.7,0.1,2.7,Express,3.7,2026-03-01 04:46:28
CUST-13120,34,26.7,Silver,East,Electronics,Mobile App,2,1242.72,0.1,3.1,Express,3.6,2026-03-10 03:36:30
CUST-13121,32,63.1,Bronze,North,Apparel,In-Store,4,350.67,0.05,5.1,Standard,3.6,2026-02-22 00:32:05
CUST-13122,47,82.2,Bronze,East,Electronics,Web,2,1860.78,0.1,6.3,Standard,2.9,2026-03-10 03:19:45
CUST-13123,35,62.9,Bronze,South,Apparel,Mobile App,1,322.96,0.0,0.6,Same-Day,4.4,2026-03-18 16:25:06
CUST-13124,39,58.1,Silver,East,Apparel,Web,5,651.33,0.05,6.4,Standard,3.2,2026-03-21 17:34:52
CUST-13125,51,50.4,Silver,East,Electronics,Mobile App,3,1818.22,0.05,7.3,Standard,2.3,2026-02-20 17:39:32
CUST-13126,18,50.4,Bronze,West,Electronics,Mobile App,3,684.3,0.15,3.1,Express,3.7,2026-04-01 03:06:45
CUST-13127,59,111.7,Platinum,North,Health & Beauty,Web,3,436.46,0.0,2.6,Express,3.7,2026-03-10 04:44:14
CUST-13128,42,62.3,Bronze,South,Home & Kitchen,Web,5,590.62,0.1,7.2,Standard,2.6,2026-01-27 00:41:12
CUST-13129,35,70.1,Gold,South,Health & Beauty,Web,4,289.08,0.0,5.8,Standard,3.8,2026-03-15 06:30:23
CUST-13130,39,44.4,Silver,West,Apparel,Mobile App,1,309.11,0.0,5.0,Standard,3.3,2026-02-11 02:16:29
CUST-13131,40,75.9,Bronze,East,Home & Kitchen,Web,2,851.76,0.1,7.3,Standard,2.3,2026-03-17 00:42:32
CUST-13132,18,38.9,Gold,North,Electronics,Mobile App,10,1156.87,0.1,5.3,Standard,3.4,2026-01-06 01:07:19
CUST-13133,61,80.7,Silver,North,Home & Kitchen,Mobile App,2,698.05,0.05,5.0,Standard,2.4,2026-02-23 04:22:18
CUST-13134,41,58.7,Silver,West,Electronics,Mobile App,7,1361.31,0.0,6.0,Standard,2.7,2026-02-07 15:46:18
CUST-13135,47,70.8,Silver,West,Electronics,Mobile App,4,1273.28,0.2,0.7,Same-Day,4.3,2026-02-22 16:43:37
CUST-13136,54,90.1,Bronze,West,Health & Beauty,Web,3,388.33,0.0,2.3,Express,3.6,2026-03-29 18:17:23
CUST-13137,26,33.9,Silver,West,Home & Kitchen,Mobile App,1,309.91,0.1,3.0,Express,3.7,2026-02-26 04:41:04
CUST-13138,47,70.7,Gold,North,Health & Beauty,In-Store,1,325.5,0.1,6.1,Standard,3.6,2026-01-20 05:11:21
CUST-13139,37,65.1,Bronze,North,Apparel,Mobile App,3,345.87,0.1,6.3,Standard,3.1,2026-03-06 20:29:59
CUST-13140,52,65.7,Bronze,South,Apparel,Mobile App,2,382.02,0.2,5.7,Standard,3.5,2026-03-11 05:35:21
CUST-13141,18,71.7,Gold,North,Apparel,Mobile App,4,302.4,0.1,2.7,Express,4.1,2026-03-29 00:14:27
CUST-13142,39,55.1,Bronze,East,Home & Kitchen,Web,4,821.12,0.0,7.1,Standard,3.2,2026-02-22 22:17:16
CUST-13143,32,50.2,Silver,South,Home & Kitchen,Mobile App,1,336.21,0.05,7.4,Standard,2.0,2026-01-20 03:24:30
CUST-13144,47,62.0,Silver,North,Health & Beauty,In-Store,3,281.48,0.05,7.6,Standard,3.2,2026-03-08 00:12:46
CUST-13145,47,103.7,Silver,East,Electronics,Web,2,1951.38,0.0,6.2,Standard,2.6,2026-02-17 22:23:06
CUST-13146,31,67.4,Bronze,North,Home & Kitchen,In-Store,1,394.33,0.2,7.7,Standard,2.4,2026-03-07 09:16:16
CUST-13147,31,45.1,Bronze,West,Apparel,Web,2,284.85,0.0,5.8,Standard,2.9,2026-03-14 09:00:11
CUST-13148,39,84.5,Bronze,South,Electronics,Mobile App,6,1146.79,0.1,5.0,Standard,3.7,2026-01-19 01:55:06
CUST-13149,28,58.8,Silver,West,Apparel,In-Store,2,301.57,0.1,3.0,Express,3.3,2026-03-21 14:36:28
CUST-13150,52,86.1,Silver,North,Apparel,In-Store,1,461.29,0.15,5.5,Standard,3.0,2026-02-09 02:48:44
CUST-13151,35,58.3,Silver,East,Electronics,In-Store,2,1411.97,0.05,2.3,Express,3.4,2026-03-15 01:26:07
CUST-13152,18,33.6,Silver,West,Electronics,In-Store,1,524.87,0.1,7.5,Standard,2.9,2026-02-20 22:19:03
CUST-13153,35,68.6,Bronze,South,Apparel,Mobile App,2,293.33,0.0,7.1,Standard,3.2,2026-01-24 02:17:39
CUST-13154,26,45.4,Bronze,South,Apparel,Mobile App,1,174.36,0.1,5.3,Standard,3.8,2026-02-03 07:08:53
CUST-13155,18,72.1,Gold,East,Apparel,Web,4,475.42,0.0,7.1,Standard,4.3,2026-03-01 18:09:15
CUST-13156,23,31.3,Silver,East,Electronics,Web,1,891.83,0.2,7.3,Standard,3.1,2026-03-01 00:53:15
CUST-13157,42,94.2,Bronze,West,Electronics,Mobile App,3,1217.65,0.0,7.4,Standard,3.0,2026-01-27 04:58:21
CUST-13158,59,88.2,Bronze,North,Health & Beauty,Mobile App,1,370.85,0.0,2.7,Express,3.3,2026-01-17 09:24:10
CUST-13159,45,79.0,Bronze,North,Health & Beauty,Mobile App,9,460.62,0.05,6.9,Standard,3.6,2026-02-22 17:48:58
CUST-13160,32,72.7,Bronze,North,Apparel,Mobile App,2,409.74,0.1,7.1,Standard,3.0,2026-03-19 23:00:40
CUST-13161,47,67.2,Gold,West,Health & Beauty,Mobile App,5,389.74,0.1,6.9,Standard,3.4,2026-03-19 00:58:53
CUST-13162,34,75.4,Gold,South,Home & Kitchen,Web,4,446.27,0.0,6.7,Standard,3.6,2026-03-27 14:35:59
CUST-13163,31,22.0,Gold,West,Electronics,Mobile App,3,733.54,0.0,6.5,Standard,3.3,2026-02-12 21:17:10
CUST-13164,24,40.6,Gold,East,Electronics,Mobile App,5,1383.16,0.0,0.7,Same-Day,3.8,2026-02-17 23:46:04
CUST-13165,18,30.9,Gold,North,Health & Beauty,Mobile App,1,205.29,0.05,7.7,Standard,3.5,2026-03-23 21:14:41
CUST-13166,35,44.7,Silver,South,Home & Kitchen,Mobile App,3,406.99,0.05,5.9,Standard,3.6,2026-01-21 02:32:57
CUST-13167,43,69.1,Bronze,South,Books & Media,Mobile App,1,104.28,0.05,2.3,Express,4.0,2026-02-05 03:21:37
CUST-13168,39,73.7,Gold,North,Health & Beauty,In-Store,4,350.25,0.1,,Express,4.2,2026-02-02 22:23:47
CUST-13169,35,74.0,Bronze,North,Apparel,Mobile App,8,480.04,0.05,0.6,Same-Day,4.1,2026-03-22 21:00:11
CUST-13170,27,58.3,Bronze,South,Electronics,Mobile App,6,889.59,0.2,2.7,Express,3.8,2026-03-18 02:10:39
CUST-13171,49,68.9,Bronze,West,Electronics,Mobile App,1,1137.95,0.0,2.3,Express,3.8,2026-01-03 00:42:24
CUST-13172,22,54.7,Silver,West,Electronics,Web,2,711.13,0.1,1.2,Same-Day,4.0,2026-02-04 04:25:57
CUST-13173,51,83.0,Bronze,South,Electronics,Web,2,1141.71,0.1,7.5,Standard,2.9,2026-03-17 22:25:44
CUST-13174,26,67.6,Bronze,South,Apparel,Web,1,223.5,0.0,2.9,Express,4.2,2026-04-01 00:05:12
CUST-13175,30,69.7,Silver,West,Electronics,Mobile App,1,841.78,0.05,0.6,Same-Day,4.3,2026-02-01 16:32:47
CUST-13176,20,47.5,Gold,West,Electronics,Web,2,688.47,0.05,,Express,4.2,2026-01-22 03:13:25
CUST-13177,33,47.8,Silver,West,Apparel,In-Store,12,573.06,0.0,1.1,Same-Day,4.2,2026-01-05 21:23:10
CUST-13178,54,74.6,Gold,East,Apparel,Mobile App,2,698.49,0.05,6.2,Standard,3.8,2026-01-29 02:37:55
CUST-13179,48,69.6,Bronze,South,Apparel,Mobile App,3,392.66,0.05,6.3,Standard,3.4,2026-03-28 21:48:39
CUST-13180,54,79.7,Bronze,West,Apparel,Web,2,478.84,0.0,1.4,Same-Day,3.7,2026-02-17 08:40:22
CUST-13181,48,81.8,Silver,South,Home & Kitchen,Web,3,577.46,0.05,5.2,Standard,3.1,2026-03-10 21:16:12
CUST-13182,25,63.2,Silver,East,Health & Beauty,Web,8,492.79,0.05,2.9,Express,3.4,2026-03-11 16:56:32
CUST-13183,36,63.8,Silver,North,Electronics,Mobile App,3,1003.92,0.0,6.0,Standard,3.4,2026-03-24 21:13:51
CUST-13184,30,58.2,Gold,East,Electronics,Mobile App,1,1148.74,0.0,2.3,Express,4.5,2026-02-09 19:18:51
CUST-13185,59,92.0,Gold,North,Books & Media,Mobile App,2,196.89,0.1,1.0,Same-Day,4.1,2026-01-06 17:07:27
CUST-13186,24,43.7,Platinum,North,Apparel,Mobile App,12,483.46,0.1,6.6,Standard,4.0,2026-01-14 15:55:50
CUST-13187,53,69.4,Bronze,North,Books & Media,Mobile App,2,175.45,0.2,7.0,Standard,3.4,2026-03-09 02:22:03
CUST-13188,53,57.0,Bronze,East,Electronics,Web,3,1917.21,0.0,5.6,Standard,3.1,2026-01-12 03:43:27
CUST-13189,66,87.2,Silver,East,Books & Media,Mobile App,1,247.86,0.0,0.9,Same-Day,4.1,2026-02-08 18:01:33
CUST-13190,35,70.6,Bronze,East,Health & Beauty,Mobile App,1,394.5,0.0,3.0,Express,3.9,2026-02-10 22:02:50
CUST-13191,50,69.5,Bronze,West,Home & Kitchen,Mobile App,5,687.58,0.05,6.2,Standard,2.6,2026-01-24 22:52:50
CUST-13192,72,100.6,Bronze,North,Electronics,Web,1,1564.81,0.1,6.5,Standard,3.1,2026-02-12 20:12:09
CUST-13193,32,67.2,Bronze,North,Health & Beauty,Web,1,267.84,0.05,3.2,Express,4.1,2026-03-23 18:04:48
CUST-13194,19,53.7,Bronze,North,Books & Media,Web,2,147.59,0.15,3.0,Express,3.5,2026-03-15 17:17:54
CUST-13195,18,28.6,Bronze,North,Books & Media,In-Store,8,148.13,0.1,6.2,Standard,3.4,2026-01-27 04:00:51
CUST-13196,50,95.0,Silver,East,Electronics,Mobile App,1,1878.35,0.25,6.8,Standard,3.0,2026-01-30 03:36:07
CUST-13197,18,61.7,Silver,East,Books & Media,In-Store,4,189.57,0.0,3.0,Express,3.4,2026-01-02 21:20:08
CUST-13198,35,46.6,Silver,East,Electronics,Mobile App,1,1280.89,0.0,5.1,Standard,3.2,2026-01-31 02:43:17
CUST-13199,47,64.3,Silver,South,Apparel,Web,5,383.94,0.0,1.2,Same-Day,3.8,2026-03-15 23:18:01
CUST-13200,43,90.2,Bronze,North,Home & Kitchen,Mobile App,12,957.28,0.0,7.7,Standard,2.5,2026-03-17 14:55:17
CUST-13201,46,73.4,Bronze,East,Apparel,Web,1,609.46,0.2,3.1,Express,3.6,2026-03-26 03:37:39
CUST-13202,44,40.1,Bronze,East,Home & Kitchen,In-Store,1,727.58,0.0,7.2,Standard,2.9,2026-02-26 17:33:01
CUST-13203,58,67.8,Gold,South,Home & Kitchen,Mobile App,1,565.25,0.05,0.6,Same-Day,4.5,2026-03-01 02:01:21
CUST-13204,27,51.0,Silver,North,Electronics,Mobile App,4,912.43,0.0,7.7,Standard,2.7,2026-01-19 23:19:15
CUST-13205,31,41.7,Bronze,North,Home & Kitchen,Mobile App,1,418.67,0.0,6.6,Standard,3.1,2026-02-24 02:30:36
CUST-13206,30,51.8,Bronze,West,Health & Beauty,Mobile App,1,226.65,0.0,5.6,Standard,3.4,2026-03-11 22:12:31
CUST-13207,52,82.7,Platinum,East,Electronics,In-Store,1,1833.91,0.0,2.9,Express,4.2,2026-01-24 02:13:09
CUST-13208,53,105.2,Silver,South,Home & Kitchen,Web,2,624.21,0.1,7.3,Standard,2.8,2026-03-24 11:37:40
CUST-13209,47,72.3,Gold,South,Apparel,Mobile App,1,369.14,0.25,5.3,Standard,3.1,2026-02-02 12:11:33
CUST-13210,57,103.8,Bronze,West,Apparel,Mobile App,5,589.47,0.05,7.5,Standard,2.8,2026-03-08 04:56:47
CUST-13211,24,72.8,Bronze,South,Apparel,In-Store,5,334.55,0.05,7.5,Standard,2.9,2026-03-21 03:12:15
CUST-13212,64,116.9,Gold,North,Apparel,In-Store,2,573.36,0.0,5.0,Standard,4.0,2026-01-12 03:23:48
CUST-13213,62,97.5,Silver,West,Electronics,In-Store,3,1539.32,0.15,7.4,Standard,2.9,2026-03-31 22:39:33
CUST-13214,51,51.7,Silver,West,Health & Beauty,Mobile App,3,323.25,0.0,3.1,Express,3.8,2026-01-18 22:30:57
CUST-13215,65,103.4,Silver,East,Home & Kitchen,Web,4,1250.45,0.2,2.2,Express,3.8,2026-03-06 23:13:36
CUST-13216,18,60.5,Silver,East,Apparel,Mobile App,2,413.92,0.05,2.5,Express,3.5,2026-02-01 18:49:39
CUST-13217,33,60.1,Silver,North,Apparel,Mobile App,2,319.16,0.0,0.7,Same-Day,3.7,2026-01-05 02:29:55
CUST-13218,30,84.2,Bronze,East,Home & Kitchen,Mobile App,3,700.18,0.05,5.9,Standard,3.0,2026-03-28 03:26:33
CUST-13219,51,94.0,Bronze,South,Apparel,Web,3,443.93,0.25,3.0,Express,3.4,2026-02-06 04:35:43
CUST-13220,26,62.1,Gold,South,Apparel,Mobile App,1,244.66,0.0,6.0,Standard,3.6,2026-02-26 23:05:12
CUST-13221,51,97.4,Bronze,East,Apparel,Web,1,637.79,0.0,7.6,Standard,2.7,2026-02-02 21:53:47
CUST-13222,60,96.0,Silver,West,Apparel,In-Store,1,474.19,0.0,7.7,Standard,3.0,2026-01-15 03:59:36
CUST-13223,50,42.6,Silver,South,Electronics,Web,2,931.41,0.05,5.9,Standard,3.2,2026-02-18 03:57:11
CUST-13224,44,65.9,Platinum,South,Home & Kitchen,Mobile App,2,462.72,0.0,6.4,Standard,4.1,2026-02-07 04:05:14
CUST-13225,27,72.7,Bronze,North,Books & Media,Web,2,139.68,0.1,6.5,Standard,3.2,2026-01-06 01:14:29
CUST-13226,29,44.8,Bronze,West,Electronics,Web,2,783.08,0.2,2.8,Express,3.6,2026-02-20 04:55:30
CUST-13227,58,85.4,Gold,West,Electronics,In-Store,5,1570.48,0.2,6.0,Standard,3.6,2026-03-02 14:23:28
CUST-13228,51,65.4,Gold,North,Apparel,Web,1,430.36,0.0,2.4,Express,4.4,2026-03-28 02:12:33
CUST-13229,40,95.8,Silver,South,Health & Beauty,Web,2,304.33,0.05,5.1,Standard,4.1,2026-03-10 14:06:31
CUST-13230,35,88.7,Silver,West,Books & Media,Web,2,88.79,0.0,5.3,Standard,2.9,2026-02-08 03:44:43
CUST-13231,18,31.5,Bronze,South,Home & Kitchen,Mobile App,2,235.73,0.05,7.4,Standard,2.9,2026-02-16 01:20:22
CUST-13232,26,55.8,Silver,East,Health & Beauty,Mobile App,2,350.84,0.15,5.8,Standard,2.7,2026-01-15 09:37:09
CUST-13233,67,88.5,Gold,South,Apparel,Web,4,497.74,0.05,5.2,Standard,3.8,2026-02-07 01:37:07
CUST-13234,23,59.5,Gold,North,Health & Beauty,Mobile App,1,249.02,0.15,2.8,Express,4.0,2026-01-27 16:13:20
CUST-13235,43,79.9,Bronze,West,Apparel,Web,5,481.27,0.15,2.3,Express,3.7,2026-01-01 16:02:10
CUST-13236,55,97.7,Bronze,North,Apparel,In-Store,6,572.72,0.0,5.2,Standard,3.3,2026-01-29 16:42:11
CUST-13237,23,55.3,Silver,East,Home & Kitchen,Mobile App,3,588.09,0.1,6.7,Standard,2.8,2026-03-13 22:44:48
CUST-13238,43,116.3,Platinum,East,Apparel,In-Store,4,796.94,0.0,2.8,Express,4.0,2026-01-07 15:34:38
CUST-13239,54,69.0,Silver,East,Home & Kitchen,In-Store,3,986.73,0.05,5.1,Standard,3.8,2026-01-29 15:11:46
CUST-13240,41,44.4,Bronze,East,Apparel,Web,2,530.55,0.0,6.2,Standard,3.4,2026-01-31 18:54:18
CUST-13241,75,101.6,Bronze,West,Home & Kitchen,Web,8,1020.37,0.2,6.2,Standard,3.0,2026-02-07 08:53:33
CUST-13242,18,22.0,Silver,North,Apparel,Mobile App,1,167.35,0.05,2.7,Express,3.4,2026-01-08 18:20:37
CUST-13243,55,63.1,Bronze,North,Electronics,Web,1,1159.12,0.1,2.9,Express,3.7,2026-02-07 01:58:33
CUST-13244,38,51.8,Gold,East,Health & Beauty,Web,1,374.3,0.1,2.5,Express,4.4,2026-03-01 01:53:45
CUST-13245,51,67.3,Gold,South,Health & Beauty,Web,3,299.11,0.1,6.2,Standard,3.9,2026-03-21 06:53:25
CUST-13246,47,62.4,Silver,North,Health & Beauty,Mobile App,1,327.24,0.1,7.1,Standard,3.2,2026-02-23 15:19:39
CUST-13247,30,65.8,Bronze,South,Home & Kitchen,Mobile App,6,497.4,0.0,7.5,Standard,3.2,2026-02-28 04:59:15
CUST-13248,44,65.8,Gold,North,Home & Kitchen,Web,2,543.11,0.1,3.1,Express,3.5,2026-01-26 20:26:18
CUST-13249,18,42.1,Bronze,East,Home & Kitchen,Web,5,618.47,0.05,2.7,Express,3.6,2026-02-17 20:04:49
CUST-13250,49,92.3,Bronze,West,Electronics,Mobile App,1,1250.61,0.05,6.4,Standard,3.4,2026-01-11 20:44:55
CUST-13251,45,63.0,Platinum,North,Electronics,Web,1,1051.26,0.0,6.4,Standard,3.6,2026-01-23 15:54:28
CUST-13252,49,74.9,Gold,East,Apparel,In-Store,1,637.12,0.0,7.3,Standard,3.8,2026-02-03 22:58:44
CUST-13253,55,91.0,Gold,East,Health & Beauty,Web,1,521.74,0.2,7.3,Standard,4.0,2026-02-03 03:10:37
CUST-13254,46,46.5,Bronze,East,Electronics,Mobile App,2,1566.61,0.0,5.8,Standard,3.6,2026-03-23 04:48:35
CUST-13255,43,36.5,Bronze,East,Health & Beauty,Mobile App,7,590.72,0.05,5.4,Standard,3.5,2026-01-03 06:59:20
CUST-13256,28,61.0,Bronze,West,Home & Kitchen,Web,2,390.87,0.0,1.1,Same-Day,3.8,2026-03-03 03:41:09
CUST-13257,31,66.5,Bronze,West,Home & Kitchen,Mobile App,3,489.23,0.0,5.8,Standard,3.3,2026-01-05 01:43:46
CUST-13258,57,118.7,Gold,East,Electronics,Mobile App,2,2260.76,0.0,7.6,Standard,2.9,2026-01-12 23:05:22
CUST-13259,61,94.5,Bronze,North,Apparel,In-Store,1,473.83,0.05,5.7,Standard,2.9,2026-01-30 04:04:43
CUST-13260,37,78.0,Silver,North,Health & Beauty,Mobile App,2,339.94,0.2,5.5,Standard,3.0,2026-02-12 02:21:59
CUST-13261,41,67.2,Bronze,West,Apparel,Web,1,370.98,0.0,7.4,Standard,2.9,2026-03-24 16:00:51
CUST-13262,28,60.3,Bronze,East,Apparel,Web,5,588.57,0.0,2.3,Express,3.6,2026-02-27 02:19:43
CUST-13263,57,112.7,Platinum,East,Electronics,Web,4,2472.96,0.05,5.7,Standard,4.2,2026-02-19 21:23:58
CUST-13264,50,48.1,Bronze,West,Electronics,Web,2,1102.94,0.05,1.1,Same-Day,4.3,2026-03-08 01:19:06
CUST-13265,68,106.0,Bronze,East,Apparel,Mobile App,3,894.1,0.2,6.6,Standard,2.8,2026-01-08 04:46:37
CUST-13266,28,87.8,Bronze,West,Home & Kitchen,In-Store,1,432.77,0.05,5.9,Standard,3.2,2026-02-27 01:47:04
CUST-13267,35,67.7,Bronze,North,Apparel,Mobile App,3,365.75,0.05,6.3,Standard,2.9,2026-02-16 05:28:18
CUST-13268,44,98.2,Silver,North,Home & Kitchen,Mobile App,5,759.95,0.05,2.4,Express,3.8,2026-01-23 04:41:45
CUST-13269,50,70.6,Bronze,East,Electronics,Mobile App,5,2098.42,0.15,6.6,Standard,3.3,2026-01-11 16:23:32
CUST-13270,37,65.2,Silver,West,Books & Media,In-Store,1,101.38,0.05,6.1,Standard,3.4,2026-02-02 09:58:23
CUST-13271,28,56.3,Gold,North,Books & Media,Web,1,71.34,0.0,7.3,Standard,3.6,2026-02-23 20:07:42
CUST-13272,53,50.0,Silver,South,Electronics,Mobile App,2,1045.53,0.0,0.7,Same-Day,4.2,2026-01-21 04:33:22
CUST-13273,51,63.6,Bronze,North,Apparel,In-Store,8,613.94,0.2,6.2,Standard,2.6,2026-01-05 17:21:21
CUST-13274,28,39.3,Silver,North,Electronics,Web,6,1025.66,0.15,6.6,Standard,2.6,2026-03-10 02:38:35
CUST-13275,59,102.2,Bronze,West,Books & Media,Web,2,192.86,0.0,5.3,Standard,3.0,2026-01-14 22:54:52
CUST-13276,57,100.8,Silver,West,Books & Media,In-Store,4,197.79,0.15,5.4,Standard,3.4,2026-01-04 02:32:45
CUST-13277,42,76.1,Silver,South,Health & Beauty,Mobile App,6,356.99,0.05,7.1,Standard,2.5,2026-03-23 16:51:20
CUST-13278,42,83.6,Bronze,East,Apparel,Web,1,601.18,0.05,5.7,Standard,3.3,2026-02-27 17:29:17
CUST-13279,48,75.3,Gold,South,Apparel,Mobile App,5,448.49,0.0,2.9,Express,4.3,2026-01-27 17:54:37
CUST-13280,28,73.8,Gold,North,Electronics,Web,1,839.31,0.15,5.3,Standard,3.1,2026-01-05 00:05:26
CUST-13281,41,70.2,Gold,North,Apparel,Mobile App,1,376.89,0.0,3.0,Express,3.8,2026-03-08 18:12:36
CUST-13282,18,45.7,Bronze,East,Home & Kitchen,Web,1,383.59,0.1,3.2,Express,4.0,2026-03-06 03:43:48
CUST-13283,53,79.3,Silver,North,Electronics,Web,2,1281.19,0.0,6.0,Standard,3.4,2026-03-27 20:18:24
CUST-13284,19,56.2,Gold,West,Home & Kitchen,Mobile App,5,452.97,0.15,2.7,Express,3.9,2026-02-12 02:57:38
CUST-13285,62,86.9,Bronze,East,Home & Kitchen,Mobile App,2,1107.92,0.0,,Express,3.4,2026-01-30 05:25:29
CUST-13286,36,79.2,Gold,East,Books & Media,In-Store,1,179.27,0.0,3.1,Express,3.3,2026-03-22 01:16:42
CUST-13287,38,49.8,Bronze,South,Apparel,Web,1,277.96,0.0,2.2,Express,4.3,2026-02-04 17:36:13
CUST-13288,32,43.7,Bronze,North,Health & Beauty,In-Store,2,217.96,0.0,2.9,Express,3.7,2026-01-20 03:26:33
CUST-13289,36,74.9,Gold,West,Health & Beauty,Web,3,264.87,0.05,6.8,Standard,4.1,2026-03-20 09:23:53
CUST-13290,60,89.7,Gold,East,Health & Beauty,Mobile App,2,644.19,0.0,2.6,Express,4.2,2026-03-10 18:46:31
CUST-13291,18,38.0,Gold,North,Books & Media,In-Store,1,38.0,0.25,5.6,Standard,3.8,2026-01-31 20:13:30
CUST-13292,58,102.2,Platinum,North,Books & Media,Mobile App,4,194.05,0.05,,Express,5.0,2026-02-12 17:02:48
CUST-13293,45,65.4,Bronze,North,Home & Kitchen,Web,6,668.81,0.05,7.2,Standard,3.5,2026-03-15 01:04:01
CUST-13294,24,48.4,Bronze,West,Electronics,Web,2,768.8,0.0,2.3,Express,4.0,2026-03-19 00:56:46
CUST-13295,25,73.5,Gold,West,Home & Kitchen,Mobile App,3,456.16,0.05,6.5,Standard,3.5,2026-01-21 21:13:38
CUST-13296,64,118.5,Bronze,North,Home & Kitchen,Mobile App,6,929.61,0.0,2.5,Express,3.8,2026-03-06 18:07:34
CUST-13297,27,78.3,Silver,East,Health & Beauty,In-Store,3,438.03,0.1,2.5,Express,3.4,2026-03-18 21:42:22
CUST-13298,24,47.2,Silver,South,Home & Kitchen,Mobile App,3,402.08,0.0,0.8,Same-Day,3.9,2026-02-03 18:24:05
CUST-13299,56,105.1,Bronze,North,Apparel,In-Store,3,545.99,0.1,3.1,Express,3.7,2026-03-02 17:14:20
CUST-13300,45,60.3,Bronze,West,Home & Kitchen,Mobile App,1,499.39,0.05,6.7,Standard,3.5,2026-02-05 20:44:25
CUST-13301,27,41.1,Silver,West,Health & Beauty,In-Store,3,248.65,0.25,3.0,Express,3.5,2026-03-22 01:36:29
CUST-13302,44,38.1,Gold,South,Electronics,Web,5,997.9,0.0,2.8,Express,4.6,2026-03-16 01:44:40
CUST-13303,26,78.7,Silver,East,Apparel,In-Store,1,445.38,0.0,2.9,Express,3.6,2026-02-10 19:02:41
CUST-13304,56,73.6,Silver,West,Home & Kitchen,Web,6,834.69,0.05,1.1,Same-Day,4.4,2026-02-04 05:44:52
CUST-13305,55,83.6,Silver,North,Electronics,In-Store,3,1399.46,0.2,7.5,Standard,3.1,2026-01-25 18:10:29
CUST-13306,48,64.1,Bronze,West,Electronics,Web,2,1147.19,0.1,6.4,Standard,3.3,2026-02-27 02:08:52
CUST-13307,46,86.0,Bronze,South,Apparel,Mobile App,3,401.09,0.0,6.5,Standard,3.4,2026-03-06 14:03:07
CUST-13308,65,90.9,Bronze,East,Health & Beauty,Mobile App,2,643.53,0.05,2.7,Express,4.0,2026-03-18 02:48:38
CUST-13309,40,49.4,Bronze,North,Electronics,In-Store,5,1175.74,0.2,5.9,Standard,3.5,2026-01-22 22:14:32
CUST-13310,24,58.0,Bronze,East,Apparel,Mobile App,2,437.08,0.0,2.4,Express,4.5,2026-03-02 00:26:09
CUST-13311,47,55.2,Bronze,East,Books & Media,Web,6,250.36,0.0,5.2,Standard,3.8,2026-02-23 17:30:17
CUST-13312,70,89.4,Bronze,South,Health & Beauty,Mobile App,2,332.75,0.15,2.9,Express,3.8,2026-01-22 21:49:47
CUST-13313,26,22.0,Bronze,North,Health & Beauty,Web,3,215.8,0.15,2.5,Express,3.6,2026-03-03 03:15:35
CUST-13314,35,42.1,Silver,West,Apparel,Web,12,601.48,0.1,6.1,Standard,3.2,2026-03-08 03:55:40
CUST-13315,46,78.3,Silver,East,Health & Beauty,Web,1,471.7,0.25,3.1,Express,3.0,2026-02-14 17:31:54
CUST-13316,40,39.5,Bronze,North,Electronics,Web,4,1022.32,0.0,2.8,Express,4.0,2026-03-13 20:33:49
CUST-13317,27,32.5,Platinum,West,Books & Media,Mobile App,1,96.79,0.05,5.3,Standard,3.8,2026-03-10 08:05:10
CUST-13318,56,86.6,Bronze,South,Home & Kitchen,In-Store,5,728.71,0.1,7.2,Standard,3.3,2026-03-05 14:43:43
CUST-13319,73,97.1,Gold,South,Apparel,In-Store,3,552.01,0.1,5.7,Standard,4.4,2026-01-10 16:04:07
CUST-13320,43,102.2,Bronze,North,Apparel,Web,7,603.02,0.15,2.8,Express,3.2,2026-03-08 18:56:00
CUST-13321,28,83.3,Gold,West,Electronics,Web,5,1155.38,0.2,6.4,Standard,3.5,2026-01-12 03:23:07
CUST-13322,19,32.9,Bronze,West,Health & Beauty,Web,1,167.39,0.05,5.6,Standard,2.8,2026-01-28 23:48:04
CUST-13323,44,81.8,Gold,North,Apparel,Web,1,377.55,0.0,5.3,Standard,3.1,2026-01-06 03:18:00
CUST-13324,56,97.8,Bronze,East,Home & Kitchen,Web,3,1124.12,0.05,5.6,Standard,3.2,2026-01-13 03:29:02
CUST-13325,47,67.7,Silver,West,Electronics,Web,2,1144.32,0.1,2.3,Express,4.0,2026-02-14 00:11:26
CUST-13326,40,46.6,Bronze,East,Electronics,Mobile App,1,1347.13,0.0,2.5,Express,4.0,2026-03-31 23:04:44
CUST-13327,32,60.0,Bronze,East,Health & Beauty,Mobile App,1,352.86,0.15,7.7,Standard,2.9,2026-01-30 05:27:47
CUST-13328,25,49.9,Gold,East,Books & Media,Mobile App,2,148.14,0.0,2.6,Express,3.6,2026-03-20 00:55:22
CUST-13329,52,75.7,Bronze,West,Health & Beauty,Web,1,305.95,0.0,3.1,Express,3.7,2026-02-05 22:38:43
CUST-13330,53,89.9,Gold,South,Apparel,Mobile App,5,500.29,0.05,6.5,Standard,3.0,2026-02-05 04:33:38
CUST-13331,19,34.6,Bronze,West,Electronics,In-Store,4,710.82,0.1,6.8,Standard,2.5,2026-01-08 14:11:39
CUST-13332,63,77.0,Silver,West,Apparel,Web,4,547.84,0.0,1.0,Same-Day,3.7,2026-01-17 01:22:10
CUST-13333,49,80.5,Silver,East,Apparel,Web,1,638.38,0.1,2.5,Express,4.1,2026-02-12 15:04:44
CUST-13334,60,96.8,Bronze,North,Electronics,Web,1,1366.18,0.05,2.7,Express,3.9,2026-03-11 03:53:10
CUST-13335,22,31.6,Bronze,East,Books & Media,Web,2,70.43,0.0,7.4,Standard,3.0,2026-01-17 03:39:35
CUST-13336,21,62.0,Gold,North,Apparel,Mobile App,12,495.62,0.0,2.2,Express,4.0,2026-02-25 23:36:37
CUST-13337,38,40.2,Gold,South,Electronics,Web,1,695.78,0.1,2.7,Express,4.1,2026-02-11 02:15:30
CUST-13338,48,69.1,Gold,East,Apparel,Mobile App,1,614.03,0.05,2.3,Express,3.8,2026-03-19 03:08:59
CUST-13339,66,93.7,Bronze,East,Home & Kitchen,Web,1,1083.57,0.2,1.1,Same-Day,4.5,2026-01-08 22:32:54
CUST-13340,50,70.5,Silver,West,Books & Media,Mobile App,3,195.59,0.05,0.8,Same-Day,4.8,2026-02-24 04:36:23
CUST-13341,37,57.2,Bronze,South,Apparel,Web,3,321.23,0.0,2.9,Express,3.9,2026-03-31 21:32:18
CUST-13342,26,81.7,Bronze,North,Home & Kitchen,Mobile App,1,416.93,0.0,5.4,Standard,3.5,2026-01-06 04:48:52
CUST-13343,58,76.0,Gold,South,Electronics,Web,2,1129.75,0.0,1.0,Same-Day,4.5,2026-01-10 00:00:31
CUST-13344,27,91.3,Bronze,West,Health & Beauty,Web,3,295.1,0.05,6.3,Standard,2.5,2026-03-07 21:46:39
CUST-13345,63,100.9,Bronze,South,Health & Beauty,In-Store,2,379.53,0.05,,Express,3.3,2026-03-12 08:36:37
CUST-13346,37,67.1,Bronze,East,Home & Kitchen,Mobile App,3,776.27,0.15,,Standard,3.0,2026-01-30 18:08:16
CUST-13347,63,101.4,Silver,East,Electronics,Web,4,2516.2,0.0,2.6,Express,3.6,2026-03-23 04:17:49
CUST-13348,50,117.9,Gold,South,Home & Kitchen,Mobile App,3,635.44,0.0,6.2,Standard,3.4,2026-03-06 21:37:34
CUST-13349,39,53.0,Silver,South,Home & Kitchen,Mobile App,3,449.56,0.0,2.3,Express,3.8,2026-01-30 21:20:11
CUST-13350,33,44.5,Silver,East,Health & Beauty,Mobile App,5,454.64,0.0,7.1,Standard,2.6,2026-02-16 22:43:14
CUST-13351,36,53.3,Gold,East,Health & Beauty,Web,6,506.41,0.05,5.7,Standard,4.4,2026-03-29 18:13:38
CUST-13352,46,76.1,Silver,East,Books & Media,In-Store,2,227.66,0.2,2.9,Express,3.2,2026-01-31 22:38:12
CUST-13353,42,45.3,Bronze,East,Electronics,Web,1,1382.53,0.1,,Express,4.0,2026-03-01 20:38:29
CUST-13354,32,60.5,Bronze,East,Health & Beauty,Web,4,459.49,0.15,6.7,Standard,2.9,2026-03-17 04:50:41
CUST-13355,38,92.2,Bronze,South,Home & Kitchen,Web,1,448.66,0.0,5.1,Standard,3.4,2026-03-22 00:05:18
CUST-13356,42,73.5,Silver,North,Books & Media,Mobile App,7,152.45,0.0,7.4,Standard,3.0,2026-01-10 03:02:08
CUST-13357,18,40.4,Gold,North,Apparel,In-Store,1,175.48,0.0,2.4,Express,4.3,2026-03-18 02:47:56
CUST-13358,47,67.4,Bronze,North,Apparel,In-Store,6,540.57,0.0,1.2,Same-Day,3.6,2026-02-23 17:47:27
CUST-13359,27,68.2,Bronze,West,Apparel,Mobile App,3,353.6,0.05,3.0,Express,3.5,2026-03-03 04:17:43
CUST-13360,24,39.0,Gold,South,Electronics,In-Store,4,755.49,0.0,6.5,Standard,3.6,2026-03-05 14:36:59
CUST-13361,18,72.5,Gold,North,Apparel,Mobile App,2,297.42,0.15,5.9,Standard,3.7,2026-03-21 21:19:42
CUST-13362,18,73.8,Silver,West,Books & Media,Mobile App,12,165.9,0.25,1.0,Same-Day,3.7,2026-01-06 17:28:55
CUST-13363,22,53.1,Bronze,North,Electronics,In-Store,1,659.94,0.0,5.8,Standard,3.6,2026-02-14 23:35:24
CUST-13364,31,58.9,Bronze,West,Electronics,Web,1,809.84,0.1,3.1,Express,2.8,2026-03-06 19:15:39
CUST-13365,68,115.3,Bronze,South,Electronics,Mobile App,1,1410.0,0.1,5.4,Standard,3.1,2026-03-19 02:03:40
CUST-13366,33,77.7,Bronze,South,Apparel,Mobile App,7,407.38,0.0,2.6,Express,3.4,2026-02-07 05:55:03
CUST-13367,43,60.2,Bronze,West,Health & Beauty,In-Store,2,303.84,0.2,2.3,Express,3.8,2026-04-01 02:44:51
CUST-13368,46,67.7,Silver,North,Electronics,In-Store,3,1199.51,0.0,5.0,Standard,3.7,2026-03-14 20:13:36
CUST-13369,42,51.4,Bronze,East,Electronics,In-Store,3,1641.23,0.1,2.5,Express,3.3,2026-01-18 01:16:06
CUST-13370,39,74.0,Bronze,North,Health & Beauty,In-Store,5,375.43,0.0,5.2,Standard,4.1,2026-01-26 04:34:40
CUST-13371,24,61.4,Bronze,West,Health & Beauty,Mobile App,3,245.46,0.05,7.7,Standard,2.9,2026-02-19 18:56:03
CUST-13372,61,71.9,Silver,East,Electronics,Web,2,2080.24,0.05,7.1,Standard,3.1,2026-03-12 15:34:22
CUST-13373,66,90.8,Silver,West,Books & Media,Web,3,203.89,0.15,5.0,Standard,2.8,2026-01-31 16:48:43
CUST-13374,18,24.6,Silver,North,Home & Kitchen,Mobile App,4,379.26,0.0,5.6,Standard,3.2,2026-02-01 22:44:43
CUST-13375,26,40.1,Bronze,East,Books & Media,Mobile App,1,81.42,0.0,2.9,Express,4.0,2026-02-18 02:31:05
CUST-13376,37,74.0,Bronze,South,Apparel,Mobile App,1,277.07,0.05,6.1,Standard,3.2,2026-03-25 01:52:44
CUST-13377,27,43.7,Bronze,East,Health & Beauty,Web,1,314.7,0.0,7.2,Standard,3.0,2026-01-17 22:51:08
CUST-13378,48,73.3,Bronze,South,Electronics,In-Store,2,1047.91,0.1,6.4,Standard,3.0,2026-03-03 02:09:56
CUST-13379,30,33.6,Gold,North,Apparel,Web,2,275.97,0.1,6.8,Standard,3.0,2026-02-27 01:28:08
CUST-13380,71,105.9,Platinum,West,Apparel,In-Store,3,631.74,0.15,6.6,Standard,3.4,2026-02-27 01:55:20
CUST-13381,57,87.0,Silver,West,Apparel,In-Store,8,639.25,0.1,6.7,Standard,3.4,2026-03-11 17:58:02
CUST-13382,43,61.4,Gold,North,Health & Beauty,Mobile App,1,269.78,0.2,2.4,Express,4.6,2026-03-30 19:11:12
CUST-13383,55,82.7,Silver,North,Home & Kitchen,Mobile App,4,745.19,0.1,0.7,Same-Day,4.4,2026-02-02 20:58:37
CUST-13384,56,89.3,Bronze,North,Electronics,Mobile App,2,1367.34,0.2,2.3,Express,3.5,2026-01-20 03:08:17
CUST-13385,33,49.1,Platinum,West,Apparel,Mobile App,1,273.06,0.0,6.6,Standard,3.9,2026-01-16 03:25:54
CUST-13386,29,34.8,Bronze,West,Apparel,Web,3,307.26,0.05,1.1,Same-Day,4.4,2026-02-04 18:20:45
CUST-13387,42,98.3,Silver,South,Health & Beauty,Web,8,419.56,0.25,7.1,Standard,2.5,2026-02-18 13:00:30
CUST-13388,53,73.8,Bronze,East,Home & Kitchen,Web,1,910.41,0.1,5.6,Standard,3.6,2026-02-06 03:35:28
CUST-13389,42,69.7,Bronze,West,Home & Kitchen,Web,2,583.26,0.15,6.2,Standard,2.9,2026-02-23 21:18:54
CUST-13390,18,60.0,Silver,West,Home & Kitchen,Web,1,344.81,0.0,5.5,Standard,2.9,2026-02-05 17:05:01
CUST-13391,29,109.8,Bronze,North,Books & Media,Web,1,149.12,0.15,1.2,Same-Day,4.0,2026-02-22 15:46:30
CUST-13392,39,49.2,Bronze,North,Home & Kitchen,Mobile App,3,573.2,0.1,7.3,Standard,2.5,2026-03-01 09:17:37
CUST-13393,39,74.6,Bronze,West,Apparel,In-Store,5,446.04,0.0,3.0,Express,3.0,2026-03-15 21:36:51
CUST-13394,68,89.2,Bronze,East,Health & Beauty,Mobile App,4,716.03,0.0,7.5,Standard,2.9,2026-02-13 19:07:06
CUST-13395,21,40.0,Platinum,East,Books & Media,In-Store,2,145.04,0.0,3.2,Express,4.7,2026-02-03 02:10:39
CUST-13396,48,67.0,Gold,West,Books & Media,Mobile App,6,171.87,0.2,3.0,Express,4.6,2026-02-14 06:04:09
CUST-13397,61,75.2,Silver,West,Health & Beauty,Mobile App,1,375.5,0.1,5.8,Standard,3.4,2026-02-24 17:20:12
CUST-13398,72,103.6,Bronze,South,Books & Media,Web,4,172.72,0.2,2.4,Express,4.5,2026-03-15 17:39:58
CUST-13399,35,41.4,Gold,West,Books & Media,Web,2,122.65,0.05,2.6,Express,4.7,2026-02-13 19:42:00
CUST-13400,47,90.9,Bronze,East,Health & Beauty,In-Store,6,619.56,0.2,3.2,Express,3.9,2026-02-20 22:20:36
CUST-13401,48,78.6,Bronze,South,Electronics,In-Store,4,1176.61,0.05,2.6,Express,3.9,2026-03-28 02:19:24
CUST-13402,43,78.6,Bronze,West,Apparel,Mobile App,6,500.12,0.0,2.4,Express,4.2,2026-02-20 20:41:29
CUST-13403,39,60.9,Gold,North,Home & Kitchen,Web,1,455.51,0.0,7.5,Standard,2.6,2026-03-28 15:08:01
CUST-13404,47,71.2,Bronze,East,Apparel,Mobile App,3,622.13,0.25,2.6,Express,3.6,2026-01-08 02:01:35
CUST-13405,18,49.1,Bronze,West,Books & Media,Web,4,53.27,0.0,6.9,Standard,2.3,2026-03-27 03:48:23
CUST-13406,50,62.5,Silver,South,Books & Media,Web,4,124.49,0.0,7.1,Standard,3.2,2026-01-01 18:03:11
CUST-13407,42,65.8,Bronze,North,Books & Media,Mobile App,2,146.51,0.0,3.0,Express,3.4,2026-01-13 16:25:04
CUST-13408,37,52.8,Silver,West,Health & Beauty,Mobile App,1,255.7,0.0,7.2,Standard,4.0,2026-03-14 23:11:55
CUST-13409,69,87.5,Silver,North,Apparel,Mobile App,1,528.64,0.15,7.3,Standard,2.7,2026-02-17 17:18:14
CUST-13410,31,27.5,Bronze,South,Books & Media,In-Store,1,52.25,0.05,6.8,Standard,3.0,2026-03-25 20:56:41
CUST-13411,35,83.6,Bronze,East,Home & Kitchen,Mobile App,5,949.96,0.1,6.1,Standard,3.0,2026-02-17 03:18:57
CUST-13412,68,89.5,Bronze,West,Apparel,Mobile App,5,577.87,0.2,6.8,Standard,2.8,2026-02-16 17:18:48
CUST-13413,29,74.4,Gold,South,Electronics,Web,1,682.74,0.05,1.3,Same-Day,4.0,2026-01-11 03:57:45
CUST-13414,33,77.3,Gold,East,Health & Beauty,Web,7,566.11,0.15,5.9,Standard,3.2,2026-01-27 02:28:06
CUST-13415,38,47.5,Bronze,North,Home & Kitchen,Mobile App,1,417.34,0.0,2.5,Express,3.0,2026-02-19 17:38:53
CUST-13416,52,65.9,Bronze,North,Books & Media,Mobile App,2,176.62,0.25,5.9,Standard,3.3,2026-02-16 23:44:01
CUST-13417,43,110.7,Bronze,North,Home & Kitchen,Web,1,604.06,0.0,2.8,Express,3.5,2026-02-14 01:59:54
CUST-13418,22,75.5,Silver,West,Electronics,Web,5,1056.69,0.1,0.9,Same-Day,4.7,2026-01-01 17:33:02
CUST-13419,33,60.8,Silver,West,Apparel,Mobile App,4,360.09,0.1,7.1,Standard,2.5,2026-03-04 16:58:03
CUST-13420,32,64.1,Bronze,North,Apparel,Mobile App,2,337.72,0.0,2.3,Express,4.3,2026-01-17 23:07:47
CUST-13421,39,58.4,Silver,East,Health & Beauty,Mobile App,3,452.61,0.05,0.6,Same-Day,4.6,2026-01-18 02:05:15
CUST-13422,46,82.1,Silver,West,Electronics,Mobile App,1,1158.32,0.0,2.4,Express,4.2,2026-02-08 22:31:26
CUST-13423,46,64.8,Platinum,East,Health & Beauty,Web,2,480.57,0.0,6.6,Standard,4.0,2026-02-12 14:27:21
CUST-13424,18,22.0,Bronze,East,Health & Beauty,Mobile App,2,251.91,0.05,2.5,Express,3.6,2026-03-18 05:10:02
CUST-13425,55,65.7,Bronze,South,Health & Beauty,In-Store,1,271.24,0.25,2.6,Express,4.2,2026-02-11 02:27:48
CUST-13426,44,73.7,Bronze,West,Apparel,Web,5,463.97,0.05,7.5,Standard,2.6,2026-01-16 01:31:57
CUST-13427,60,74.0,Gold,South,Health & Beauty,Mobile App,3,356.94,0.05,7.3,Standard,3.5,2026-01-02 01:40:16
CUST-13428,47,75.7,Gold,East,Apparel,Mobile App,1,634.95,0.0,7.3,Standard,3.4,2026-02-27 21:07:21
CUST-13429,56,70.5,Silver,North,Electronics,Mobile App,1,1165.73,0.0,6.6,Standard,2.7,2026-02-24 07:19:51
CUST-13430,47,65.0,Bronze,East,Apparel,Web,1,570.65,0.05,,Express,3.7,2026-03-16 16:23:06
CUST-13431,59,102.7,Bronze,South,Health & Beauty,In-Store,1,342.73,0.25,7.1,Standard,3.2,2026-01-06 02:51:56
CUST-13432,48,81.5,Bronze,South,Electronics,Mobile App,2,1019.55,0.15,7.6,Standard,2.5,2026-03-03 21:26:29
CUST-13433,39,67.8,Silver,East,Home & Kitchen,In-Store,1,719.37,0.0,2.3,Express,3.9,2026-03-24 04:46:07
CUST-13434,72,117.4,Bronze,South,Electronics,Web,3,1532.28,0.05,5.1,Standard,2.5,2026-03-24 02:52:18
CUST-13435,53,90.5,Bronze,East,Apparel,Mobile App,2,662.75,0.05,5.5,Standard,2.8,2026-03-29 00:58:06
CUST-13436,49,100.6,Silver,North,Electronics,Mobile App,1,1238.6,0.1,7.5,Standard,2.7,2026-03-13 05:57:00
CUST-13437,23,43.4,Bronze,South,Books & Media,Web,7,105.85,0.1,6.6,Standard,3.1,2026-02-16 05:10:15
CUST-13438,22,42.8,Silver,South,Home & Kitchen,Web,1,261.96,0.15,6.2,Standard,3.4,2026-03-31 13:46:49
CUST-13439,45,55.0,Bronze,South,Health & Beauty,Mobile App,2,273.49,0.0,6.4,Standard,3.1,2026-03-06 17:22:56
CUST-13440,43,65.9,Gold,West,Home & Kitchen,Web,2,517.65,0.2,7.2,Standard,3.6,2026-01-29 02:21:57
CUST-13441,32,74.7,Silver,East,Health & Beauty,Mobile App,1,430.79,0.0,3.1,Express,3.6,2026-03-26 05:04:39
CUST-13442,42,90.7,Gold,East,Apparel,Web,1,597.21,0.05,2.9,Express,4.3,2026-02-10 21:47:30
CUST-13443,63,108.7,Silver,West,Home & Kitchen,Web,1,773.67,0.2,7.1,Standard,3.0,2026-01-23 12:33:38
CUST-13444,50,53.1,Platinum,South,Home & Kitchen,Mobile App,5,542.77,0.05,2.5,Express,4.5,2026-02-02 01:30:26
CUST-13445,25,68.7,Gold,East,Apparel,Web,4,502.09,0.0,2.7,Express,4.1,2026-02-27 17:46:09
CUST-13446,39,40.3,Silver,North,Books & Media,In-Store,3,139.75,0.0,7.4,Standard,3.1,2026-02-09 00:36:33
CUST-13447,29,70.4,Platinum,West,Home & Kitchen,In-Store,2,441.5,0.05,1.3,Same-Day,5.0,2026-03-23 20:46:46
CUST-13448,35,58.0,Bronze,West,Books & Media,Mobile App,2,89.37,0.0,0.8,Same-Day,4.5,2026-02-03 00:25:13
CUST-13449,35,74.0,Bronze,North,Books & Media,Mobile App,1,70.23,0.05,5.2,Standard,2.9,2026-02-28 05:22:01
CUST-13450,34,42.4,Bronze,West,Electronics,In-Store,1,800.65,0.0,5.1,Standard,2.9,2026-03-30 22:42:38
CUST-13451,23,67.9,Silver,South,Home & Kitchen,Web,1,337.16,0.15,5.4,Standard,3.0,2026-02-01 11:37:54
CUST-13452,39,45.9,Silver,East,Electronics,In-Store,2,1430.35,0.0,6.6,Standard,3.0,2026-02-20 00:37:21
CUST-13453,33,51.3,Gold,South,Home & Kitchen,Web,1,341.86,0.1,1.2,Same-Day,4.5,2026-02-20 19:31:25
CUST-13454,18,29.8,Bronze,East,Home & Kitchen,Web,1,349.47,0.05,1.4,Same-Day,4.4,2026-03-19 03:04:43
CUST-13455,69,74.6,Bronze,East,Health & Beauty,Mobile App,1,618.47,0.05,6.9,Standard,3.4,2026-01-19 22:24:04
CUST-13456,56,88.0,Bronze,North,Electronics,Mobile App,2,1328.48,0.0,2.5,Express,3.8,2026-01-04 02:32:37
CUST-13457,35,90.6,Silver,South,Electronics,Web,2,919.75,0.1,2.4,Express,3.7,2026-01-18 04:51:15
CUST-13458,41,110.1,Bronze,East,Electronics,Web,1,1807.77,0.1,7.3,Standard,3.1,2026-02-12 20:06:11
CUST-13459,24,52.9,Gold,West,Apparel,Mobile App,1,196.88,0.0,2.7,Express,4.6,2026-01-30 07:15:40
CUST-13460,64,112.2,Bronze,West,Books & Media,Web,1,205.97,0.15,1.2,Same-Day,4.2,2026-02-13 16:48:51
CUST-13461,67,102.2,Bronze,East,Books & Media,Mobile App,1,325.01,0.15,6.5,Standard,2.9,2026-02-22 01:28:43
CUST-13462,43,79.8,Gold,South,Books & Media,Mobile App,1,138.15,0.0,5.3,Standard,3.5,2026-01-28 11:59:41
CUST-13463,55,80.4,Silver,North,Health & Beauty,Web,1,366.44,0.1,5.2,Standard,2.9,2026-03-25 17:58:16
CUST-13464,43,75.2,Bronze,East,Apparel,Web,3,631.98,0.05,6.0,Standard,3.2,2026-02-04 01:14:24
CUST-13465,22,57.3,Silver,West,Electronics,Mobile App,2,721.23,0.0,6.0,Standard,3.3,2026-03-21 13:19:23
CUST-13466,35,54.8,Bronze,North,Electronics,Mobile App,1,792.76,0.0,6.8,Standard,3.2,2026-02-23 15:21:10
CUST-13467,42,70.0,Platinum,West,Books & Media,Web,1,127.77,0.2,6.7,Standard,4.3,2026-01-02 18:09:17
CUST-13468,34,61.5,Silver,North,Books & Media,Web,1,97.76,0.05,3.2,Express,4.1,2026-01-18 00:07:35
CUST-13469,37,78.1,Bronze,East,Home & Kitchen,Web,1,724.26,0.2,7.3,Standard,2.4,2026-03-25 09:54:02
CUST-13470,39,51.9,Silver,North,Apparel,Web,10,535.15,0.1,6.3,Standard,3.2,2026-01-18 22:31:18
CUST-13471,39,67.1,Bronze,East,Apparel,Mobile App,5,668.0,0.0,2.7,Express,3.9,2026-01-29 01:27:05
CUST-13472,41,98.8,Gold,South,Health & Beauty,Mobile App,1,265.99,0.0,2.9,Express,4.2,2026-01-28 21:08:22
CUST-13473,26,71.1,Gold,West,Electronics,Mobile App,3,961.11,0.1,5.3,Standard,3.5,2026-02-21 14:30:39
CUST-13474,30,78.2,Gold,West,Books & Media,In-Store,1,127.57,0.05,7.7,Standard,3.8,2026-01-17 01:22:06
CUST-13475,23,50.7,Bronze,South,Apparel,Web,1,228.9,0.0,2.7,Express,3.5,2026-02-03 01:18:46
CUST-13476,54,89.2,Bronze,East,Electronics,Mobile App,3,2132.23,0.1,7.5,Standard,2.1,2026-03-26 23:31:43
CUST-13477,18,59.8,Bronze,West,Books & Media,Mobile App,1,90.59,0.15,7.6,Standard,2.8,2026-01-06 02:09:46
CUST-13478,57,111.1,Silver,West,Apparel,Mobile App,2,503.66,0.1,6.6,Standard,2.9,2026-02-14 17:19:08
CUST-13479,60,61.7,Silver,West,Books & Media,Mobile App,3,188.7,0.0,5.3,Standard,3.9,2026-02-07 02:34:01
CUST-13480,36,44.9,Silver,South,Home & Kitchen,Mobile App,2,386.11,0.0,6.5,Standard,3.2,2026-03-23 16:56:57
CUST-13481,18,64.4,Gold,North,Home & Kitchen,Mobile App,9,564.13,0.2,6.6,Standard,3.4,2026-02-21 20:30:51
CUST-13482,35,59.3,Bronze,East,Books & Media,Web,4,202.63,0.15,3.0,Express,3.6,2026-03-05 14:10:46
CUST-13483,40,58.9,Bronze,North,Home & Kitchen,Mobile App,4,562.99,0.0,2.2,Express,3.7,2026-03-04 03:42:49
CUST-13484,26,34.8,Bronze,West,Apparel,Mobile App,2,308.48,0.15,0.7,Same-Day,4.8,2026-01-05 23:39:44
CUST-13485,33,53.0,Bronze,South,Books & Media,In-Store,1,100.24,0.0,7.5,Standard,3.1,2026-01-12 06:09:47
CUST-13486,62,72.2,Bronze,West,Home & Kitchen,Mobile App,4,797.87,0.0,7.7,Standard,2.3,2026-03-28 05:08:46
CUST-13487,50,111.4,Silver,North,Electronics,Mobile App,12,2072.56,0.0,2.4,Express,3.7,2026-03-29 07:41:10
CUST-13488,28,55.5,Bronze,West,Health & Beauty,Mobile App,2,234.42,0.0,7.4,Standard,2.9,2026-03-31 15:09:02
CUST-13489,18,43.9,Bronze,West,Home & Kitchen,In-Store,10,569.14,0.15,5.4,Standard,2.8,2026-01-04 01:49:41
CUST-13490,36,73.4,Gold,West,Health & Beauty,In-Store,1,225.53,0.05,7.3,Standard,2.8,2026-02-20 21:36:48
CUST-13491,38,81.2,Bronze,East,Health & Beauty,Mobile App,1,414.04,0.0,5.7,Standard,3.4,2026-03-01 23:36:29
CUST-13492,47,90.9,Silver,North,Apparel,Mobile App,1,436.32,0.15,7.6,Standard,2.6,2026-03-07 19:06:07
CUST-13493,33,77.4,Bronze,West,Apparel,Web,2,343.15,0.15,6.9,Standard,3.4,2026-02-26 13:19:36
CUST-13494,48,68.3,Silver,South,Apparel,Mobile App,4,416.88,0.0,0.7,Same-Day,4.1,2026-01-18 02:19:20
CUST-13495,68,95.3,Platinum,East,Apparel,Mobile App,1,763.28,0.1,5.8,Standard,3.9,2026-01-04 06:07:07
CUST-13496,52,93.7,Bronze,North,Health & Beauty,Mobile App,6,467.3,0.1,0.6,Same-Day,3.2,2026-01-03 23:16:46
CUST-13497,40,61.1,Silver,South,Books & Media,Web,2,139.11,0.1,2.9,Express,4.1,2026-02-09 19:37:10
CUST-13498,38,66.7,Gold,North,Electronics,Mobile App,2,965.43,0.1,7.4,Standard,3.5,2026-03-22 05:24:40
CUST-13499,36,70.6,Silver,South,Home & Kitchen,Web,4,507.14,0.0,3.0,Express,3.5,2026-03-17 20:12:56
